row_id,1161364,116570,1176823,1491113,1595929,209233,22930,22956,22961,22967,22973,22983,22985,23150,23154,23158,23176,23724,24279,24285,24287,24321,244024,25073,25092,25214,326272,41970,43435,47144,47158son01,47158son02,47158son03,47158son04,47158son05,47158son06,47158son07,47158son08,47158son09,47158son10,47158son11,47158son12,47158son13,47158son14,47158son15,47158son16,47158son17,47158son18,47158son19,47158son20,47158son21,47158son22,47158son23,47158son24,47158son25,476521,516975,517063,555123,555145,555146,64898,65377,65380,66971,67107,67252,70711,738183,74113,74580,760266,ashgre1,astcra1,bafcur1,baffal1,banana,barant1,batbel1,baymac,bbwduc,bcwfin2,bkcdon,bkhpar,blchaw1,blheag1,blttit1,bncfly,bobfly1,brcmar1,brnowl,bucmot4,bucpar,bufpar,bunibi1,burowl,camfli1,chacha1,chbmoc1,chobla1,chvcon1,cibspi1,coffal1,compau,compot1,crbthr1,crebec1,dwatin1,epaori4,eulfly1,fabwre1,fepowl,ficman1,flawar1,fotfly,fusfly1,gilhum1,giwrai1,glteme1,grasal3,greani1,greant1,greela,grekis,grepot1,gretho2,greyel,grfdov1,grhtan1,gycwor1,horscr1,houspa,hyamac1,larela1,lesela1,lesgrf1,limpki,linwoo1,litcuc2,litnig1,mabpar,magant1,magtan2,masgna1,nacnig1,ocecra1,oliwoo1,orbtro3,orwpar,osprey,pabspi1,palhor3,paltan1,phecuc1,picpig2,pirfly1,plasla1,platyr1,plcjay1,pluibi1,purjay1,pvttyr1,ragmac1,rebscy1,recfin1,redjun,relser1,rinkin1,rivwar1,roahaw,rubthr1,rufcac2,rufcas2,rufgna3,rufhor2,rufnig1,ruftho1,ruftof1,rumfly1,ruther1,rutjac1,sabspa1,saffin,saytan1,scadov1,schpar1,scther1,shcfly1,shshaw,shtnig1,sibtan2,smbani,smbtin1,sobcac1,sobtyr1,socfly1,sofspi1,souant1,soulap1,souscr1,spbant3,spispi1,sptnig1,squcuc1,stbwoo2,strcuc1,strher2,strowl1,swthum1,swtman1,tattin1,thlwre1,toctou1,trokin,trsowl,undtin1,varant1,watjac1,wesfie1,wfwduc1,whbant2,whbwar2,whiwoo1,whlspi1,whnjay1,whtdov,whwpic1,y00678,yebcar,yebela1,yecmac,yecpar,yehcar1,yeofly1
BC2026_Train_0001_S08_20250606_030007_5,0.102530636,0.2036958,0.028064067,7.968954e-07,3.0182917e-08,0.29340902,0.013403201,0.07720432,8.022143e-09,9.78757e-10,9.370729e-07,0.029670108,0.011033965,1.0037323e-08,3.640898e-07,3.4271488e-10,0.02179582,0.000488961,8.89242e-09,0.14993145,0.17953415,1.1055845e-10,0.12877323,7.3029156e-07,2.1445154e-05,3.164742e-05,1.05120364e-10,0.55327487,8.040406e-05,0.004630912,0.011649441,5.4765087e-06,0.00026551035,0.0001623495,0.0031741466,1.6151516e-05,1.07195206e-07,0.00053703884,3.7532936e-06,0.30300513,0.003874101,1.2690736e-06,0.83804345,8.271425e-06,0.0005185382,0.0005185382,0.5013704,0.00075820717,2.0089592e-05,0.001032865,0.71355677,0.7658467,0.7658467,6.8212334e-09,0.75761414,6.181752e-08,0.0017794808,1.3989342e-09,0.00018657156,0.29522514,5.0096554e-05,0.001233706,2.263916e-07,8.311338e-05,8.2753254e-10,1.7419274e-10,1.3696398e-07,0.0044595525,0.0008704346,0.0013484302,2.0104004e-05,0.0010357015,0.17351171,0.27714005,0.012920326,0.19104397,0.15411477,0.64413935,0.35192055,0.2487118,0.21854581,0.0762268,0.46059775,0.07910734,0.22712013,0.49412036,0.4227684,0.5200208,0.33863312,0.17059274,0.6228477,0.5476094,0.18662108,0.00028438965,0.006972758,0.3284821,0.40996212,0.0073880306,0.4050938,0.4314244,0.00051769026,0.084221795,0.67834955,0.01061098,0.78296643,0.3511182,0.287266,0.18089776,0.39161688,0.37749386,0.42868027,0.8431963,0.2794518,0.47532833,0.23694633,0.074661724,0.2678768,0.2834203,0.09106774,0.52001446,0.42125496,0.5845378,0.62314403,0.06495341,0.7505627,0.35232955,0.53521705,0.18210262,0.23915587,0.14192735,0.23257323,0.57952255,0.00047482396,0.30721992,0.54037184,0.22457598,0.07612537,0.6800806,0.362334,8.568425e-05,0.037225142,9.201793e-07,0.39689752,0.30622792,0.016187571,0.5732774,0.63812965,0.07694348,0.0021501991,0.54219437,0.18890561,0.4957702,0.33967385,0.43020374,0.20391838,0.28687906,0.09396322,0.20476142,0.010776824,0.19841881,2.1085154e-06,0.41195133,0.2939807,0.6449798,0.34723046,0.004708186,0.210964,0.23140468,0.28838995,0.80526626,0.5723817,0.011852083,0.45551974,0.4168527,0.017696448,0.8041196,0.18032078,0.37921253,0.44402322,0.21166153,0.20854819,0.06026271,0.21220753,0.17718793,0.13077442,0.12366846,0.018952016,0.3605799,0.50509983,0.5826762,0.02276935,0.5578624,0.30168098,0.50739557,0.41764888,0.3106351,0.3952305,0.5488491,0.44348928,0.16964471,0.38970906,0.26849157,0.20460035,0.4928892,0.40049395,0.92160183,0.023866743,0.9191351,0.14687209,0.32707182,0.39624366,0.058327872,0.28704986,0.32213172,0.011984051,0.0019678907,0.3116129,0.3396697,0.34542066,0.012477973,0.18438382,0.19981116,0.14694849,0.14380485,0.069883645,0.012444899,0.27306047,0.2575532,0.08914579,0.65147644,0.097873226,0.09244117,0.40621224,0.6380605
BC2026_Train_0001_S08_20250606_030007_10,0.11964116,0.21946116,0.023559835,7.949703e-07,2.8033037e-08,0.301797,0.011346487,0.08340452,5.703488e-09,1.057e-09,1.1064337e-06,0.025178758,0.011462151,1.07831655e-08,3.3209204e-07,3.0612324e-10,0.007775398,0.0005436877,6.01686e-09,0.13343087,0.17656234,1.25718e-10,0.12548867,1.718014e-06,1.5203271e-05,2.9744224e-05,7.489716e-11,0.5687839,8.2742954e-05,0.004422901,0.010626666,4.551679e-06,0.00022017716,0.00015267062,0.0031911815,1.3554549e-05,8.301229e-08,0.00046795007,2.9971748e-06,0.3105559,0.00351704,8.8390885e-07,0.8399239,6.9158664e-06,0.00043245684,0.00043245684,0.5149359,0.00064719585,1.6768989e-05,0.00088585867,0.7220333,0.7674989,0.7674989,5.4663882e-09,0.7551561,5.8689604e-08,0.0017776618,1.6555973e-09,0.00016826905,0.31291136,5.8270387e-05,0.0014319889,1.9757542e-07,5.736362e-05,9.1930746e-10,1.6828673e-10,1.4719429e-07,0.0039576464,0.00090474257,0.001351827,2.0112018e-05,0.0013494125,0.2077469,0.29290563,0.013063312,0.1895657,0.1713275,0.5581004,0.40989438,0.28035536,0.20629348,0.070908375,0.4787906,0.07586065,0.19699867,0.52290165,0.54870886,0.44516483,0.43525198,0.1682461,0.60425663,0.55670136,0.24013461,0.00029368204,0.010486262,0.40213817,0.274178,0.0061346623,0.30025825,0.2846837,0.00036865787,0.07357759,0.70512944,0.011032409,0.78394985,0.26862723,0.25909507,0.19164056,0.2929207,0.38705668,0.39447245,0.8722396,0.27886662,0.5195547,0.16538769,0.060582746,0.3410932,0.3264395,0.11096929,0.50349253,0.43001837,0.541865,0.48319802,0.059061985,0.81583935,0.34053713,0.43535924,0.19873957,0.24994516,0.17347819,0.24764082,0.5690351,0.00051530864,0.29908356,0.47071347,0.16616368,0.072863296,0.64772564,0.33347958,6.996456e-05,0.029334221,1.1312308e-06,0.37646273,0.27048877,0.014931,0.43566608,0.6745509,0.06400004,0.0026206553,0.45173833,0.14698505,0.37314752,0.2508036,0.55321306,0.2045737,0.3106903,0.1019975,0.20666845,0.012405024,0.19874775,1.5674262e-06,0.36394736,0.25990117,0.73643345,0.33595306,0.005482498,0.2025789,0.22128515,0.25985515,0.8225346,0.45550147,0.009307642,0.46595046,0.40115026,0.010384526,0.7894537,0.16301113,0.43905476,0.45107636,0.22155106,0.19327348,0.053773537,0.2643884,0.13901514,0.13085905,0.10538819,0.0144004375,0.41544616,0.6081643,0.6369881,0.020852024,0.5396593,0.34281418,0.47977492,0.41790992,0.26764867,0.27088985,0.64693683,0.37272692,0.19783679,0.5245227,0.20956054,0.18579875,0.42578962,0.372699,0.9633845,0.025923397,0.92073506,0.10746772,0.31999546,0.40849954,0.04717226,0.24930255,0.3137229,0.013994197,0.0016984094,0.35956556,0.34854266,0.34572357,0.013157372,0.15657009,0.19558509,0.103423476,0.13565122,0.08583278,0.011375269,0.34451,0.28374016,0.053534772,0.53680617,0.10292864,0.08728273,0.45754287,0.6238643
BC2026_Train_0001_S08_20250606_030007_15,0.1145781,0.19259673,0.025400821,7.0016404e-07,2.8385466e-08,0.28522834,0.012233092,0.06967342,6.630069e-09,1.1574992e-09,7.392272e-07,0.026303021,0.009902203,1.0117281e-08,3.4699994e-07,3.8591108e-10,0.018438874,0.00052599225,6.5495867e-09,0.14479911,0.191852,9.6993996e-11,0.1723252,7.7354747e-07,1.7971413e-05,3.386477e-05,1.2091575e-10,0.5328672,7.80725e-05,0.004742425,0.011717584,4.4510216e-06,0.00019586743,0.00016371276,0.0031753809,1.3158514e-05,8.327992e-08,0.00043163588,2.9778907e-06,0.28892043,0.003065392,8.399897e-07,0.83858347,6.6706616e-06,0.00041099798,0.00041099798,0.4855426,0.0006209925,1.4766091e-05,0.0008192878,0.7238416,0.767471,0.767471,5.207298e-09,0.7448562,6.2852855e-08,0.0017817956,1.6295896e-09,0.00015039108,0.34041312,7.530368e-05,0.001338576,2.6356537e-07,6.323873e-05,7.927433e-10,1.4531623e-10,1.7523986e-07,0.004213224,0.0012896656,0.0012630833,2.0108733e-05,0.0019248069,0.16222012,0.30727586,0.012033905,0.2540933,0.16316961,0.6060972,0.42139104,0.2374161,0.19555436,0.067236334,0.5057738,0.07103525,0.2025681,0.52518415,0.48402825,0.49149117,0.32431605,0.16452186,0.57715917,0.54960734,0.19555372,0.0006761194,0.005900937,0.38176537,0.3015609,0.0053956667,0.34125832,0.3050491,0.00053254433,0.09365946,0.6678432,0.009820589,0.79269207,0.30609086,0.28154463,0.18216996,0.31452614,0.36788815,0.5423864,0.86419326,0.24191111,0.49361044,0.18764843,0.06925269,0.30189228,0.27685246,0.13461453,0.5646629,0.45344803,0.57442224,0.4942833,0.058154304,0.8194479,0.35590845,0.49145687,0.19686782,0.2656843,0.21423596,0.22354895,0.57625246,0.0002945203,0.2987521,0.50405073,0.2618969,0.09655397,0.6592614,0.32723296,9.681233e-05,0.03403923,1.1572374e-06,0.36703652,0.2984424,0.015261104,0.5163209,0.613316,0.079369955,0.0023111212,0.4300782,0.12290011,0.38159186,0.231869,0.46473265,0.2116424,0.2737444,0.09166322,0.21537405,0.013703366,0.17543674,2.4519272e-06,0.39687705,0.298843,0.6953454,0.3450779,0.0049413927,0.2732891,0.21273458,0.33952522,0.8131125,0.5721956,0.0110028,0.5002966,0.47706854,0.01047076,0.7705117,0.1783181,0.5287936,0.41205612,0.2361352,0.19352591,0.05845515,0.20881669,0.1635577,0.15855514,0.15085664,0.013876381,0.36614352,0.4782712,0.62319744,0.018512504,0.50585365,0.29957557,0.49092215,0.33281457,0.26136678,0.21412697,0.65509784,0.3727028,0.2167397,0.47463083,0.22442277,0.21865003,0.4932898,0.3743946,0.9517392,0.02838844,0.91683793,0.12573914,0.38818535,0.40631828,0.04469429,0.28814608,0.3453676,0.01228671,0.0018074721,0.42938584,0.38230747,0.34073636,0.016034644,0.17188548,0.20178543,0.118767,0.09579023,0.090592846,0.009776547,0.31142685,0.28438392,0.06503954,0.61712486,0.10437219,0.0953038,0.43551052,0.53395236
BC2026_Train_0001_S08_20250606_030007_20,0.13203262,0.22560331,0.030021861,6.342354e-07,2.7905793e-08,0.3044784,0.013295301,0.08299736,6.8125066e-09,7.527367e-10,7.7785734e-07,0.033605292,0.011377677,1.0008083e-08,3.3151406e-07,2.689075e-10,0.026985025,0.00043337536,7.2518804e-09,0.25184456,0.223586,1.14301076e-10,0.14349276,8.6782455e-07,3.3797296e-05,3.8282422e-05,7.8908206e-11,0.60179806,8.883757e-05,0.0050369417,0.011612272,4.0371624e-06,0.00025874446,0.00014853361,0.0031744367,1.2510425e-05,8.136169e-08,0.0005454601,2.9897806e-06,0.30362484,0.00355192,8.420392e-07,0.8362422,6.139116e-06,0.0004847425,0.0004847425,0.51157856,0.0007814072,1.7529186e-05,0.0010348832,0.72033113,0.7663834,0.7663834,5.173759e-09,0.75270236,5.6224696e-08,0.0017777974,1.3569492e-09,0.00017586032,0.31821835,6.249583e-05,0.001345674,4.9208336e-07,9.509106e-05,1.0917076e-09,1.3634559e-10,1.6897458e-07,0.0061851414,0.0009095113,0.0014303022,2.0088593e-05,0.00106046,0.1575391,0.45822757,0.0146148475,0.2021831,0.15369391,0.6051087,0.37913615,0.25028127,0.19250014,0.07928414,0.52162707,0.07788577,0.23108819,0.48652002,0.524205,0.4217164,0.38813147,0.19813071,0.52694875,0.6420073,0.20929351,0.0007462479,0.0080566285,0.38568887,0.26599553,0.008161164,0.35231423,0.3216735,0.0003076025,0.08994042,0.6549007,0.012028744,0.7960093,0.26003683,0.30210388,0.20603229,0.33064738,0.357643,0.3986403,0.85273397,0.31208435,0.5130804,0.1955794,0.069582894,0.27616173,0.27915913,0.1023422,0.4808362,0.500108,0.542026,0.52308214,0.07080311,0.82982314,0.33190262,0.45121172,0.18315144,0.2354959,0.14066888,0.29074556,0.5613424,0.00044519122,0.30162278,0.49213096,0.22192253,0.089494646,0.5854476,0.3787993,0.00024605473,0.033815388,1.2639163e-06,0.38705105,0.3148815,0.017799227,0.5643778,0.6861728,0.071407914,0.002216159,0.39698464,0.16286972,0.3573363,0.29922366,0.49808583,0.20998535,0.3045976,0.07926784,0.21811254,0.014240714,0.20470239,3.4858829e-06,0.41704962,0.31164122,0.6627234,0.35078508,0.005046762,0.20959432,0.25419176,0.3233456,0.82379025,0.46346787,0.010787745,0.43449494,0.40901655,0.011196816,0.837117,0.18239327,0.4633378,0.4608456,0.24136607,0.13658926,0.055281647,0.20324372,0.18151535,0.12524708,0.14200002,0.014510761,0.33768857,0.4730219,0.66127586,0.024184367,0.5478859,0.3312437,0.48400632,0.36005217,0.2479752,0.24044725,0.5637807,0.41067967,0.17589079,0.40007204,0.31382278,0.19431135,0.44036743,0.34694222,0.9651995,0.024859745,0.92293274,0.114013106,0.32035208,0.44331965,0.0467192,0.3813691,0.33074915,0.012169707,0.002324789,0.35125464,0.3794534,0.3177119,0.014881139,0.13665892,0.1707491,0.13531205,0.10300623,0.102207735,0.012629985,0.26199108,0.2366696,0.07270214,0.6090364,0.10568973,0.10435184,0.44422138,0.5726956
BC2026_Train_0001_S08_20250606_030007_25,0.14545432,0.21940544,0.024920456,6.729514e-07,2.824356e-08,0.282894,0.012004982,0.08052168,9.558723e-09,1.1997875e-09,8.2061325e-07,0.022162609,0.011266691,1.0513075e-08,3.3405314e-07,4.095664e-10,0.012523105,0.0004729049,9.3548875e-09,0.13649616,0.21968855,1.334494e-10,0.18982342,1.2708944e-06,2.0828782e-05,3.0468545e-05,9.4898915e-11,0.565584,9.320438e-05,0.0048092958,0.011365266,5.0290637e-06,0.00021661051,0.00015366687,0.0031909985,1.40984575e-05,9.606324e-08,0.00044156594,3.561203e-06,0.30934778,0.0033600328,1.0363367e-06,0.8390745,7.5246244e-06,0.00044863982,0.00044863982,0.5120497,0.00065470673,1.4864066e-05,0.0008430615,0.72398657,0.7681467,0.7681467,6.125711e-09,0.75155383,5.5352444e-08,0.0017724837,1.6888229e-09,0.0001718298,0.2914131,3.970979e-05,0.0012900181,4.6731643e-07,6.490745e-05,7.795303e-10,1.7080995e-10,1.1408304e-07,0.0048188395,0.00095699,0.0017974112,2.0101928e-05,0.0010559104,0.19934164,0.26783726,0.013698253,0.21344998,0.16730893,0.61354476,0.329527,0.2746531,0.1733087,0.057236727,0.48732957,0.077398986,0.24136361,0.5486988,0.51322174,0.40814686,0.45108008,0.166765,0.5664139,0.62155294,0.2439987,0.00025576318,0.005052778,0.3444747,0.24872476,0.007912395,0.27443585,0.3269558,0.000358055,0.080415085,0.68705875,0.012084472,0.80755174,0.27657768,0.3363053,0.15436684,0.28216073,0.38010332,0.45191684,0.85276467,0.32959113,0.494251,0.18874152,0.06767488,0.29334807,0.30506992,0.10523517,0.49472263,0.4695614,0.5859665,0.61944777,0.054787923,0.83575827,0.29479808,0.46588197,0.21071187,0.30117968,0.15351905,0.21107605,0.5497164,0.00051965,0.31431004,0.51718354,0.20031145,0.073771134,0.66668266,0.3973298,8.803759e-05,0.028496366,7.490227e-07,0.40162602,0.29492196,0.016567763,0.46729642,0.6674907,0.10635284,0.0021905887,0.39670813,0.1658377,0.411574,0.30657634,0.51739913,0.22923967,0.37365925,0.10077011,0.26630083,0.011750725,0.1893887,2.1570045e-06,0.40109196,0.2867281,0.7654654,0.3363284,0.0051898756,0.15091556,0.18794474,0.32795066,0.80169517,0.55962366,0.008980536,0.41957596,0.41983613,0.008516504,0.8251805,0.19287375,0.4674242,0.53118277,0.25438443,0.14453104,0.051523667,0.21087873,0.17517509,0.099684164,0.13061574,0.016811501,0.371352,0.51292855,0.619335,0.024885962,0.5207014,0.35303676,0.5157741,0.3511588,0.3062291,0.19594415,0.62831014,0.40992656,0.20275305,0.47999182,0.24620995,0.19841811,0.4868695,0.42668658,0.958897,0.026838394,0.9330408,0.07686576,0.3462671,0.40983516,0.06506841,0.2252315,0.35377803,0.013396249,0.0019112194,0.3318747,0.35990474,0.34898335,0.009923961,0.15734282,0.20049845,0.09410588,0.1234453,0.07654594,0.012644919,0.28542927,0.24191746,0.054997474,0.6097804,0.10309456,0.09595586,0.46280518,0.65049714
BC2026_Train_0001_S08_20250606_030007_30,0.11310476,0.24260068,0.02813356,1.3404847e-06,3.0143198e-08,0.28238288,0.013653983,0.07776411,9.483915e-09,1.1982468e-09,1.1715861e-06,0.024120681,0.009700072,1.0154553e-08,3.3883038e-07,4.5950516e-10,0.015226336,0.00044712244,5.150945e-09,0.14989537,0.17878231,1.1307687e-10,0.11596211,1.2860905e-06,2.8684195e-05,3.8838596e-05,1.4382483e-10,0.55869335,8.6696564e-05,0.0057818727,0.012097448,5.3872577e-06,0.0002502926,0.00016930464,0.0031531316,1.5705064e-05,1.12336494e-07,0.00052247074,4.000268e-06,0.31484228,0.0036060314,1.249183e-06,0.8446233,8.461537e-06,0.0005132379,0.0005132379,0.5156628,0.00077968277,1.7058223e-05,0.00096364424,0.72617817,0.7720641,0.7720641,6.810861e-09,0.75832653,5.703121e-08,0.0017813308,1.7736318e-09,0.00016017244,0.25777188,3.5714023e-05,0.0013407067,3.3861923e-07,6.359924e-05,1.0989478e-09,1.7450719e-10,1.5328449e-07,0.0042323563,0.0009892066,0.0016040005,2.0029993e-05,0.001122784,0.20761399,0.32845405,0.017721029,0.21137252,0.16350047,0.68658656,0.36829895,0.22672586,0.19956277,0.06650171,0.4979129,0.09662668,0.22686927,0.55049175,0.48185143,0.5160488,0.41756904,0.18211973,0.55821013,0.56627905,0.22846293,0.0005566362,0.0058891135,0.3520216,0.37627664,0.005913387,0.34235436,0.4027644,0.0005647089,0.09171645,0.66624147,0.011803108,0.800684,0.32651377,0.28465292,0.1875316,0.3719531,0.39020872,0.44928324,0.86216044,0.26069352,0.52344495,0.21858194,0.06215381,0.31353855,0.26894188,0.12593567,0.55816877,0.50707793,0.5817684,0.56704736,0.08173261,0.79770494,0.38309354,0.4931832,0.22484583,0.23990737,0.15670408,0.24923904,0.5548843,0.00034488383,0.2987537,0.51205117,0.21717586,0.08062806,0.69470686,0.33013105,7.3300245e-05,0.032309353,1.4807324e-06,0.4627758,0.28594568,0.016737496,0.46942037,0.7358973,0.07274168,0.0047546215,0.4721615,0.17262517,0.5120476,0.2753811,0.48066372,0.2375759,0.3068084,0.104363635,0.24601734,0.012718819,0.20030105,3.5631929e-06,0.42869312,0.28576884,0.6851787,0.39807615,0.005230309,0.18627724,0.25391287,0.3519794,0.8369314,0.57699907,0.010199578,0.48235297,0.43494752,0.0198332,0.7870866,0.20771165,0.4097539,0.5329833,0.23660006,0.28555703,0.05802963,0.21744424,0.15068962,0.1474822,0.1486634,0.017507967,0.39238644,0.5156716,0.5936278,0.025940977,0.52429533,0.30788445,0.51674294,0.4366155,0.29512277,0.35787088,0.66535527,0.42307213,0.1898459,0.48698518,0.304834,0.20751975,0.44425774,0.40981615,0.9492187,0.0276346,0.91181624,0.11730892,0.34135464,0.40666103,0.056812353,0.33582067,0.3147199,0.012265779,0.0021296132,0.39510897,0.3474793,0.35097557,0.014627045,0.25262356,0.20478357,0.15281363,0.17674953,0.07253018,0.016947515,0.3264726,0.28056666,0.08569903,0.6806829,0.10933656,0.077952154,0.50660944,0.65459883
BC2026_Train_0001_S08_20250606_030007_35,0.109438,0.26025456,0.025773272,9.2565807e-07,3.0255936e-08,0.26313713,0.03420417,0.12439793,1.1498787e-08,1.2272183e-09,1.4487944e-06,0.03237658,0.01036427,1.0162343e-08,3.6371586e-07,4.1418843e-10,0.016149944,0.0004979292,6.62303e-09,0.12786657,0.21512005,1.3337376e-10,0.14994863,1.0877366e-06,1.8685203e-05,3.630149e-05,1.496911e-10,0.5307175,8.552035e-05,0.0063183564,0.0104333805,5.1322318e-06,0.00025384838,0.000190019,0.0031942825,1.8004432e-05,1.02498895e-07,0.0004935033,3.593677e-06,0.33021903,0.0038174393,9.948194e-07,0.8429856,7.840947e-06,0.00047316382,0.00047316382,0.5288288,0.0007542354,1.8812398e-05,0.0009854696,0.72821677,0.7738478,0.7738478,6.397089e-09,0.7629335,6.2262245e-08,0.00177009,1.5564141e-09,0.00015922668,0.34307083,5.4174157e-05,0.0014541603,1.9540433e-07,9.64471e-05,1.1565741e-09,1.630709e-10,1.9554969e-07,0.0035464813,0.0008567036,0.0011298438,2.0150082e-05,0.0009779293,0.17110233,0.48317873,0.018386353,0.20845155,0.1619635,0.615386,0.3969522,0.23304793,0.18073523,0.054693647,0.5190985,0.07534272,0.2066702,0.4915546,0.5044373,0.4532347,0.38300347,0.14069597,0.56906813,0.64016247,0.23993747,0.00033631295,0.004925528,0.3745891,0.3677441,0.0066829706,0.36480662,0.34022552,0.0004745569,0.08702351,0.6605334,0.01060916,0.8246168,0.30521274,0.2744978,0.20661023,0.35407782,0.3476903,0.4166797,0.8846457,0.28944856,0.49971914,0.2866917,0.051631562,0.340933,0.32373664,0.08824178,0.53092885,0.44672528,0.58906054,0.5407449,0.07101144,0.79765964,0.33716664,0.42735153,0.20130606,0.23374388,0.20836352,0.23515306,0.59668595,0.0004517878,0.3265239,0.5222075,0.19035842,0.093900345,0.7289504,0.3554024,0.0001970618,0.033804026,1.7955163e-06,0.45947883,0.2857636,0.02893966,0.44759586,0.6289801,0.06560167,0.0026774614,0.4540677,0.19596837,0.3800685,0.27889648,0.3864791,0.2378794,0.32741225,0.098111294,0.25275943,0.010847073,0.18070742,5.248307e-06,0.42317045,0.27152324,0.6958098,0.33033028,0.0045814645,0.18956786,0.22207037,0.30633613,0.79136264,0.4915528,0.00921976,0.43657637,0.4040533,0.012064247,0.8075986,0.18602891,0.44040397,0.47887388,0.21263278,0.176118,0.06559365,0.2191099,0.18048829,0.120496236,0.118638135,0.01331617,0.35248205,0.41924065,0.6530494,0.027353322,0.5383045,0.3459374,0.49309185,0.38371408,0.3108716,0.2562293,0.58543384,0.38488486,0.2016259,0.42113274,0.24216896,0.21651632,0.42480505,0.3421364,0.946273,0.030538494,0.93122506,0.087229125,0.32406723,0.38521063,0.049528018,0.32127443,0.35130545,0.015173451,0.0018597331,0.32047856,0.34098423,0.30730852,0.011256768,0.13548034,0.22492495,0.14138627,0.0918115,0.078987956,0.01299834,0.30227205,0.30955273,0.06080704,0.63694525,0.15339838,0.08314912,0.5055691,0.6586723
BC2026_Train_0001_S08_20250606_030007_40,0.119884394,0.21892491,0.024339097,8.0673146e-07,3.072063e-08,0.32556054,0.010807912,0.06510046,5.5036065e-09,1.0865027e-09,8.6044577e-07,0.024019161,0.008865713,1.02705915e-08,3.6335172e-07,3.4627937e-10,0.020379463,0.00054392806,7.2750512e-09,0.14124522,0.21380775,1.206223e-10,0.14351185,6.923509e-07,3.7309204e-05,3.436657e-05,9.274612e-11,0.5535482,9.323253e-05,0.005232864,0.011604755,4.8625375e-06,0.0002529235,0.00016468602,0.0032068132,1.5144509e-05,9.321327e-08,0.0005230269,3.3799092e-06,0.32332128,0.0039016851,1.02982e-06,0.84391737,7.464841e-06,0.00046653158,0.00046653158,0.5209522,0.00071141263,1.968522e-05,0.0010016292,0.7264845,0.7738726,0.7738726,6.1357257e-09,0.7622988,6.0618724e-08,0.0017746788,1.6324783e-09,0.00017487601,0.278643,5.027101e-05,0.0013577667,3.116218e-07,9.2200295e-05,7.2850137e-10,1.4258447e-10,1.245405e-07,0.004505497,0.0008735198,0.0015204464,2.0099327e-05,0.0011347753,0.1656106,0.2953916,0.014251595,0.20697613,0.16428873,0.55461663,0.43171287,0.22908935,0.19904356,0.070740215,0.49198818,0.097370416,0.21437548,0.4954314,0.42988947,0.43738008,0.3718678,0.13397062,0.5570408,0.5337338,0.2051985,0.00029137515,0.007129324,0.33729926,0.28338468,0.007568181,0.34095553,0.25178224,0.00036487353,0.08275583,0.65216637,0.010459084,0.7891326,0.27130842,0.25172943,0.22932896,0.31344414,0.33190513,0.3604967,0.8607036,0.27127936,0.48334274,0.1948747,0.057510424,0.3001967,0.2716418,0.096237436,0.45574525,0.3919649,0.5317434,0.44349197,0.06457014,0.7872299,0.34924382,0.45552203,0.19972154,0.2004247,0.14482793,0.20452926,0.5940698,0.00036670844,0.30035558,0.518993,0.19702981,0.08150776,0.59514916,0.3078517,6.754561e-05,0.037580438,7.6493984e-07,0.34491894,0.2972778,0.015763747,0.41248354,0.6269757,0.08053761,0.0028582073,0.460108,0.14771391,0.31817356,0.285245,0.5797996,0.23024903,0.3012649,0.08836586,0.20231982,0.008344187,0.18066747,3.7679667e-06,0.34176853,0.27285925,0.63341534,0.34309134,0.0045998576,0.20086901,0.22011226,0.2848385,0.8078127,0.5004372,0.009276854,0.38551778,0.41154975,0.013008789,0.76246005,0.17169723,0.37092832,0.47532353,0.20184729,0.1850472,0.048523962,0.20885418,0.15560432,0.094941124,0.115940526,0.0132943,0.3125717,0.5089929,0.6117637,0.018978698,0.5471246,0.28632295,0.45434907,0.3213954,0.30167174,0.24517286,0.5712506,0.34755322,0.18545073,0.41191447,0.20560049,0.21210371,0.42215884,0.31835115,0.97179264,0.020542942,0.92328423,0.116976745,0.31453303,0.31619883,0.041858774,0.2920578,0.37869897,0.013464186,0.0017088737,0.30480936,0.34265825,0.28831324,0.01345901,0.14307065,0.18225063,0.113105185,0.11258247,0.063189864,0.010990163,0.27515554,0.2573544,0.049406532,0.49179107,0.107514806,0.092176124,0.4532074,0.52901566
BC2026_Train_0001_S08_20250606_030007_45,0.1358536,0.21546115,0.03302446,8.961919e-07,2.9420193e-08,0.2626014,0.012987351,0.09388804,1.0143952e-08,1.2619584e-09,7.465167e-07,0.02793424,0.012541195,9.908734e-09,3.3613912e-07,4.5970946e-10,0.016804114,0.0005411042,8.424572e-09,0.16465743,0.1758205,1.500684e-10,0.17403749,1.133741e-06,3.7655846e-05,3.6783586e-05,8.439541e-11,0.5245784,8.200921e-05,0.0052723284,0.011668186,5.01875e-06,0.00025828936,0.00015179577,0.0031932148,1.401629e-05,9.0293085e-08,0.00040820942,3.3369301e-06,0.29501563,0.0030595153,1.1162977e-06,0.83582145,8.010071e-06,0.0004352812,0.0004352812,0.47508633,0.0007925938,1.551455e-05,0.0007969405,0.7150458,0.76012176,0.76012176,6.0660046e-09,0.7436712,6.248744e-08,0.0017772813,3.040008e-09,0.00017121907,0.3776084,3.1821168e-05,0.0013896853,3.589802e-07,6.607503e-05,3.1888228e-09,1.8827885e-10,1.1473904e-07,0.0035089555,0.0008669497,0.0016681298,2.0064692e-05,0.001283245,0.2081429,0.36943752,0.013438656,0.19030818,0.14717275,0.65610105,0.31118718,0.22295393,0.16191512,0.065863706,0.5461606,0.048763704,0.2692971,0.55487406,0.52606565,0.42909995,0.38377705,0.14679027,0.5779699,0.5661428,0.17106298,0.00041115182,0.007221354,0.31856138,0.29011506,0.0058496594,0.29921502,0.31287694,0.0007759433,0.07853407,0.67631215,0.008957947,0.7970523,0.2840645,0.32869068,0.16050842,0.33899742,0.3899322,0.5784621,0.84303385,0.35124892,0.48416942,0.1634189,0.08370493,0.3287351,0.26582056,0.12808606,0.4976142,0.6099064,0.5858019,0.6349313,0.051518377,0.8019576,0.3057772,0.3626375,0.21696323,0.2647415,0.16757432,0.26093948,0.58669776,0.00029745908,0.32070935,0.52292854,0.2544185,0.16648036,0.6521376,0.35910973,7.831895e-05,0.037710395,1.0495855e-06,0.37757212,0.293873,0.025448972,0.43276796,0.75627774,0.1551742,0.0022681388,0.41880614,0.18873212,0.43660277,0.2598238,0.5947711,0.24666665,0.47623152,0.108808964,0.3339496,0.008831834,0.22700699,2.2183565e-06,0.43433824,0.23140095,0.7917302,0.37473443,0.0041035926,0.14091672,0.27967432,0.4135091,0.8203565,0.58811694,0.011285621,0.41661173,0.42992756,0.010769678,0.7605447,0.22892773,0.4552716,0.5969417,0.19482574,0.19845705,0.057014484,0.25620013,0.15874533,0.17021619,0.12081362,0.018381327,0.41163447,0.4946082,0.5765556,0.021673797,0.6081408,0.34488335,0.50361323,0.37665057,0.3018804,0.24806061,0.5488682,0.38344127,0.13635978,0.47300667,0.27826187,0.16769353,0.46450987,0.4107318,0.973533,0.02646615,0.9115358,0.09745724,0.30557477,0.36476138,0.06463462,0.23830141,0.33246508,0.010794959,0.0021309878,0.38872942,0.36990243,0.36290833,0.012290772,0.15952806,0.2052848,0.09329206,0.14108287,0.08347179,0.010266042,0.31020957,0.30826384,0.0636494,0.5861551,0.10038262,0.08469194,0.4785845,0.63555294
BC2026_Train_0001_S08_20250606_030007_50,0.117362544,0.27505758,0.021937776,8.6891504e-07,2.8423415e-08,0.29453018,0.016214887,0.07599036,1.224948e-08,1.3100647e-09,8.8874634e-07,0.025049394,0.011082304,9.974895e-09,3.4701714e-07,3.6631756e-10,0.021085782,0.0004193863,6.5602075e-09,0.1164773,0.16583212,1.2991586e-10,0.111604795,1.1490368e-06,2.6707807e-05,3.3538832e-05,8.877817e-11,0.5277846,7.759206e-05,0.0050274977,0.0110990275,5.0869453e-06,0.00021471214,0.00016984274,0.003200308,1.4105637e-05,9.246668e-08,0.00040666384,3.3722467e-06,0.30219913,0.003141256,1.0214461e-06,0.84155095,7.672291e-06,0.00041610154,0.00041610154,0.493787,0.00067587435,1.4642119e-05,0.00076631585,0.7269739,0.76939815,0.76939815,5.961262e-09,0.7524636,6.160997e-08,0.0017756284,1.6938421e-09,0.0001470464,0.2799812,2.5563013e-05,0.0014536825,2.1746459e-07,7.01389e-05,4.8917914e-10,1.948953e-10,9.725694e-08,0.0037869983,0.0009540462,0.001436443,2.0132451e-05,0.0010049292,0.17857102,0.45493814,0.015469137,0.22599404,0.18141252,0.5722329,0.32863092,0.22386986,0.19270048,0.05685371,0.50758564,0.07030817,0.21586797,0.5342882,0.41383073,0.45954874,0.4356619,0.14137134,0.54852355,0.5935011,0.20124936,0.00035939447,0.005101895,0.40990397,0.34047282,0.0052150064,0.30744708,0.38175583,0.00043001288,0.08097902,0.7052632,0.010294613,0.8028029,0.30766556,0.2798155,0.18282232,0.29838145,0.36313778,0.4721047,0.8706142,0.24728326,0.49840403,0.21470168,0.06464385,0.27647978,0.27602944,0.11254166,0.52715534,0.5461077,0.57728285,0.579685,0.060093656,0.8230034,0.33719668,0.49150634,0.21057793,0.24796467,0.19900188,0.2682408,0.58074886,0.00039375015,0.30429947,0.50911444,0.16883363,0.1066636,0.71067536,0.3482859,8.8744e-05,0.034578405,1.2500949e-06,0.40819398,0.29098764,0.022349285,0.4165182,0.6640376,0.078732,0.0020745406,0.4856096,0.17436874,0.4584022,0.25724715,0.44137907,0.24231635,0.33585423,0.0997817,0.2596318,0.012617136,0.18421113,1.8247516e-06,0.37249488,0.29754606,0.71651304,0.35307857,0.0044006663,0.20326643,0.22142735,0.321635,0.8137534,0.5542607,0.008890197,0.4512421,0.45692086,0.01054992,0.8025066,0.18437138,0.437673,0.50206065,0.2149169,0.13799058,0.06384935,0.22182192,0.16501935,0.14663815,0.1365288,0.016296523,0.3225621,0.47312638,0.63470304,0.016104633,0.5564727,0.33949775,0.5280759,0.38083398,0.3174456,0.28382266,0.61081266,0.36899474,0.19898185,0.4475136,0.28919065,0.20945677,0.46969184,0.38736868,0.92377657,0.025363427,0.9208638,0.09423001,0.3311888,0.35481972,0.06219185,0.20906419,0.36740464,0.012447301,0.0016723777,0.34582874,0.3907862,0.30988467,0.011446663,0.18016203,0.17169212,0.101899385,0.11536369,0.07952994,0.0099919345,0.267321,0.2592889,0.06141925,0.5728411,0.11538584,0.10081301,0.46247268,0.70032334
BC2026_Train_0001_S08_20250606_030007_55,0.14572453,0.37918854,0.024398422,7.8922335e-07,2.9132828e-08,0.30392224,0.012873599,0.096751325,6.4316197e-09,1.1198105e-09,9.911666e-07,0.02392561,0.010832986,9.919482e-09,3.6660157e-07,4.2183337e-10,0.01596904,0.0004733153,6.2016463e-09,0.1138728,0.21199906,1.170403e-10,0.11859081,8.1325254e-07,3.0311965e-05,3.466078e-05,1.2624028e-10,0.54539984,0.0001135445,0.0054995264,0.011105501,5.243164e-06,0.0002639349,0.00017620396,0.0031870948,1.537403e-05,1.0310039e-07,0.00051170064,3.9071933e-06,0.31587076,0.0038047282,1.2162332e-06,0.8442262,7.819755e-06,0.00046726808,0.00046726808,0.52037495,0.0007672885,1.8602208e-05,0.00096330955,0.7320891,0.7739448,0.7739448,6.42127e-09,0.75980955,6.5030804e-08,0.0017763544,1.6272057e-09,0.00016745606,0.26866615,3.185998e-05,0.0014493809,1.3030082e-07,6.274068e-05,3.3124065e-10,1.7899186e-10,9.5892744e-08,0.004072448,0.0010449793,0.0016842698,2.0087085e-05,0.0011400268,0.19030593,0.33373594,0.01341274,0.17609479,0.17224163,0.5673613,0.37397754,0.23007713,0.18289046,0.067187026,0.49266094,0.08156592,0.19766384,0.5271785,0.42733052,0.4471152,0.416236,0.14576118,0.5371747,0.6198042,0.20028019,0.00032650374,0.0041657602,0.43766248,0.35460326,0.005640277,0.4062904,0.30538562,0.0005191049,0.07618908,0.66859454,0.010392515,0.7854625,0.28478795,0.3421334,0.25627527,0.36082646,0.3680004,0.49784622,0.8758642,0.34107557,0.5128578,0.19562458,0.056829248,0.31748027,0.27620596,0.11578877,0.52703595,0.36025855,0.54400814,0.5485082,0.0735717,0.7909213,0.35608527,0.48352417,0.21180291,0.22272196,0.15093163,0.23889306,0.5919131,0.00036060644,0.34637278,0.54936546,0.1985353,0.058923524,0.64242095,0.33338434,7.352436e-05,0.029697364,1.422539e-06,0.38763058,0.2963806,0.01546019,0.47279075,0.6680524,0.09382099,0.0020970998,0.4539059,0.17613447,0.36022863,0.24137932,0.5558812,0.21872242,0.3649648,0.091609955,0.24637564,0.01064688,0.17852876,2.077378e-06,0.37406152,0.28167754,0.6812273,0.36965135,0.0038528994,0.19024892,0.23034805,0.3657625,0.81500876,0.6094973,0.009452141,0.40526298,0.43552423,0.012678303,0.82118404,0.2059825,0.43756673,0.51541805,0.2351979,0.16005439,0.061541256,0.20781532,0.16790405,0.1080231,0.1339514,0.01929225,0.3965043,0.458652,0.6248764,0.021753578,0.5718453,0.3324141,0.46692464,0.33203635,0.30368662,0.26616985,0.61174023,0.3930112,0.19686419,0.45867947,0.20267169,0.21604523,0.49347174,0.36693648,0.97646165,0.027513316,0.9271188,0.11363109,0.30406436,0.35342488,0.048999056,0.26034728,0.38237375,0.01308836,0.0018931925,0.33216923,0.34579858,0.28214222,0.011080087,0.15197267,0.24340326,0.13207936,0.08752698,0.06461472,0.012861315,0.28990138,0.2660254,0.05639791,0.56831044,0.12299408,0.09108505,0.4254795,0.67662346
BC2026_Train_0001_S08_20250606_030007_60,0.13833039,0.48851067,0.06839978,4.8099616e-07,3.099936e-08,0.3896616,0.014373921,0.079377174,1.0447802e-08,1.3133907e-09,8.0346865e-07,0.119967274,0.011856561,1.2774135e-08,3.7457946e-07,4.401416e-10,0.016805673,0.00057331356,1.3651376e-08,0.15130253,0.21297975,2.7875366e-10,0.14203244,3.8005523e-06,4.734051e-05,4.2193675e-05,1.2827095e-10,0.6822078,0.0006800986,0.0084206965,0.0076268297,5.5488376e-06,0.00018912587,0.00015893187,0.0032521274,1.514483e-05,9.1371035e-08,0.0003039314,3.5983899e-06,0.27865434,0.003068747,1.0037894e-06,0.8258299,9.128254e-06,0.00032589355,0.00032589355,0.4644216,0.00057415414,1.4156001e-05,0.00063579396,0.7053456,0.751728,0.751728,6.428854e-09,0.7316019,6.104457e-08,0.0017759583,5.1772973e-09,0.00029780078,0.29391506,4.100786e-05,0.0015853199,1.0853126e-07,0.00010314879,1.447156e-09,2.4001262e-10,1.2967908e-07,0.0047438885,0.0009939858,0.0022427952,2.0177153e-05,0.0017255805,0.2001809,0.31923568,0.013219336,0.17895436,0.13982761,0.67094386,0.3865746,0.23275453,0.16177486,0.06325192,0.51857764,0.06943887,0.21256453,0.46505827,0.5838759,0.41951475,0.41953704,0.13113613,0.55242336,0.7219595,0.15978399,0.00029078466,0.0056305635,0.31547326,0.3727511,0.004679083,0.29796693,0.26130858,0.00046411535,0.075301416,0.6289939,0.0113329,0.82201666,0.29085153,0.29332513,0.16822757,0.25463888,0.3198336,0.3771943,0.8407095,0.2600476,0.44021285,0.19316188,0.05976991,0.32212558,0.275791,0.12652029,0.4686576,0.5714399,0.5691715,0.48832875,0.06103047,0.82204086,0.42649776,0.4884263,0.21214823,0.25364676,0.20005867,0.43005607,0.5771718,0.0003090057,0.26809257,0.3880898,0.22026868,0.09244737,0.6015325,0.37527362,9.1479385e-05,0.03176806,9.666863e-07,0.3600411,0.26853043,0.02157121,0.53461367,0.65213835,0.06672465,0.0016040123,0.38023284,0.15211801,0.40805888,0.30254042,0.40436545,0.22298981,0.29606584,0.09820318,0.21395048,0.008228192,0.22588468,3.98212e-06,0.4076987,0.20691441,0.56213325,0.35393572,0.003692888,0.2093141,0.2048925,0.29563427,0.8192731,0.56896645,0.009686079,0.3402191,0.42413887,0.0117278,0.86477405,0.21060003,0.43547276,0.3801078,0.43269175,0.102134265,0.054990135,0.2276634,0.16211735,0.1261382,0.07302978,0.017619886,0.35513076,0.42208588,0.6164724,0.018507428,0.5728971,0.3938685,0.4598603,0.40513098,0.28244382,0.2848055,0.60398275,0.3970304,0.1561642,0.36646286,0.19763872,0.19476868,0.4426158,0.31055918,0.919203,0.030555798,0.9248798,0.103208676,0.32904115,0.4082301,0.050567735,0.29895863,0.31215635,0.009807431,0.0017831314,0.26764393,0.3361534,0.24017264,0.011026881,0.17967543,0.1828407,0.13030848,0.11059028,0.08081464,0.011737549,0.25390008,0.28752548,0.06896652,0.60119915,0.10255473,0.11169419,0.3971944,0.5640918
BC2026_Train_0002_S08_20250607_030007_5,0.13352352,0.081995495,0.028625993,2.961332e-07,2.6191064e-08,0.24205343,0.005293599,0.042313363,1.0862918e-09,1.534833e-09,2.9923436e-07,0.04575567,0.0067718932,1.0915792e-08,4.0001157e-07,2.050507e-10,0.04671052,0.00046531047,5.506223e-09,0.042118832,0.15250784,9.4503565e-11,0.15707716,1.1976457e-06,5.856081e-06,6.680705e-05,6.946508e-11,0.37939763,1.4029633e-05,0.001352103,0.060325008,2.8870402e-06,0.00027603717,0.00014451808,0.0030216016,3.6630365e-06,2.9646245e-08,0.00033002064,1.2247134e-06,0.027026456,0.0012691602,1.4725852e-06,0.8516498,3.6419237e-06,0.00014226553,0.00014226553,0.051821824,0.00033774716,6.0130938e-06,0.000386786,0.7277951,0.771312,0.771312,1.8079318e-09,0.6935231,7.32232e-08,0.0018990397,2.941518e-10,0.00016257146,0.17352542,8.2898913e-07,0.0011967353,2.8356448e-09,3.4068946e-06,8.866874e-12,1.7674014e-10,1.00781754e-07,0.0016996756,0.00044301865,0.0040899543,2.0031915e-05,0.0006709628,0.1946718,0.18105377,0.00781858,0.21649729,0.2976789,0.4863022,0.15401259,0.19226104,0.19470415,0.11488506,0.47808495,0.0654763,0.17494325,0.54044366,0.53328604,0.51153404,0.31962532,0.16458659,0.46972695,0.46771374,0.11305843,2.6273436e-05,0.001782681,0.30811128,0.15940754,0.0049005393,0.30566508,0.27415472,0.0010324717,0.136512,0.6243534,0.0010099915,0.5882765,0.22221991,0.35135114,0.052203435,0.25572124,0.3702526,0.3792003,0.7401991,0.18786858,0.45755345,0.20209374,0.0983532,0.29229972,0.22313195,0.1409061,0.5272593,0.64672285,0.48135102,0.7213807,0.044132393,0.6364166,0.24382593,0.25265995,0.17930624,0.1726483,0.17355742,0.21040937,0.57895094,7.72232e-05,0.2616624,0.35381395,0.1284014,0.066691175,0.54444426,0.35299078,3.1350442e-05,0.032180324,4.2372562e-06,0.3182835,0.25521135,0.0036136229,0.15937835,0.6682422,0.033433445,0.00030682224,0.20499974,0.19316815,0.22515057,0.24286184,0.22419979,0.19808261,0.21620984,0.08756091,0.27632096,0.011620262,0.28824338,6.9866815e-07,0.41299102,0.14745162,0.5811743,0.44178644,0.0012157408,0.08385212,0.22703117,0.479273,0.81552374,0.3565214,0.034105938,0.39329192,0.42350262,0.019528639,0.50603294,0.3449785,0.45127302,0.33742517,0.13312978,0.16068277,0.15478764,0.29370084,0.37806696,0.19895993,0.12351936,0.059846416,0.506967,0.34142402,0.55168676,0.012918513,0.43337417,0.14844716,0.570924,0.40172827,0.3503334,0.2356999,0.53492886,0.22229587,0.170408,0.5016865,0.2518487,0.15814999,0.48334348,0.343567,0.7273743,0.0143607035,0.8548897,0.04706204,0.28051814,0.37212208,0.05349727,0.26547226,0.46810457,0.0007091359,0.0014381207,0.29898977,0.3528901,0.38189983,0.0063701645,0.2221328,0.5128247,0.18364903,0.08799816,0.12072339,0.0012488329,0.37422904,0.2519121,0.044091363,0.49245796,0.065962,0.10242864,0.31501034,0.8968678
BC2026_Train_0002_S08_20250607_030007_10,0.16300541,0.11781648,0.052037455,1.533291e-07,2.7884184e-08,0.2616812,0.0053443597,0.043886922,1.4883885e-09,1.868732e-09,3.428877e-07,0.100351304,0.006804485,1.19591155e-08,4.2400217e-07,1.651696e-10,0.039627936,0.00068553694,4.0509516e-09,0.055091787,0.2140191,6.9555604e-11,0.19161157,1.136313e-06,6.133568e-06,5.9741604e-05,8.583344e-11,0.4509385,4.4570075e-05,0.0014590621,0.065372616,2.866283e-06,0.0003423073,0.00018428866,0.0030569583,4.0487403e-06,2.6225855e-08,0.0003350633,1.2769815e-06,0.028214114,0.0014898214,1.8411052e-06,0.8589405,3.5116334e-06,0.00015004855,0.00015004855,0.056123994,0.00036892653,7.243822e-06,0.00041544344,0.7398481,0.7788072,0.7788072,1.8392423e-09,0.7095009,7.390246e-08,0.0019044265,3.1200165e-10,0.0001970603,0.18761139,1.2021308e-06,0.0013676828,1.4650621e-09,3.4291331e-06,1.0280878e-11,1.3499007e-10,2.226094e-07,0.0015580745,0.00043918757,0.0050700423,2.0110607e-05,0.0007930382,0.23111995,0.16595314,0.016540272,0.22748314,0.26923588,0.4307434,0.14794964,0.22022425,0.20988454,0.1047078,0.5010991,0.058397964,0.20686615,0.59556,0.50306505,0.45226967,0.30108145,0.1411256,0.40579084,0.4952233,0.12670012,3.4247787e-05,0.0022422452,0.31855768,0.1343503,0.004881452,0.30639687,0.24343471,0.0011222705,0.12692808,0.61434263,0.0011126453,0.63116485,0.19682997,0.36959752,0.06421565,0.2118332,0.37573043,0.35383147,0.74242926,0.13822313,0.46682048,0.18164966,0.08805862,0.28741044,0.20292918,0.19309236,0.5232784,0.5845171,0.443607,0.7368226,0.06066492,0.64914083,0.264104,0.27279654,0.23790969,0.1878012,0.1743559,0.21802941,0.5841973,8.947351e-05,0.2647105,0.36343485,0.14266609,0.0399717,0.54613495,0.27978864,2.309514e-05,0.042054135,3.9922024e-06,0.32316554,0.28864422,0.0038452598,0.16299452,0.69966924,0.03715025,0.00035203292,0.23828553,0.20614699,0.25546798,0.25251213,0.22051464,0.21175832,0.17297591,0.092944376,0.35394397,0.010477888,0.26460043,3.8237744e-07,0.40069157,0.14935157,0.58944094,0.471631,0.001440367,0.071631424,0.21768911,0.43017158,0.83162147,0.34681225,0.02674521,0.41479373,0.3779617,0.015369756,0.5220199,0.29170406,0.4496431,0.30873072,0.116366684,0.20431094,0.15155743,0.26702294,0.39944145,0.1538261,0.12588082,0.09374696,0.46397337,0.34451887,0.5131285,0.010764301,0.4293179,0.1484209,0.53891164,0.3615144,0.34728268,0.19470254,0.57113016,0.22378731,0.15537193,0.49882773,0.1897869,0.16362204,0.45747852,0.30850363,0.7450563,0.014590626,0.83091825,0.052870937,0.30808714,0.35811585,0.07522233,0.34577647,0.47121012,0.0006856311,0.0010985928,0.27367702,0.34222266,0.32924637,0.0054670554,0.17894371,0.32217664,0.14656535,0.09398818,0.090411,0.0013023993,0.34399045,0.28020713,0.04737529,0.45678395,0.058828004,0.12240942,0.31806028,0.8642162
BC2026_Train_0002_S08_20250607_030007_15,0.16400568,0.0871458,0.024135768,1.1120327e-07,2.7525479e-08,0.25503227,0.0058846823,0.030287424,1.3891953e-09,1.9975364e-09,3.4220741e-07,0.042516213,0.008484291,1.1693681e-08,4.4537168e-07,1.9991782e-10,0.039761238,0.00046755525,4.91163e-09,0.08356331,0.22591387,6.694529e-11,0.18532734,7.580061e-07,1.15722905e-05,6.2579085e-05,8.533824e-11,0.35182628,2.1046579e-05,0.0013767936,0.059885092,3.1438872e-06,0.00031811502,0.00014422652,0.0030201206,4.0558057e-06,3.0568934e-08,0.00034629097,1.3680393e-06,0.028753925,0.0013927337,1.8887854e-06,0.85621816,4.0384534e-06,0.00015171249,0.00015171249,0.0578603,0.0003501797,6.912124e-06,0.00040979785,0.7383934,0.7778705,0.7778705,2.0111024e-09,0.70065486,7.28247e-08,0.0018998923,2.6108207e-10,0.00013893684,0.1676203,8.419297e-07,0.00117386,1.5558038e-09,3.466311e-06,6.6442503e-12,1.0481777e-10,1.1559974e-07,0.0019590715,0.0004636232,0.00470906,2.0018295e-05,0.00081191066,0.19622487,0.16604659,0.0072352993,0.21806762,0.22503902,0.4953005,0.20843738,0.22176057,0.22534022,0.1241065,0.463043,0.069401905,0.21818236,0.5682554,0.50131285,0.56146544,0.3604466,0.16238217,0.38871914,0.60983163,0.14302945,3.5179735e-05,0.0027926525,0.32191792,0.14592277,0.0049965875,0.32845804,0.22075443,0.001816929,0.10818658,0.6649859,0.0012080199,0.5948858,0.21638605,0.44879636,0.05407165,0.2566901,0.4180513,0.35585502,0.72636855,0.21358831,0.49345368,0.18837775,0.10671861,0.2654609,0.19825712,0.13264814,0.5470589,0.55438393,0.43393844,0.7007294,0.054734476,0.60941756,0.2649015,0.2739694,0.19194752,0.1806512,0.19117936,0.17915,0.5632706,0.00011406357,0.2729272,0.39214456,0.11935722,0.030267125,0.540218,0.3164928,1.872777e-05,0.037077773,5.2023674e-06,0.3027578,0.2719789,0.0037949614,0.20302723,0.743609,0.036126327,0.0002886407,0.22252901,0.19705625,0.33176097,0.2862124,0.24108489,0.23355474,0.19607341,0.09173164,0.38917956,0.011081953,0.27342,5.601202e-07,0.4619735,0.15794897,0.58519983,0.47871068,0.0013200429,0.08355415,0.23234488,0.4806538,0.8353803,0.4083438,0.027722588,0.3769997,0.41908753,0.021739395,0.5541715,0.28191888,0.48675767,0.37965828,0.11980872,0.21232137,0.15880297,0.2845637,0.5001606,0.24096592,0.119903244,0.07289952,0.43749824,0.3982633,0.5390734,0.009624823,0.46618432,0.1798959,0.56538206,0.42293888,0.40601176,0.20872097,0.5599028,0.21727504,0.16267106,0.5318343,0.18031813,0.16357669,0.48957294,0.32324928,0.76741284,0.01439867,0.8525578,0.06000709,0.27501592,0.36140585,0.07456662,0.33404878,0.3931587,0.00069146906,0.0013566356,0.30901474,0.30926922,0.32875407,0.005634291,0.21469069,0.45901722,0.1539676,0.09852796,0.10029751,0.0016769981,0.45012176,0.27450618,0.04577836,0.51774126,0.051994734,0.1430527,0.36079144,0.8871908
BC2026_Train_0002_S08_20250607_030007_20,0.16998649,0.07008717,0.025014494,7.788804e-08,2.7448866e-08,0.26330933,0.0052197897,0.025061,1.3410592e-09,1.7645406e-09,3.5531693e-07,0.046071805,0.006532028,1.0599235e-08,4.2505104e-07,2.2404023e-10,0.038579226,0.0005244692,3.737759e-09,0.044084784,0.23256288,6.403503e-11,0.124789506,1.1865941e-06,5.4224847e-06,6.310406e-05,8.951515e-11,0.39922014,1.5173224e-05,0.0013176185,0.058744725,2.8690492e-06,0.00028311517,0.00013941221,0.0030264033,4.2201614e-06,3.3121736e-08,0.0003686071,1.2664946e-06,0.02691077,0.001291987,1.8910558e-06,0.85290074,3.290192e-06,0.00015744736,0.00015744736,0.054039735,0.00034416188,7.032692e-06,0.0003888363,0.7430003,0.7775963,0.7775963,2.057619e-09,0.70283675,7.421361e-08,0.0019078014,3.2206152e-10,0.00014658799,0.21587296,6.6857837e-07,0.0012449484,1.3982828e-09,2.6166892e-06,5.916707e-12,9.224636e-11,9.3085134e-08,0.0017302335,0.00046535517,0.0065754107,2.0076832e-05,0.000770442,0.22460268,0.17063518,0.009454403,0.25732243,0.29062474,0.48477498,0.14856336,0.1998446,0.20293929,0.14308928,0.49486047,0.05783876,0.2086496,0.57425797,0.4537819,0.4983717,0.3221249,0.16660362,0.46125448,0.45962784,0.12158284,3.5531608e-05,0.001456274,0.3199835,0.17345367,0.004645239,0.3227968,0.22676857,0.0024423343,0.12943822,0.61453795,0.0009531785,0.54075795,0.20451221,0.45330608,0.06810605,0.24156366,0.3914273,0.36775243,0.6532079,0.14537688,0.49650946,0.2108623,0.1350584,0.25030392,0.19958408,0.14829452,0.5247154,0.5451984,0.4368562,0.73995066,0.060487617,0.5712288,0.2605733,0.26488543,0.19703026,0.20197032,0.16512102,0.21262737,0.60155797,0.000109609486,0.2566941,0.44552618,0.15640537,0.047677387,0.5765005,0.35924974,2.108359e-05,0.038901974,4.5254856e-06,0.30471686,0.26870036,0.0031504426,0.16329244,0.6909375,0.037221063,0.00021975116,0.19855796,0.24096122,0.23443767,0.27896085,0.2135547,0.19725028,0.19410683,0.11891025,0.34706923,0.011465589,0.2555724,4.3999913e-07,0.4125724,0.1458818,0.55199283,0.43941665,0.0013417825,0.080136985,0.23456742,0.5327241,0.8253132,0.39869493,0.04698375,0.43901578,0.43517506,0.020310502,0.54911816,0.317427,0.5618491,0.3178733,0.089998536,0.10718052,0.13795812,0.309967,0.5757057,0.22735938,0.13925642,0.07376444,0.43271995,0.3968192,0.5080782,0.010604998,0.42323145,0.17786336,0.59648955,0.4178531,0.394525,0.2331134,0.5445081,0.22072653,0.17462482,0.49067366,0.31803226,0.16239208,0.49999437,0.32604337,0.6618461,0.011027002,0.81648695,0.054678563,0.27799672,0.37032956,0.073011056,0.22088689,0.5057588,0.000627533,0.0014019762,0.31874913,0.32940328,0.39108133,0.0059584402,0.18307638,0.5166622,0.14636074,0.09831079,0.121362925,0.0012275919,0.40386197,0.27093303,0.041839343,0.62780744,0.05544577,0.121555805,0.327957,0.8915098
BC2026_Train_0002_S08_20250607_030007_25,0.18418142,0.07116806,0.021194996,1.2257598e-07,2.6716796e-08,0.25786495,0.006034165,0.040748462,1.515451e-09,1.8085133e-09,3.4047062e-07,0.036662947,0.006779805,1.117882e-08,4.171048e-07,2.7646105e-10,0.02218031,0.00047667843,5.818361e-09,0.069576845,0.19726598,1.0825538e-10,0.22535813,1.8856631e-06,4.4357103e-06,5.2587136e-05,9.703794e-11,0.36330152,1.5628515e-05,0.0013560631,0.06303164,3.2760481e-06,0.0003725625,0.00016813289,0.0030563078,4.6148725e-06,3.5127e-08,0.00040972265,1.4706588e-06,0.030758532,0.0016695764,1.8286689e-06,0.8503584,3.8878693e-06,0.00016052146,0.00016052146,0.06198967,0.00038150584,8.461914e-06,0.00048669157,0.7373932,0.7748613,0.7748613,2.355307e-09,0.70999694,7.223774e-08,0.0019037578,4.3686976e-10,0.00015994406,0.2342725,8.341659e-07,0.0010603238,1.42187e-09,2.9020232e-06,8.478696e-12,1.3939476e-10,1.2416322e-07,0.002255057,0.00043312265,0.003951031,2.0034913e-05,0.00079979585,0.2293063,0.23136266,0.008572739,0.24794441,0.3193593,0.43304375,0.1340256,0.23714697,0.19751312,0.101617366,0.511033,0.065524705,0.21030697,0.59486645,0.53419864,0.51581544,0.3176847,0.13421607,0.46664017,0.449148,0.122342795,3.8273058e-05,0.0015470833,0.32224596,0.17568772,0.0066298763,0.3115699,0.22195922,0.0012381648,0.125926,0.69169164,0.0011418842,0.5303801,0.23047502,0.30023482,0.047332015,0.22748508,0.38039806,0.3409235,0.6736681,0.19112685,0.46989885,0.162446,0.0801017,0.2546356,0.22579151,0.18029192,0.5553084,0.77101225,0.47307897,0.7026656,0.05787572,0.6237042,0.2559806,0.21264236,0.20051548,0.23360305,0.18172726,0.16791043,0.5677416,0.000121564735,0.24170086,0.347679,0.15897979,0.07711737,0.56349707,0.28230315,3.35507e-05,0.048801318,3.7990355e-06,0.25144342,0.29247305,0.0053583453,0.124853745,0.52341473,0.03637986,0.00021998782,0.2298036,0.22397815,0.1769863,0.24363288,0.22959304,0.19703552,0.1569675,0.093237355,0.308617,0.009398303,0.33154917,5.2042463e-07,0.36755395,0.16367182,0.5490634,0.4149965,0.0018515865,0.08733889,0.4355717,0.46477664,0.8110898,0.3194234,0.037566416,0.35620487,0.38115597,0.032802213,0.49734315,0.2375723,0.5712491,0.32799467,0.07781981,0.12053695,0.15621756,0.3099522,0.34861815,0.40866217,0.13734433,0.06356663,0.41867414,0.3859579,0.50125074,0.010298312,0.4488511,0.18411699,0.58999985,0.37440473,0.3161148,0.1846905,0.5482999,0.21763366,0.16648571,0.43692508,0.22871312,0.14085646,0.47292677,0.32821566,0.6124061,0.011985588,0.83630437,0.0503932,0.25686,0.40930942,0.095518045,0.22083166,0.49373603,0.0007524228,0.0016507038,0.28826436,0.339311,0.37090322,0.0054894006,0.1690005,0.40476716,0.11767192,0.10934446,0.10436381,0.0015085521,0.34712443,0.30508348,0.04449812,0.50891834,0.05523942,0.12944625,0.34183958,0.89201915
BC2026_Train_0002_S08_20250607_030007_30,0.15468185,0.07118997,0.022974327,1.4783743e-07,2.7072286e-08,0.22022879,0.0062644104,0.029162737,1.946022e-09,2.353673e-09,4.7119224e-07,0.04152303,0.0075661205,1.1646636e-08,4.5086784e-07,2.737441e-10,0.027012624,0.00053702673,6.575974e-09,0.03998657,0.2759902,8.3219605e-11,0.16805409,2.1372266e-06,8.191872e-06,5.629521e-05,1.0438978e-10,0.3625073,1.873746e-05,0.0013956758,0.07071238,3.4541642e-06,0.00044102568,0.00016474492,0.0030408073,4.6453574e-06,3.701086e-08,0.0004193065,1.6220573e-06,0.033417035,0.001641189,2.4549893e-06,0.8514978,4.141257e-06,0.0001908327,0.0001908327,0.06039827,0.00042663165,8.245054e-06,0.0004923679,0.74069667,0.7786143,0.7786143,2.5423361e-09,0.709228,6.612396e-08,0.0018988258,4.1831713e-10,0.00012965308,0.1649533,8.063377e-07,0.0011312693,2.3573075e-09,3.12271e-06,7.0406003e-12,1.1757144e-10,1.0531452e-07,0.0022033763,0.00043383255,0.003917733,2.000832e-05,0.0008176401,0.3422396,0.175248,0.009604229,0.22241963,0.27416766,0.49093854,0.1688633,0.2134986,0.23531026,0.113819465,0.48711383,0.070763506,0.20857683,0.5684044,0.49947912,0.48491576,0.37011895,0.17437842,0.39182553,0.5884648,0.116948575,3.9758917e-05,0.001500677,0.3330779,0.14231205,0.006395233,0.38012657,0.25118005,0.0015330355,0.1351565,0.6636265,0.001103376,0.5809754,0.22766477,0.3958603,0.060392022,0.29425454,0.4151356,0.4050986,0.7167273,0.19902763,0.50215155,0.20278305,0.112466924,0.27362224,0.1879281,0.13807593,0.54776126,0.62191695,0.48602593,0.68066376,0.06297781,0.6205631,0.3354109,0.23359564,0.22688904,0.24899635,0.19764026,0.20186068,0.60681325,0.00011540148,0.24422945,0.4673188,0.12992826,0.070992395,0.5763736,0.35078308,3.316589e-05,0.043270882,7.987527e-06,0.30039468,0.3250524,0.0038193406,0.16405103,0.7758626,0.038697664,0.00027149203,0.2399198,0.2267243,0.2310135,0.28401855,0.24033271,0.24033235,0.23870127,0.10174531,0.3960913,0.011725663,0.25663942,6.7892427e-07,0.40016204,0.17992884,0.63545364,0.43651283,0.0015871036,0.087975055,0.260799,0.60093373,0.83624333,0.47488874,0.02723394,0.43669087,0.42232385,0.021073656,0.6173709,0.28480133,0.5556638,0.35944137,0.08754386,0.24184655,0.17666556,0.2844981,0.40300357,0.24758781,0.13288319,0.05321662,0.39155924,0.37650618,0.54407364,0.011535122,0.53535223,0.19874798,0.6044545,0.44821402,0.33660412,0.20822227,0.5864786,0.22513355,0.14106405,0.55551445,0.20128629,0.1601066,0.48198473,0.35159895,0.8161932,0.013253998,0.79841304,0.06529486,0.2767461,0.33990747,0.12645252,0.23758303,0.41220883,0.0007294028,0.0017623373,0.2836683,0.3273492,0.38658148,0.0060004005,0.24702542,0.5314086,0.117970325,0.12625384,0.09903841,0.0015615062,0.4701778,0.2971832,0.040494602,0.59596825,0.065578155,0.12359638,0.35307774,0.904309
BC2026_Train_0002_S08_20250607_030007_35,0.19434692,0.07769053,0.021760738,1.1209258e-07,2.7733275e-08,0.2556983,0.0053015635,0.033762746,1.1407126e-09,1.9261748e-09,3.5032747e-07,0.048446152,0.005772336,1.1087198e-08,4.246902e-07,2.2186547e-10,0.029182445,0.0004899727,3.850594e-09,0.04200209,0.22117835,5.839741e-11,0.17399397,2.5277755e-06,5.8984747e-06,6.827285e-05,6.733209e-11,0.39364278,1.3884602e-05,0.0012617002,0.057765037,2.7671235e-06,0.00029444761,0.00016132147,0.003029552,3.945649e-06,2.8115243e-08,0.0003494345,1.283452e-06,0.025670795,0.001447696,1.8257149e-06,0.8570424,3.2316855e-06,0.00013575408,0.00013575408,0.050581496,0.00030806963,7.31807e-06,0.00041416797,0.741959,0.7798818,0.7798818,1.943922e-09,0.70909095,8.199927e-08,0.0019035491,3.0547873e-10,0.00013232432,0.20548904,7.660982e-07,0.001135418,1.8015214e-09,2.3602854e-06,9.527297e-12,1.150072e-10,7.866622e-08,0.0023145098,0.0004974337,0.004021585,1.9981746e-05,0.00074833457,0.21501568,0.15832499,0.00668711,0.22769965,0.28822002,0.43496957,0.16054398,0.21543178,0.18707901,0.11899864,0.45793182,0.06586215,0.18000956,0.5537877,0.41080207,0.5516211,0.3138376,0.14890856,0.4163713,0.45725954,0.12775797,3.378117e-05,0.0015324863,0.3208204,0.17028022,0.0052665146,0.36406237,0.22649185,0.0010872858,0.13881871,0.5861542,0.0010860052,0.6459183,0.20896408,0.36292526,0.06736139,0.28182337,0.35867098,0.33564523,0.71848834,0.12405232,0.46733567,0.16017504,0.10404029,0.29417458,0.22683421,0.12320169,0.5316329,0.619117,0.39815995,0.75275177,0.061175667,0.6304734,0.29617327,0.24650054,0.18398735,0.18101189,0.20406216,0.20254771,0.6075588,0.00011212554,0.24775308,0.36218694,0.13655221,0.050872095,0.56744176,0.29632366,2.35183e-05,0.034034293,3.4072752e-06,0.29100364,0.26389837,0.0031204144,0.22147217,0.5743682,0.035702348,0.0002316407,0.22600393,0.24546236,0.23365317,0.2556052,0.22872034,0.20336829,0.19737068,0.11080345,0.29549667,0.013297235,0.2621819,4.3319932e-07,0.41597423,0.17715825,0.5655078,0.49360108,0.0013425882,0.07323955,0.24150923,0.44586354,0.79905844,0.38805965,0.03301793,0.3992557,0.4155643,0.021417279,0.5898996,0.28408912,0.4578317,0.379493,0.10526868,0.10351597,0.1392256,0.27945486,0.64676976,0.2539254,0.12363501,0.063519105,0.3811783,0.3314475,0.5142189,0.008318898,0.40842023,0.16733292,0.5258816,0.35518062,0.4342821,0.17384371,0.5572997,0.22558549,0.15973477,0.4396359,0.20863625,0.14352237,0.41805524,0.30274773,0.7217357,0.012355584,0.8206074,0.04617478,0.2823113,0.33224553,0.068840146,0.37037152,0.40068966,0.0006867157,0.0012943279,0.30331093,0.34159243,0.3593348,0.005492985,0.16842487,0.4466097,0.18034968,0.109516524,0.10938554,0.0011608492,0.30953503,0.2977785,0.042584937,0.53096044,0.06706935,0.10420827,0.30436555,0.8602447
BC2026_Train_0002_S08_20250607_030007_40,0.1654225,0.092902675,0.025122799,2.500624e-07,2.7432284e-08,0.24723886,0.00633193,0.04029946,2.37526e-09,2.1535296e-09,3.6573198e-07,0.03756708,0.0064701173,1.3032634e-08,4.1933802e-07,2.6510666e-10,0.029330729,0.0005187099,5.507465e-09,0.055597894,0.20324802,8.594209e-11,0.18470025,1.5193492e-06,9.6608555e-06,5.77408e-05,9.5613226e-11,0.38591424,2.1060152e-05,0.0014898155,0.077858396,3.238446e-06,0.0004916241,0.00020207773,0.0030679854,4.7907533e-06,3.367684e-08,0.00044491,1.5094157e-06,0.030488148,0.0018152471,2.6813534e-06,0.85157055,3.7708253e-06,0.00019390654,0.00019390654,0.062182408,0.0004501354,8.754108e-06,0.0005402321,0.73951566,0.775965,0.775965,2.4751212e-09,0.704567,6.872142e-08,0.0018981665,4.1775147e-10,0.00015415701,0.1914403,8.535675e-07,0.0010912942,2.5001863e-09,3.0066979e-06,1.639752e-11,1.3881933e-10,8.296884e-08,0.001995101,0.00042938787,0.004288555,2.0138501e-05,0.00089808065,0.20891088,0.17264782,0.008770157,0.2078071,0.27233547,0.46455944,0.21667157,0.20164318,0.24511455,0.18525967,0.5113634,0.049734842,0.25549382,0.5702014,0.64519405,0.51038164,0.3068158,0.18989211,0.5760771,0.46926105,0.13272332,3.2865748e-05,0.0016586789,0.3208245,0.15178534,0.008746023,0.29929662,0.22598572,0.0011396473,0.16533343,0.57967424,0.0011045524,0.5814645,0.1955689,0.3327577,0.05934824,0.2605714,0.3356111,0.37731752,0.6986446,0.16383448,0.4495166,0.17515396,0.07522856,0.29614633,0.2046648,0.13134515,0.4945697,0.51979935,0.4201178,0.6244367,0.04840336,0.6242458,0.25986186,0.23533434,0.1924976,0.18370223,0.16361983,0.17344762,0.60851717,0.00014850193,0.33254603,0.3906648,0.118677795,0.044403605,0.5269086,0.33516547,2.5345931e-05,0.037314974,4.0873774e-06,0.2879338,0.27719247,0.003307968,0.16697344,0.65049064,0.033802163,0.00028084856,0.2167154,0.25159785,0.24199632,0.3161232,0.23652962,0.21227747,0.21001591,0.10498502,0.3046113,0.010757742,0.31794488,7.383667e-07,0.41467527,0.15722644,0.6147769,0.50508714,0.0021306374,0.089158416,0.25172022,0.4886669,0.81289816,0.34367013,0.030095803,0.3962517,0.4127798,0.019751802,0.49670398,0.2565388,0.50075704,0.36327004,0.09982217,0.120913126,0.15602079,0.30442542,0.43508655,0.18887724,0.11645809,0.07400697,0.49097967,0.3648202,0.5341574,0.009793142,0.48468035,0.17940171,0.4815014,0.39573577,0.38341877,0.27109212,0.5347935,0.20331138,0.15051523,0.48394272,0.2110153,0.15472193,0.48244044,0.33461776,0.72642505,0.011490296,0.83170974,0.04840858,0.26268178,0.360703,0.08211136,0.25450835,0.38654256,0.00074411026,0.0013032032,0.2764301,0.3551823,0.3799704,0.0061374926,0.18230084,0.54079545,0.12607336,0.09104018,0.10767237,0.001512742,0.31615704,0.3565456,0.04596602,0.53513974,0.05615446,0.11652332,0.34586036,0.8384155
BC2026_Train_0002_S08_20250607_030007_45,0.17718157,0.287864,0.054569863,1.271971e-07,2.8182521e-08,0.27619416,0.0059826598,0.03714117,1.9376198e-09,2.3506175e-09,3.030921e-07,0.17898849,0.0074838167,1.3218939e-08,5.187924e-07,2.781569e-10,0.038345505,0.00059859385,5.647059e-09,0.04525304,0.15753433,1.4005344e-10,0.15550056,2.2402376e-06,1.3391756e-05,5.9271933e-05,1.2903262e-10,0.50472844,6.5859305e-05,0.0019256212,0.05528298,4.19367e-06,0.00032180478,0.00022213109,0.0031093797,4.9955256e-06,3.226651e-08,0.0003616456,1.527577e-06,0.031750713,0.001564716,1.7769689e-06,0.8550111,4.97438e-06,0.00015112667,0.00015112667,0.060997065,0.00036083456,7.731276e-06,0.000447584,0.7438216,0.7823322,0.7823322,2.375714e-09,0.71100926,7.9152116e-08,0.0018972626,3.303978e-10,0.00024526706,0.1897489,7.173269e-07,0.0012123508,2.0108266e-09,3.357142e-06,1.8185741e-11,1.8003468e-10,9.593297e-08,0.0023804475,0.0004706873,0.008214064,2.0001145e-05,0.0008083122,0.23512846,0.1673218,0.020714918,0.23900554,0.26761812,0.45538893,0.1799425,0.18623137,0.1591208,0.1297381,0.5202881,0.05507018,0.1692537,0.54627454,0.54976,0.5166077,0.3300108,0.13280302,0.41106412,0.7179899,0.09315873,2.3810015e-05,0.0018324136,0.28924438,0.17520316,0.006503766,0.3684207,0.22888868,0.0014908973,0.16480005,0.61849576,0.0014133445,0.5589608,0.2566997,0.3705677,0.047115132,0.2518219,0.36383644,0.32345,0.70583045,0.17185949,0.4857258,0.17320077,0.08838871,0.29896662,0.19520798,0.16106772,0.5294963,0.7031959,0.46314436,0.75725543,0.046760384,0.65108955,0.23670244,0.2610454,0.20732608,0.24187589,0.21780111,0.3277876,0.57213485,8.28928e-05,0.24258353,0.29095706,0.1480858,0.064766064,0.5449149,0.29934937,3.159685e-05,0.049061187,2.6316682e-06,0.3058995,0.29962876,0.004528578,0.11438111,0.5978715,0.03442571,0.0001651962,0.20570964,0.250816,0.23144044,0.27144313,0.25384107,0.27659237,0.22877985,0.13053516,0.32506186,0.011061806,0.25728118,3.9771575e-07,0.3916202,0.13767025,0.5932508,0.44014424,0.0019040535,0.07031853,0.21043512,0.38679236,0.80133957,0.40221864,0.03298898,0.39949363,0.401533,0.012813837,0.5667875,0.27588037,0.5203159,0.3140685,0.16562167,0.123922125,0.14424902,0.26438022,0.65408033,0.18596366,0.11381072,0.06813752,0.40146497,0.3416943,0.6161926,0.011187522,0.47622442,0.23641558,0.5389195,0.36263457,0.4078154,0.22641043,0.5415549,0.23022757,0.12609647,0.5052447,0.24815735,0.13951343,0.39901742,0.34406215,0.64794976,0.014467464,0.8371761,0.057621732,0.25466156,0.36470112,0.06339243,0.27559993,0.44625226,0.0007783297,0.0014678042,0.27649346,0.33521038,0.33341318,0.0044967476,0.19029039,0.48267192,0.12858899,0.089120224,0.106792405,0.0012804907,0.2905626,0.27666134,0.04449299,0.45455697,0.054803837,0.08410538,0.3004006,0.8343635
BC2026_Train_0002_S08_20250607_030007_50,0.18282776,0.076507635,0.023295768,8.1193086e-08,2.7528582e-08,0.25477162,0.005167933,0.03152009,1.6282441e-09,1.7592866e-09,2.7797904e-07,0.04405341,0.0073821447,1.1685831e-08,4.4909814e-07,2.6800948e-10,0.039032463,0.0006662833,1.1958053e-08,0.061024956,0.14616852,1.2745535e-10,0.31433704,3.400776e-06,7.048148e-06,5.3633943e-05,9.716824e-11,0.3324021,1.8828936e-05,0.0012951806,0.06963636,3.3291035e-06,0.00039634077,0.00019636517,0.0030542857,4.276158e-06,2.8700764e-08,0.00046015932,1.3749236e-06,0.030414741,0.0017222525,2.137744e-06,0.85792863,3.8174962e-06,0.00016583891,0.00016583891,0.05783876,0.00041555666,9.944735e-06,0.000545749,0.7505727,0.7852509,0.7852509,2.0569728e-09,0.7130155,7.2752044e-08,0.0018971851,3.1619965e-10,0.00014748263,0.18616728,1.0407457e-06,0.0010933595,1.5956321e-09,3.3416852e-06,1.9482211e-11,1.4051793e-10,1.3386249e-07,0.001905919,0.00044649074,0.0055116066,2.0094767e-05,0.0009121965,0.176793,0.16520688,0.009421822,0.2599333,0.27471784,0.458236,0.18547331,0.23303214,0.20933408,0.100516886,0.45616823,0.090553455,0.24028659,0.5633484,0.6382914,0.5210709,0.31605703,0.17683876,0.5070801,0.47732592,0.11533239,4.8974456e-05,0.003495086,0.30591092,0.16444695,0.0068919277,0.30943963,0.27510634,0.0014218378,0.1642504,0.6649307,0.00095480087,0.5340765,0.22355895,0.4314277,0.059744384,0.21854095,0.40021443,0.35793206,0.7034758,0.19125234,0.45531482,0.18077801,0.10049919,0.26353088,0.22246669,0.13804625,0.4887054,0.793154,0.41219875,0.7282574,0.03854031,0.56761587,0.2770591,0.2828589,0.1864085,0.15894823,0.22163609,0.1775126,0.5622532,9.8965495e-05,0.2426833,0.42728832,0.13510689,0.081084475,0.5604614,0.2965272,2.659117e-05,0.03793868,1.0251755e-05,0.28267503,0.27139217,0.0035853055,0.16638623,0.6366576,0.03892451,0.00027435643,0.23035121,0.18513218,0.27401268,0.29461077,0.25057986,0.22482727,0.21330778,0.11966972,0.3686532,0.01740227,0.27719966,7.8502137e-07,0.40564814,0.16143276,0.56611145,0.45497933,0.0016569527,0.08505177,0.20270212,0.4335421,0.8223901,0.41577026,0.026349815,0.36809215,0.4156642,0.016774233,0.4821394,0.24968797,0.4040667,0.323975,0.12215084,0.105036326,0.13640288,0.2887164,0.47389066,0.19328831,0.106424615,0.091873206,0.39176622,0.35879582,0.5402048,0.008568732,0.45221895,0.19943032,0.51024985,0.4199961,0.38634825,0.19386818,0.56106174,0.21258044,0.17603461,0.4703326,0.2198547,0.14496529,0.4561729,0.31128174,0.6828937,0.012546912,0.78821427,0.04750053,0.27145296,0.38780645,0.051877107,0.36619648,0.40402102,0.0007648973,0.001171588,0.33028835,0.3302435,0.31115925,0.0053330455,0.20668876,0.43065223,0.20189798,0.0898419,0.12569462,0.0013054728,0.32078928,0.27789545,0.04102395,0.46169707,0.06338389,0.10495315,0.29873338,0.85816044
BC2026_Train_0002_S08_20250607_030007_55,0.14045261,0.08429829,0.022231981,8.799307e-08,2.5640707e-08,0.25412098,0.0050049843,0.0326305,1.0419161e-09,1.7694706e-09,2.7255595e-07,0.04759818,0.007805088,1.15075e-08,4.2928303e-07,2.54774e-10,0.04312655,0.0004852054,9.638995e-09,0.037506245,0.16938165,8.956603e-11,0.18037495,1.0787217e-06,7.725742e-06,5.965199e-05,1.0123287e-10,0.33308294,1.2906521e-05,0.0010799504,0.06539543,2.88406e-06,0.0003202402,0.00014680646,0.003013347,3.8640283e-06,3.2766497e-08,0.00034804933,1.3696706e-06,0.025181735,0.0013197198,1.940034e-06,0.85351115,3.51575e-06,0.00014694406,0.00014694406,0.051845744,0.00034216474,7.2059397e-06,0.0003821899,0.7392196,0.7778374,0.7778374,2.0419795e-09,0.70425737,6.965106e-08,0.0019066522,3.618065e-10,0.00015013952,0.15718758,7.129281e-07,0.0011616825,1.0117234e-09,2.3689577e-06,6.9081026e-12,1.269748e-10,8.974087e-08,0.0017637094,0.0004707062,0.003882269,2.0057125e-05,0.0007397866,0.22444479,0.18138966,0.007464155,0.22773041,0.277826,0.48601305,0.24213777,0.17566952,0.18322739,0.14970714,0.462951,0.081813216,0.22897585,0.5758387,0.48639244,0.5432775,0.36339617,0.16178584,0.40899664,0.5083088,0.1256637,3.058211e-05,0.0014931762,0.28108293,0.14653963,0.005352464,0.32333344,0.28159884,0.0012860072,0.11986274,0.64274764,0.0010359179,0.5194902,0.2555823,0.43526375,0.062360518,0.3055033,0.44630298,0.39605886,0.74624616,0.23420136,0.5355313,0.18861337,0.10779,0.2706309,0.18950512,0.13228624,0.4997889,0.6253041,0.49794003,0.8039143,0.044098653,0.538358,0.28904226,0.25779194,0.19780032,0.22932582,0.18176055,0.20403291,0.5905059,8.5363514e-05,0.26034233,0.33911306,0.12831576,0.043702014,0.56257564,0.3211334,1.6629303e-05,0.04089691,5.7723587e-06,0.32979986,0.23742443,0.003393485,0.14096555,0.68682235,0.03428484,0.00024563115,0.21918851,0.1882112,0.22344837,0.33349973,0.20627698,0.21808314,0.22384891,0.09172018,0.32924047,0.013176376,0.26864848,4.944252e-07,0.41255507,0.1374017,0.6104006,0.43642423,0.0015017304,0.08100123,0.2359415,0.50733215,0.8239807,0.41539133,0.030939268,0.4206431,0.4452188,0.017976914,0.4676104,0.32086602,0.49029142,0.32275194,0.10704382,0.14131334,0.15861675,0.2979868,0.5917902,0.22367969,0.14498216,0.090072684,0.4751244,0.38406688,0.48979214,0.014870288,0.4622942,0.1804375,0.5720091,0.39678153,0.42516848,0.17958768,0.5975839,0.20821989,0.1718395,0.5496833,0.2149965,0.13845061,0.5038582,0.31318912,0.77265525,0.014636104,0.84263426,0.050146893,0.2794818,0.39645705,0.0802561,0.23416904,0.4263152,0.00067222747,0.0018488719,0.36730203,0.31592354,0.351191,0.0047884015,0.2014035,0.5099028,0.16162142,0.09066478,0.12758827,0.001519763,0.35369474,0.30569097,0.047658756,0.56056017,0.05876636,0.11950233,0.4024775,0.9295922
BC2026_Train_0002_S08_20250607_030007_60,0.18065532,0.06755648,0.043808665,1.3463898e-07,2.8779855e-08,0.21501356,0.0053660255,0.0408518,1.9826578e-09,2.8527014e-09,1.6996901e-07,0.07262078,0.009161254,1.1121508e-08,4.986238e-07,1.6481655e-10,0.029035032,0.0005284453,6.1466117e-09,0.064235955,0.16125761,1.2915236e-10,0.18277887,4.9740042e-06,5.202081e-06,5.1437433e-05,8.602169e-11,0.41269347,1.8906621e-05,0.0009986263,0.062440973,3.0516824e-06,0.00032130256,0.000117963566,0.0030044392,3.6313643e-06,3.5679097e-08,0.00029691603,1.583023e-06,0.026277643,0.0011813903,2.4047e-06,0.8428158,3.635846e-06,0.00013515801,0.00013515801,0.048501458,0.00029169046,5.881151e-06,0.00034613843,0.7244474,0.7603671,0.7603671,2.1547286e-09,0.6851403,8.5339465e-08,0.0019079363,2.7370997e-10,0.00019138663,0.145087,7.687647e-07,0.0012173647,2.3961826e-09,1.5803571e-06,1.8696478e-11,1.7032833e-10,6.812499e-08,0.0016206339,0.00043488966,0.0039357273,2.0078645e-05,0.00079588784,0.22910711,0.12765604,0.020971404,0.24026498,0.40899068,0.4260018,0.18108025,0.18239272,0.19290431,0.123267114,0.41635966,0.057346854,0.1397464,0.49489167,0.64404446,0.57674897,0.28343245,0.12763473,0.40126085,0.49362662,0.09493285,3.1469703e-05,0.002392704,0.28437746,0.1689092,0.0046242406,0.30932885,0.21833488,0.0010739852,0.08985831,0.5395798,0.0008528045,0.41044113,0.29430854,0.44157553,0.07230296,0.251577,0.38626155,0.34410474,0.73370445,0.16120219,0.5248846,0.16600513,0.16241497,0.35481417,0.18259428,0.17805672,0.48119053,0.65086067,0.43547603,0.80349284,0.041148506,0.4741841,0.2166109,0.26974133,0.1841315,0.23962438,0.18220428,0.1981732,0.6170382,6.5000844e-05,0.24860042,0.41496703,0.15778102,0.033746243,0.56925446,0.31686184,1.541797e-05,0.044600807,2.823367e-06,0.3364252,0.26284814,0.0026932552,0.16635093,0.5330092,0.035460856,0.00017054655,0.199337,0.18845968,0.28660405,0.28549445,0.2808371,0.24467093,0.18804014,0.0983216,0.37664032,0.008641926,0.2026162,3.4975517e-07,0.3869401,0.15583622,0.51631886,0.5788345,0.0010927016,0.084391564,0.26551935,0.44678962,0.7804881,0.41087937,0.03269205,0.3287337,0.40833974,0.012746053,0.55681807,0.302703,0.46082643,0.3243027,0.08114202,0.08736742,0.4201662,0.29920867,0.3835289,0.14475578,0.12546158,0.09425064,0.38490754,0.33109507,0.5351363,0.017315235,0.38829166,0.17022611,0.4780319,0.36624548,0.3753609,0.16883047,0.5381461,0.22567493,0.1509228,0.43592292,0.22765574,0.12634118,0.44077754,0.32358837,0.8652082,0.010428,0.75775105,0.05750572,0.25659853,0.39218512,0.05788539,0.22872803,0.45488954,0.00049618055,0.00089945714,0.3105472,0.30341452,0.34808546,0.0044219857,0.1852819,0.50225574,0.10215384,0.07308448,0.09033564,0.0010104273,0.3276106,0.37994024,0.04233165,0.558498,0.056766685,0.08979266,0.32477856,0.90428853
BC2026_Train_0003_S08_20250607_070007_5,0.36258727,0.07294737,0.024519458,1.4781428e-06,2.6047493e-08,0.34071162,0.017722052,0.039479285,2.6841755e-08,3.408225e-08,2.9034238e-06,0.018937593,0.0047268737,2.4516135e-08,4.6607127e-07,8.054006e-09,0.0035209726,0.0005414841,6.8687336e-07,0.22107635,0.06956991,8.12674e-10,0.16858274,3.6497795e-06,1.6511329e-05,4.6597965e-05,6.045258e-08,0.17969806,0.00018500227,0.007571684,0.0012940324,2.2350094e-05,0.013200795,3.5875873e-06,1.334856e-05,5.202589e-08,5.4740275e-07,0.08252646,3.257986e-05,0.0021877033,0.2447726,5.320871e-05,0.00355867,3.811165e-05,0.0081997,0.0081997,0.7180359,0.010329572,0.28463873,0.1389378,0.0019023862,0.0017027941,0.0017027941,5.7140586e-08,0.5892511,1.2640885e-07,0.0020858562,3.41001e-11,0.00013393625,0.124595754,1.14602756e-07,0.0010611861,1.933891e-08,2.3804621e-07,2.0336084e-11,4.982199e-09,1.196726e-06,0.0020785462,0.0032826357,0.0046561975,1.7085324e-05,0.002116472,0.2092429,0.29728544,0.03943343,0.2670097,0.53600687,0.7882002,0.2706079,0.5670337,0.39316595,0.16817749,0.7051589,0.0602589,0.45856225,0.44500753,0.20796633,0.55222,0.40077698,0.24191892,0.49422783,0.4683424,0.17987655,0.022295827,0.03821475,0.7057537,0.4562666,0.9616468,0.4247693,0.30959472,0.0009264309,0.29953158,0.7869329,0.0037031511,0.35819042,0.46515822,0.14209656,0.10543984,0.5682098,0.43465564,0.26092222,0.6422016,0.13966428,0.5903065,0.3123249,0.24863942,0.32105455,0.35845256,0.28405604,0.7226159,0.9634408,0.8369137,0.60984606,0.18448982,0.77814925,0.3420637,0.4404433,0.6619027,0.26519385,0.5672706,0.4438426,0.6354517,0.0018112338,0.44262815,0.4235741,0.16074538,0.16130407,0.57635796,0.42586607,0.0004227751,0.06910622,0.0004497731,0.5612038,0.34060907,0.008288556,0.08838516,0.62935674,0.16163988,0.0062859347,0.4393227,0.31267703,0.20773679,0.41220155,0.1691769,0.8408552,0.16609313,0.48453078,0.22033031,0.018913956,0.263663,0.00011948761,0.39292273,0.36158448,0.37804273,0.5333134,0.018545417,0.48435393,0.4975978,0.266564,0.7753595,0.6369216,0.123697765,0.3834339,0.516837,0.088040575,0.81551945,0.2139272,0.51517785,0.3578728,0.61126035,0.058554217,0.059751403,0.16035597,0.40099645,0.31245646,0.18539776,0.037313327,0.36034304,0.21953577,0.5625443,0.0430917,0.6589429,0.17773819,0.70485705,0.4977135,0.52285695,0.36051315,0.4567545,0.32427263,0.23409313,0.42138505,0.15198688,0.14340487,0.46703714,0.6171465,0.58769715,0.09180269,0.8801219,0.21473129,0.4620084,0.48680937,0.07448745,0.29105175,0.3316126,0.003834665,0.0157942,0.4898956,0.48815206,0.2930875,0.012365925,0.21383004,0.14170861,0.2545764,0.14113395,0.20764232,0.10031709,0.16461894,0.4250128,0.16842484,0.5445924,0.119778834,0.25000966,0.37279913,0.33369964
BC2026_Train_0003_S08_20250607_070007_10,0.2821101,0.10409842,0.03297552,1.4180024e-06,2.3924759e-08,0.4219587,0.06133277,0.08769714,2.8548003e-08,6.0695335e-08,3.2963162e-05,0.039291326,0.0049626115,1.9314013e-08,5.2783764e-07,3.1110292e-09,0.0028568949,0.00053012604,2.9509536e-07,0.33882326,0.06684262,4.972573e-10,0.14536855,2.053565e-06,1.2381051e-05,5.1010677e-05,1.6336688e-08,0.23681548,0.00037180277,0.004839152,0.0011920189,1.7204251e-05,0.016530171,3.0999997e-06,1.3283571e-05,4.3637716e-08,4.7376676e-07,0.0741705,3.2929354e-05,0.0019985435,0.21823655,4.587088e-05,0.0030060138,3.354308e-05,0.007500641,0.007500641,0.68902665,0.01214331,0.27589148,0.12159828,0.0017421525,0.0014709851,0.0014709851,4.9676053e-08,0.54299104,1.3439178e-07,0.0020876438,1.1136483e-11,0.00010172413,0.11518141,5.052829e-08,0.0009937398,3.3816068e-08,1.4368854e-07,2.394019e-11,6.3190875e-09,7.2827635e-07,0.0029477137,0.0017257275,0.0058894153,1.7110304e-05,0.0020301153,0.29826272,0.32808632,0.06758426,0.3095595,0.4659032,0.77291745,0.42488557,0.87173885,0.37903365,0.16863509,0.8261134,0.07576546,0.46748614,0.63636494,0.22787245,0.6588651,0.44822797,0.33452153,0.42944327,0.46366823,0.2343889,0.03131429,0.02827256,0.5170513,0.545664,0.98867136,0.4319068,0.44116145,0.00086668733,0.32783028,0.73643094,0.0031497371,0.37376112,0.64945173,0.15409257,0.110510126,0.67849666,0.44766733,0.29715073,0.8161772,0.14663754,0.6337396,0.31563267,0.20694351,0.3607016,0.42093706,0.3014005,0.6950961,0.9282547,0.7614642,0.579608,0.19156146,0.68801636,0.35847417,0.56426394,0.41548687,0.26871124,0.6574997,0.3994685,0.6636121,0.0063885236,0.64474344,0.4753599,0.14184086,0.22888671,0.59925085,0.5404735,0.0006141985,0.11274664,0.00038653504,0.45514318,0.33720458,0.0073262663,0.15449226,0.71596676,0.2788541,0.010522213,0.47330272,0.5022111,0.1822206,0.4057772,0.18964492,0.64611655,0.17384712,0.60147697,0.29285708,0.022704143,0.47773245,3.4077606e-05,0.52688175,0.6963771,0.42684692,0.6192535,0.012310663,0.5096305,0.39545077,0.23147461,0.8420626,0.81345123,0.12048837,0.5240624,0.6556217,0.04184296,0.81167656,0.21304515,0.33580905,0.26594117,0.60500324,0.09515469,0.062492218,0.17516139,0.3433936,0.26925084,0.1584049,0.062014885,0.40591896,0.2188748,0.62899685,0.055904366,0.9743463,0.18501578,0.8289313,0.4370083,0.4720887,0.60524297,0.5191774,0.31626803,0.52524155,0.47658515,0.26657423,0.14337285,0.6233828,0.48957378,0.63176423,0.050870188,0.8043336,0.21745232,0.4724195,0.43360043,0.06371724,0.3093041,0.3067571,0.005926014,0.013971765,0.5062302,0.44636536,0.23081474,0.022279318,0.19466364,0.13599177,0.33162594,0.12223683,0.2057365,0.07736969,0.1767435,0.41012374,0.20782241,0.5701423,0.14709666,0.38674113,0.45033073,0.41691574
BC2026_Train_0003_S08_20250607_070007_15,0.22075409,0.0732909,0.02934873,1.1958887e-06,2.6225447e-08,0.45386153,0.026149226,0.06459228,2.4872202e-08,1.3188547e-07,6.0385664e-05,0.041125547,0.0048479456,2.0152964e-08,5.527699e-07,4.0453814e-09,0.0035317237,0.0005251704,5.767801e-07,0.27706993,0.075971566,6.563467e-10,0.12865384,3.7490522e-06,9.067771e-06,5.1899515e-05,1.8891965e-08,0.18934916,0.0003258664,0.00856137,0.0010369464,1.6004133e-05,0.012747571,2.3919054e-06,1.359461e-05,4.492502e-08,4.630621e-07,0.075476445,3.196935e-05,0.0024602667,0.23526362,3.7283866e-05,0.0029301073,3.08215e-05,0.0073245936,0.0073245936,0.6905721,0.010150901,0.4882197,0.12733874,0.001556964,0.0013528918,0.0013528918,5.8913432e-08,0.53189087,1.4573266e-07,0.0020754174,2.6551572e-11,0.00012414562,0.09549541,6.92574e-08,0.0009824566,2.5691397e-08,2.6465506e-07,2.5595862e-11,5.1192255e-09,5.540202e-07,0.0016770132,0.0019471649,0.006828733,1.7078677e-05,0.001795306,0.21548389,0.32828668,0.04953389,0.24728753,0.4291853,0.75007904,0.28822076,0.6915356,0.37854746,0.1671478,0.87939197,0.06056783,0.4588401,0.6049344,0.19409792,0.73159856,0.41125455,0.46520397,0.6237393,0.36914405,0.20711836,0.030658863,0.08324926,0.5669559,0.6509353,0.9761884,0.61428404,0.4169715,0.0006322965,0.34031758,0.69875306,0.003950296,0.32569414,0.5947068,0.12711456,0.121523224,0.744363,0.32095405,0.21502441,0.74473345,0.12007183,0.5716264,0.36044282,0.15965778,0.43123624,0.5291209,0.35563403,0.8506072,0.89805627,0.66641784,0.49081028,0.19117868,0.67975205,0.3331912,0.48581553,0.3903829,0.21409425,0.5794684,0.4128303,0.68178624,0.0030198998,0.6865823,0.45316973,0.13997391,0.34321907,0.5590409,0.5145767,0.0021738675,0.12711903,0.000585223,0.43989384,0.31714857,0.009290932,0.08782269,0.5501464,0.51666874,0.010964524,0.6703203,0.4675951,0.21235874,0.4350774,0.18241267,0.49131215,0.15073009,0.3540047,0.21769585,0.029253412,0.6145963,2.8666816e-05,0.466953,0.6352199,0.46321896,0.5168348,0.014934459,0.552431,0.45581177,0.18956314,0.8428822,0.89364535,0.19063173,0.3202605,0.4689273,0.040260937,0.6019394,0.17061406,0.4271877,0.22887048,0.5178344,0.11054541,0.05821256,0.21050493,0.3172728,0.31811073,0.20757726,0.057785943,0.27517337,0.19455197,0.52779174,0.055507243,0.9990857,0.23971415,0.7744733,0.3403722,0.4817405,0.5160769,0.4123015,0.23223296,0.5770103,0.35435975,0.21456961,0.1524057,0.5912368,0.4556195,0.5592778,0.052944895,0.73204255,0.2804494,0.4670469,0.28417727,0.06430518,0.2707962,0.30207938,0.00805723,0.01763368,0.45450068,0.4624,0.26403424,0.014566344,0.15853557,0.11906336,0.30633578,0.20129158,0.17573605,0.059343696,0.23383938,0.47153363,0.221792,0.56889874,0.19787273,0.25676957,0.41836795,0.36643326
BC2026_Train_0003_S08_20250607_070007_20,0.36508211,0.1441792,0.03390101,1.5152102e-06,2.6917633e-08,0.34140122,0.028417632,0.05192444,1.9151294e-08,3.3289254e-08,2.2469453e-06,0.022735013,0.0041825804,1.9221384e-08,4.8515085e-07,6.1362355e-09,0.00399472,0.00062656915,2.7814832e-07,0.31725678,0.07114762,7.750647e-10,0.12978324,2.2949123e-06,1.732098e-05,6.843716e-05,5.9168595e-08,0.24972852,0.00029454858,0.008163226,0.0012668356,2.7474265e-05,0.021008788,3.0557053e-06,1.3028341e-05,4.662764e-08,4.757581e-07,0.09532569,3.1820236e-05,0.002008619,0.23757507,4.881832e-05,0.0028485009,4.8253827e-05,0.010471356,0.010471356,0.7034888,0.014568415,0.48881495,0.14745706,0.0016289846,0.0014919817,0.0014919817,4.8644804e-08,0.5602242,1.0951115e-07,0.002100275,1.8561732e-11,0.00010938407,0.13885845,4.8132996e-08,0.001106978,2.770853e-08,1.6167043e-07,1.4686455e-11,3.7043695e-09,4.972889e-07,0.002257883,0.0023039246,0.005809466,1.7034716e-05,0.0017545999,0.2442348,0.2990889,0.04262423,0.27468023,0.43297562,0.78474146,0.33697617,0.8262967,0.29800072,0.15327422,0.6856771,0.07012939,0.36064985,0.41068152,0.2112884,0.7884988,0.4637959,0.34091666,0.5115072,0.49116966,0.19755633,0.038238764,0.020253627,0.44633067,0.35735333,0.9697227,0.7083799,0.46493822,0.0005885225,0.3024911,0.77817345,0.004274656,0.4588527,0.4032166,0.13370402,0.1039026,0.5894109,0.35568416,0.2862718,0.69933057,0.2454879,0.5945001,0.30744967,0.26767424,0.29707494,0.34801626,0.28936833,0.73608583,0.9583532,0.68747973,0.6647006,0.16565613,0.5978629,0.41062593,0.42724583,0.4165625,0.21566579,0.6721478,0.49511462,0.67507315,0.0019265993,0.63341117,0.3838315,0.140892,0.38840374,0.54776293,0.47896072,0.0005911999,0.108849995,0.0021621555,0.5201159,0.35889834,0.008381706,0.093654476,0.5146014,0.15777759,0.011433234,0.42666855,0.41893166,0.20627284,0.46349457,0.1996392,0.85289264,0.1833201,0.37870362,0.25412336,0.017450824,0.45062274,5.2792413e-05,0.3998131,0.6766033,0.4612026,0.5172084,0.022876859,0.46607926,0.41215482,0.22103798,0.8152374,0.6585636,0.14128472,0.40595245,0.5920743,0.03834977,0.6246662,0.18817855,0.41480196,0.2549536,0.5896429,0.077947535,0.04882001,0.14244054,0.46897438,0.3228824,0.18328013,0.04349353,0.44422117,0.2311723,0.5318643,0.06400024,0.77024615,0.2165133,0.69211376,0.50897086,0.57048666,0.57044536,0.3964685,0.22424774,0.43377265,0.3908136,0.18407123,0.22666858,0.47254816,0.4431756,0.6184209,0.07749659,0.8452775,0.24166927,0.53130233,0.4282623,0.067677274,0.42873758,0.34810436,0.0044698915,0.02456792,0.40774536,0.44230416,0.23485585,0.02095675,0.20067258,0.11550932,0.26449805,0.131851,0.24476129,0.06837604,0.18242271,0.36693692,0.21002841,0.5930687,0.11942399,0.28104028,0.34535086,0.37270144
BC2026_Train_0003_S08_20250607_070007_25,0.24360338,0.3267939,0.08093466,4.316156e-06,2.428091e-08,0.3283423,0.022050278,0.05451883,1.6339246e-08,6.241356e-08,2.3560697e-06,0.053701263,0.004632615,1.682869e-08,4.298155e-07,8.123503e-09,0.0035958148,0.00048689495,1.6173608e-07,0.22585285,0.0729594,3.74914e-10,0.11374669,1.8978998e-06,1.3123302e-05,4.7460933e-05,7.864885e-08,0.31801048,0.0011426175,0.010453283,0.0012274269,3.089316e-05,0.013186324,4.9410487e-06,1.3001567e-05,5.1192465e-08,4.539727e-07,0.08736372,3.135657e-05,0.002183303,0.2635277,4.004144e-05,0.0031745336,6.1385304e-05,0.011170658,0.011170658,0.6955457,0.011864701,0.19993399,0.14289486,0.001645008,0.001483428,0.001483428,4.9247387e-08,0.54464084,9.141703e-08,0.0020901323,1.9640206e-11,8.656735e-05,0.104585655,6.192693e-08,0.0009437533,2.0590374e-08,2.2121594e-07,2.037558e-11,8.173395e-09,3.2313395e-07,0.002470709,0.0022501834,0.0061069676,1.7005057e-05,0.0018853717,0.22811636,0.33600605,0.13619041,0.27237043,0.45183453,0.8205286,0.31890947,0.56609565,0.3319863,0.15782666,0.70033973,0.056300517,0.47978115,0.47190586,0.21095341,0.65042186,0.5338662,0.26207387,0.435183,0.55890244,0.12951511,0.03641666,0.024783181,0.4344338,0.47069162,0.8205681,0.45673633,0.5583109,0.00080110686,0.2549496,0.7644624,0.006379226,0.37869823,0.4599196,0.117696576,0.114076056,0.68543994,0.38507894,0.3478374,0.7377616,0.14220174,0.5887043,0.2501466,0.3202191,0.28556514,0.44004145,0.27471793,0.91590863,0.8400869,0.6600018,0.61286575,0.18356743,0.6769394,0.40416083,0.42940563,0.4528935,0.22680716,0.7263566,0.6007873,0.6610207,0.0019201665,0.5309182,0.41208792,0.11570684,0.20957822,0.55690163,0.5239767,0.00035456358,0.14414133,0.0018860251,0.51334167,0.3001483,0.0087113725,0.11638449,0.5935519,0.32170737,0.0069012158,0.7791962,0.30681783,0.25432643,0.4814403,0.16831893,0.7822024,0.1986791,0.5007748,0.23365217,0.02348813,0.37161943,3.6590867e-05,0.46315324,0.33525267,0.3303994,0.50275165,0.024863213,0.6081567,0.42692944,0.22915281,0.8073278,0.61505306,0.17447057,0.41456023,0.33285987,0.03391221,0.7866112,0.1880677,0.4651778,0.34246635,0.40549707,0.05200665,0.05036034,0.1986497,0.48322308,0.24201827,0.18873319,0.05496331,0.34688923,0.28006956,0.6780634,0.079541944,0.679967,0.182561,0.7288356,0.4532445,0.5097799,0.4691001,0.42595035,0.28477377,0.4868073,0.42544246,0.16566068,0.18063872,0.5260884,0.46917507,0.5503654,0.057964683,0.8799879,0.2551056,0.51450956,0.4085486,0.11261423,0.26936185,0.32382014,0.006484879,0.031703822,0.48526466,0.47178152,0.24590401,0.009428527,0.18570733,0.101633996,0.3207379,0.12528649,0.2182003,0.06871048,0.18907185,0.38565838,0.24898474,0.5302695,0.090204984,0.26811862,0.42961654,0.37908816
BC2026_Train_0003_S08_20250607_070007_30,0.2760231,0.10257494,0.034839105,3.1702468e-06,2.532808e-08,0.2882073,0.02267156,0.06303024,1.491433e-08,7.8644604e-08,9.570497e-06,0.028588392,0.003524757,1.7011692e-08,4.8760063e-07,1.0526046e-08,0.005299317,0.00048095072,2.6861505e-07,0.39628673,0.086539574,6.7717226e-10,0.11499987,4.5982565e-06,9.166899e-06,4.1105322e-05,6.839834e-08,0.2044581,0.00026153887,0.0064819623,0.0011094513,2.1728596e-05,0.011698331,3.4199963e-06,1.301705e-05,5.0720466e-08,4.9837746e-07,0.08006101,3.501177e-05,0.002062443,0.23617485,4.7322093e-05,0.0028025138,4.2070442e-05,0.010831948,0.010831948,0.69794804,0.010349337,0.20219316,0.13118565,0.0015835183,0.0012738821,0.0012738821,5.2516747e-08,0.55509543,9.556697e-08,0.0020531202,1.9144165e-11,9.6485426e-05,0.13116245,9.689882e-08,0.0010253557,3.8734957e-08,5.8434364e-07,5.5712348e-11,6.616019e-09,4.417549e-07,0.0017161855,0.0024260154,0.0057498715,1.701102e-05,0.0016474534,0.25333887,0.4753775,0.035415895,0.4060483,0.4508586,0.9104808,0.32094306,0.46996772,0.3991559,0.15751457,0.90115875,0.039055694,0.39848313,0.4476096,0.30457893,0.5817879,0.4182205,0.38230973,0.4603036,0.4104929,0.15604903,0.056783702,0.022723554,0.5965214,0.6354649,0.6342665,0.7108701,0.52824885,0.00080511684,0.30028608,0.8060901,0.003127099,0.2449993,0.50939673,0.112698734,0.13457863,0.6770139,0.43549195,0.327555,0.862292,0.15383522,0.53437513,0.38544187,0.30338028,0.3468157,0.5053239,0.37170663,0.9803181,0.8833582,0.9154204,0.60503054,0.1863144,0.5017751,0.41723433,0.6009322,0.72235966,0.21515921,0.8259309,0.605544,0.7014131,0.0016572932,0.6077358,0.37834325,0.19222572,0.15018792,0.53978044,0.6300158,0.00044742905,0.12582529,0.0021183472,0.62689966,0.39529854,0.0042824615,0.08265531,0.43868753,0.5698014,0.009069269,0.605456,0.29178092,0.28850955,0.414074,0.20112558,0.81175125,0.20544057,0.67280525,0.22557743,0.031667516,0.38916287,8.417068e-05,0.5036765,0.344488,0.34689724,0.60058534,0.016839935,0.6475973,0.5512254,0.24494103,0.72632056,0.7871834,0.34466866,0.33589047,0.32434773,0.04491118,0.460403,0.24199592,0.38806263,0.36407012,0.39499313,0.0379126,0.059662517,0.1848675,0.30939305,0.30522686,0.20530696,0.05598552,0.2910197,0.19432423,0.53803074,0.16943286,0.8480282,0.31520268,0.80784255,0.4488425,0.52589,0.53021914,0.35964623,0.19926865,0.32743996,0.33686233,0.14283368,0.17631514,0.47826862,0.7019075,0.5982424,0.07467419,0.8573818,0.25934464,0.45221427,0.41207016,0.09893623,0.3735142,0.3311139,0.004317516,0.01616824,0.7054853,0.50057375,0.20766753,0.0073252656,0.4721532,0.111903705,0.2545588,0.11310438,0.25689822,0.07313796,0.1448237,0.3923873,0.3672125,0.51767975,0.11432428,0.2250952,0.4843305,0.35071224
BC2026_Train_0003_S08_20250607_070007_35,0.3170448,0.13559796,0.032396555,3.795715e-06,2.41355e-08,0.3890827,0.025675274,0.031727225,1.2744307e-08,6.6991745e-08,4.127879e-06,0.045818787,0.0041031544,2.2177504e-08,5.471378e-07,7.082491e-09,0.0034359265,0.00060947344,4.6290813e-07,0.25555128,0.05787898,5.8931154e-10,0.09040719,5.8935325e-06,7.826798e-06,5.0423452e-05,2.6668669e-08,0.28202078,0.00032077788,0.0056023174,0.001891119,2.4103003e-05,0.023426585,4.064998e-06,1.2789408e-05,5.6422444e-08,5.161468e-07,0.10000916,3.199107e-05,0.0029850355,0.25620848,3.4589215e-05,0.0040609343,3.9670063e-05,0.0124384,0.0124384,0.7077666,0.01633167,0.3404749,0.15536313,0.0025902626,0.0023005789,0.0023005789,5.8036644e-08,0.56826186,1.3433639e-07,0.0021057716,1.80024e-11,0.000101459504,0.12778386,7.79056e-08,0.00086752896,3.495609e-08,4.2047122e-07,5.2317053e-11,4.810159e-09,6.096349e-07,0.0020280052,0.0017375747,0.00696672,1.7202863e-05,0.002288945,0.3197526,0.2814354,0.05331007,0.2697233,0.44381097,0.7950922,0.41458315,0.80112,0.30712742,0.15692791,0.7706896,0.068741605,0.37219435,0.4284098,0.23631705,0.6515072,0.58590376,0.4357308,0.43399608,0.35873044,0.12651768,0.028713424,0.023305973,0.46193087,0.46628466,0.99040735,0.69391996,0.39114386,0.0010084187,0.25529486,0.7975065,0.0054517216,0.40242508,0.48712468,0.15657116,0.099214084,0.6322582,0.46319184,0.28908992,0.832965,0.14864428,0.6447474,0.2983228,0.215458,0.3119354,0.43865487,0.3172097,0.9496855,0.8851822,0.82865256,0.70682424,0.10563663,0.5570217,0.31869787,0.58887213,0.5327455,0.2758576,0.8877852,0.42783624,0.6504852,0.0051207254,0.6741193,0.39344162,0.1452075,0.16812211,0.5008278,0.45770863,0.00383149,0.083737664,0.00062983204,0.5400272,0.31423846,0.009176681,0.11331164,0.5341579,0.31846416,0.0059165624,0.45506713,0.4011955,0.25816372,0.38696343,0.16482185,0.5044688,0.17743878,0.3377826,0.21809243,0.023133729,0.2677356,4.182904e-05,0.6044904,0.4491145,0.34471345,0.5809334,0.029714415,0.67645365,0.37352365,0.24411263,0.77201486,0.6565452,0.14396404,0.47646794,0.54390675,0.05295098,0.5964335,0.16587089,0.46577695,0.28519645,0.3610542,0.048920892,0.05360476,0.20096348,0.2899491,0.26473677,0.14748237,0.06837586,0.37060955,0.25855604,0.6490319,0.18013445,0.7262251,0.25662002,0.83542305,0.4798657,0.5056281,0.5825534,0.40124857,0.29929918,0.33821335,0.6348907,0.18085587,0.20144945,0.5798286,0.5181512,0.49627095,0.046368036,0.763203,0.19926292,0.4707817,0.46368802,0.061326955,0.34268475,0.33488238,0.009978159,0.04915349,0.39525703,0.45358208,0.24457113,0.009114855,0.2122197,0.10862019,0.38926965,0.11532186,0.17813733,0.11764426,0.17438522,0.36067468,0.21065944,0.4882214,0.18186688,0.26100892,0.39325732,0.3782931
BC2026_Train_0003_S08_20250607_070007_40,0.28397882,0.07370428,0.029967625,1.2901319e-06,2.6540821e-08,0.31248015,0.024722667,0.03945942,1.7519302e-08,1.593382e-07,3.2479415e-06,0.026889812,0.004718533,2.3047763e-08,4.927002e-07,4.5159565e-09,0.0043592,0.0005308262,4.3296623e-07,0.3158946,0.08587854,4.904246e-10,0.10656898,3.8855615e-06,8.467023e-06,5.72375e-05,1.5785421e-08,0.25498974,0.00048199066,0.0066130105,0.0015540358,3.310188e-05,0.017420437,3.4190514e-06,1.3016987e-05,5.7264856e-08,5.229997e-07,0.09476178,3.3343258e-05,0.0021310223,0.26057783,3.2732285e-05,0.0034936017,5.1526134e-05,0.0120027615,0.0120027615,0.67519516,0.01330005,0.51357406,0.1530314,0.0020860762,0.0017109766,0.0017109766,6.2718584e-08,0.53373533,1.155155e-07,0.0020903824,2.3291633e-11,0.00012082245,0.13155344,1.4989892e-07,0.00075993635,1.95758e-08,2.0087543e-07,2.5773043e-11,1.1071353e-08,5.4439244e-07,0.002622785,0.0019422704,0.009341407,1.7053839e-05,0.0037207664,0.2875278,0.40451849,0.043785267,0.40508988,0.42757857,0.82259005,0.32697594,0.78121144,0.33686927,0.16756144,0.76427734,0.08892045,0.5799148,0.3436299,0.20596156,0.6581241,0.58602667,0.3179788,0.67274404,0.42111003,0.15364584,0.02211186,0.024516191,0.5411282,0.6796182,0.9414288,0.72849524,0.5815262,0.0007651306,0.28256574,0.7346165,0.004331561,0.40838975,0.64349186,0.108888894,0.09183824,0.64741796,0.35380244,0.38468355,0.8569866,0.14223927,0.4538964,0.34754726,0.2674727,0.28626922,0.49528846,0.27092403,0.977917,0.9096487,0.7082176,0.6122052,0.116617635,0.63405746,0.5646289,0.5593313,0.33267277,0.23840395,0.9071194,0.48040786,0.7129118,0.0032357117,0.4540972,0.3937627,0.14916134,0.16868101,0.5464165,0.45316857,0.0005702091,0.13953482,0.00228914,0.5050699,0.39258873,0.008173813,0.11316148,0.7038027,0.29187894,0.008065475,0.59453255,0.38162363,0.32419738,0.38507384,0.15654534,0.39229834,0.20082982,0.66184205,0.22885785,0.033005703,0.37440795,0.00010506064,0.6322612,0.5896054,0.36966854,0.51293397,0.023933552,0.5944064,0.45476434,0.29490572,0.76857865,0.77433413,0.35011125,0.38980052,0.45031267,0.051128346,0.6635655,0.18951212,0.36858064,0.3027657,0.38381353,0.06379094,0.044184256,0.1989326,0.33785442,0.25481635,0.15552068,0.037281353,0.34989986,0.19705318,0.71890736,0.078771524,0.7270595,0.20113462,0.86693794,0.4191335,0.41737106,0.44293484,0.3917421,0.30398756,0.42223707,0.38143495,0.19467536,0.1438036,0.5460051,0.38855624,0.5782206,0.11947583,0.7121778,0.20740011,0.52524215,0.32077318,0.08351848,0.2745403,0.29998255,0.005470799,0.087270744,0.5069127,0.480344,0.27793378,0.008904016,0.2381126,0.11842229,0.25731915,0.10664533,0.22484052,0.06062619,0.18651974,0.36916614,0.3130645,0.50924087,0.17577922,0.26726243,0.4673635,0.3868565
BC2026_Train_0003_S08_20250607_070007_45,0.2226878,0.104926646,0.03039781,1.5851457e-06,2.6556343e-08,0.34614605,0.024002789,0.08141085,1.35019675e-08,9.6515485e-08,2.506115e-05,0.02206224,0.004191507,1.6909704e-08,4.796251e-07,3.3482457e-09,0.003169656,0.0005848543,2.9778147e-07,0.36510321,0.04840372,5.2071736e-10,0.10540897,2.9496634e-06,6.1006444e-06,4.6217032e-05,2.1898725e-08,0.19316255,0.00026315553,0.0059709107,0.0012778218,2.6220438e-05,0.015117804,4.3854557e-06,1.3050906e-05,4.2034095e-08,3.9991872e-07,0.07893178,3.6011013e-05,0.0022023916,0.23855828,4.2879823e-05,0.002899655,4.4110937e-05,0.009458849,0.009458849,0.70195603,0.011939119,0.27927694,0.13484652,0.0016542632,0.0013637308,0.0013637308,4.8749744e-08,0.5599059,1.12452135e-07,0.002092764,1.4846364e-11,0.000111224275,0.12236391,7.618307e-08,0.00078555505,1.8961865e-08,2.2378795e-07,1.722305e-11,4.5372324e-09,4.084571e-07,0.0020250147,0.0019017721,0.004052855,1.7046905e-05,0.0017772262,0.3771708,0.37026915,0.056522824,0.27973425,0.6000841,0.88582313,0.27820593,0.6174528,0.31662557,0.20951812,0.85386217,0.07075688,0.4769303,0.39671403,0.2483624,0.5800317,0.6847082,0.33506826,0.4195896,0.31306154,0.20210545,0.022385992,0.034960862,0.60708565,0.5391406,0.9879395,0.622964,0.5169715,0.0006153867,0.5429584,0.80956954,0.006637268,0.3577622,0.5756571,0.1623625,0.07651858,0.6476379,0.4532694,0.3441518,0.7485859,0.113723665,0.5636642,0.33392778,0.21376382,0.37694347,0.43050158,0.3156434,0.9722174,0.9655178,0.8051082,0.72766143,0.15933686,0.63619155,0.48248416,0.45613676,0.49280027,0.25756902,0.73586303,0.41635624,0.7203524,0.0030781308,0.5088555,0.4404389,0.11301708,0.19627792,0.5582548,0.46337798,0.001047056,0.13080606,0.0009964531,0.49198315,0.29873243,0.009776935,0.16186704,0.83947074,0.3758537,0.010764032,0.5269032,0.58835536,0.2124261,0.4829595,0.14672072,0.59704983,0.1695471,0.6399968,0.30885473,0.021531515,0.37776104,2.0258922e-05,0.6548827,0.43112975,0.49046287,0.5489528,0.013396568,0.4568611,0.49263167,0.24332254,0.7860813,0.71318114,0.27211428,0.35019547,0.53981435,0.08285889,0.7935632,0.23499104,0.48486406,0.28527227,0.462106,0.098646544,0.056369103,0.19819349,0.38965824,0.3556949,0.15637697,0.04245706,0.36988878,0.22404064,0.59863067,0.0742544,0.9722188,0.21358983,0.84880614,0.60738695,0.6379055,0.5699039,0.41004154,0.23107742,0.3399705,0.39343634,0.33893394,0.14472519,0.59373164,0.5259021,0.63680494,0.07554939,0.7511962,0.2031097,0.32294515,0.32251063,0.12362388,0.3060372,0.3148694,0.0078062,0.022220477,0.44714203,0.44815353,0.35036936,0.008288636,0.18349303,0.12229822,0.35396102,0.17883499,0.14614469,0.09716929,0.1661353,0.3310025,0.2907663,0.47922572,0.13416347,0.2997003,0.44744903,0.34343088
BC2026_Train_0003_S08_20250607_070007_50,0.13840704,0.09441566,0.032772932,3.245567e-06,2.5171493e-08,0.40034547,0.030104447,0.05700964,3.1722266e-08,1.2432281e-07,4.132847e-05,0.035202924,0.0047320835,2.025277e-08,5.4314626e-07,6.2479617e-09,0.0022607953,0.0005062622,8.8858354e-07,0.48592016,0.04415106,1.2041528e-09,0.13662831,4.3165505e-06,5.9292793e-06,4.0096158e-05,5.8065847e-08,0.18019395,0.00022188254,0.008571791,0.0010468415,1.3400803e-05,0.015189976,2.9174303e-06,1.3541921e-05,4.15225e-08,4.000233e-07,0.06653488,2.267076e-05,0.0030755268,0.2432059,3.1921474e-05,0.003384903,2.4631168e-05,0.0076711685,0.0076711685,0.689615,0.0100231925,0.2978483,0.11984655,0.0017450252,0.0015949247,0.0015949247,5.243635e-08,0.5532267,1.1080757e-07,0.0020755643,2.194224e-11,0.00012464615,0.0944751,9.2570446e-08,0.00074582367,1.1924293e-08,3.3890663e-07,3.1340094e-11,4.383866e-09,5.7531065e-07,0.001456815,0.0032114852,0.004379449,1.7169263e-05,0.0017500626,0.25279403,0.32816908,0.055953942,0.29273692,0.5498304,0.8333733,0.3029276,0.77262366,0.40014106,0.21080056,0.8603491,0.067334,0.4457112,0.52837574,0.20994493,0.74521345,0.5838085,0.33610058,0.44867736,0.4163954,0.19139698,0.04364114,0.064325154,0.49631408,0.6975362,0.9933187,0.5923773,0.5516198,0.0008144614,0.3268187,0.69763076,0.005349355,0.27601656,0.6518435,0.14317048,0.067090124,0.71962154,0.42603424,0.20543009,0.7471926,0.1343583,0.49565816,0.31774068,0.15937167,0.3625434,0.5430542,0.37481558,0.87675804,0.97054225,0.73507625,0.60736763,0.16833204,0.59965706,0.35621607,0.4364138,0.48536497,0.26780993,0.60874987,0.3745133,0.71220016,0.005442601,0.49020097,0.4483283,0.1640626,0.23920502,0.58147275,0.4577885,0.0022991733,0.08697055,0.0009301607,0.3959006,0.30104223,0.009348709,0.1104613,0.55242777,0.40190488,0.013183835,0.5972165,0.4214457,0.213785,0.55528563,0.16632755,0.5307376,0.14592521,0.57875687,0.17579907,0.052774493,0.53136295,4.2604872e-05,0.52443594,0.64254415,0.4668061,0.50328535,0.018168403,0.57865316,0.46202528,0.23641017,0.82777524,0.865284,0.23350114,0.3052566,0.4197315,0.07668249,0.6018915,0.20949462,0.47152668,0.3049484,0.45208073,0.08407148,0.05395995,0.18965973,0.38026974,0.29079267,0.21941517,0.052063014,0.31178913,0.20674798,0.63223803,0.057871986,0.9988237,0.2461477,0.9046044,0.39372042,0.45026582,0.38359797,0.23779106,0.23286517,0.5081044,0.3432059,0.16995147,0.1286701,0.6327097,0.50797445,0.5611857,0.057711232,0.7290304,0.2772327,0.48106295,0.48148116,0.060139626,0.31400347,0.30242065,0.009844401,0.01618826,0.504516,0.4957419,0.31978023,0.012311769,0.20317096,0.11207866,0.30915198,0.18474752,0.25534528,0.13258363,0.18106477,0.39091745,0.20642422,0.54019874,0.24391632,0.28124115,0.45506713,0.33963126
BC2026_Train_0003_S08_20250607_070007_55,0.22672275,0.10340293,0.038961552,1.2076412e-06,2.5724216e-08,0.39572313,0.026566671,0.10211226,1.6933e-08,6.482135e-08,1.8706924e-06,0.021535264,0.003813103,1.7446318e-08,4.3702312e-07,1.0781282e-08,0.0056169317,0.00044735926,5.314096e-07,0.25553322,0.07946036,6.6081024e-10,0.1410376,1.0612974e-05,1.4711694e-05,4.551848e-05,1.4143376e-07,0.18268539,0.00021984856,0.0069816615,0.0015627522,2.8228364e-05,0.016900381,3.4253144e-06,1.2738856e-05,4.3909022e-08,4.7544427e-07,0.08468771,3.0032188e-05,0.0024102859,0.24105446,6.4097156e-05,0.0034590398,4.9065133e-05,0.0130112665,0.0130112665,0.69692355,0.012625152,0.20783415,0.1362562,0.0015972463,0.0015726984,0.0015726984,4.985555e-08,0.5557488,9.146305e-08,0.0020795357,1.6868656e-11,0.0001206213,0.15684155,5.5172958e-08,0.00075763563,2.1035463e-08,2.8799053e-07,3.9221924e-11,7.168424e-09,4.9518303e-07,0.0022704198,0.0024662458,0.0060719084,1.7167495e-05,0.0017994858,0.33283994,0.40321618,0.042726897,0.2906741,0.41419974,0.90669984,0.39851728,0.6659296,0.30823928,0.14441912,0.7750483,0.053491563,0.3908679,0.60772204,0.25328976,0.40742934,0.6435031,0.3524749,0.36476806,0.44403931,0.110781565,0.0346222,0.079451874,0.63527,0.5023798,0.9589683,0.5192709,0.4555487,0.0007557666,0.526066,0.8811581,0.005080537,0.347079,0.45111147,0.1354143,0.11482438,0.56355727,0.532337,0.34187898,0.68773997,0.17186,0.5399889,0.38100758,0.3183004,0.3001228,0.51799816,0.31591296,0.958322,0.9457418,0.73568165,0.74517727,0.14808449,0.6314419,0.4001665,0.5192142,0.50447613,0.23167583,0.7764161,0.41779715,0.6747079,0.0041236803,0.6081728,0.4913803,0.15887274,0.20880207,0.60467005,0.52423346,0.0011271791,0.11302776,0.00058843056,0.56409645,0.34868845,0.0065736743,0.12786315,0.8618581,0.23065943,0.0068708234,0.66600245,0.40435326,0.26730984,0.3835136,0.23594405,0.83443564,0.16044743,0.5515463,0.28071952,0.03161619,0.67104554,9.2751965e-05,0.6788639,0.36015168,0.5972423,0.66385573,0.02351917,0.651838,0.5479423,0.26980177,0.78313816,0.6153248,0.27667892,0.38224366,0.5126168,0.10495795,0.7606607,0.19987375,0.49651363,0.33207962,0.4668421,0.11616937,0.057222452,0.15962464,0.38865286,0.34317985,0.14658211,0.04552916,0.36729518,0.24301662,0.62037265,0.06360169,0.6156648,0.2945756,0.7599537,0.59689325,0.53867716,0.46079883,0.33274734,0.2549617,0.49016675,0.4566275,0.22779763,0.15692066,0.62504876,0.7315133,0.6801149,0.058358885,0.81450826,0.28815582,0.46231973,0.48712382,0.08987757,0.3273956,0.3352544,0.0060894564,0.06074409,0.5325542,0.42273593,0.3168608,0.008702768,0.28834254,0.14037119,0.2755642,0.11742705,0.25570107,0.10769427,0.2034458,0.4288133,0.23442313,0.5304179,0.11534513,0.2544759,0.4252787,0.33732393
BC2026_Train_0003_S08_20250607_070007_60,0.3723601,0.09307925,0.030718153,1.2339074e-06,2.4795089e-08,0.4038346,0.026091976,0.038066264,2.8855428e-08,8.3852946e-08,8.411524e-07,0.01930689,0.0045605106,2.0730726e-08,4.6882423e-07,1.0086431e-08,0.0031362162,0.00065499457,1.2508879e-06,0.5288238,0.073906295,9.1822544e-10,0.08106155,3.2593543e-06,8.3171435e-06,4.8163867e-05,5.219225e-08,0.24611346,0.00046590666,0.008061263,0.0012337416,2.4302077e-05,0.017840385,2.1528067e-06,1.2781161e-05,4.7547584e-08,4.9969367e-07,0.093829624,2.4069941e-05,0.0022650475,0.23026219,3.1618085e-05,0.0023872124,4.0668714e-05,0.014741204,0.014741204,0.6910589,0.013203674,0.5302584,0.14863296,0.001538555,0.0014209326,0.0014209326,5.0070504e-08,0.54910094,9.958736e-08,0.0020955917,2.9262346e-11,0.00010776703,0.19848605,1.12555156e-07,0.0007551458,1.881278e-08,2.3936218e-07,4.816534e-11,5.1481304e-09,6.5897433e-07,0.0024598201,0.0020879847,0.008493592,1.716204e-05,0.001864412,0.272796,0.30532497,0.03186334,0.29224536,0.5198755,0.8410603,0.3646099,0.8038459,0.33877024,0.18379486,0.7039863,0.038729955,0.5866807,0.4330869,0.23612979,0.51632154,0.52258116,0.38547564,0.5901356,0.4563985,0.13905963,0.027680054,0.057495397,0.5338136,0.5211162,0.9835001,0.6807442,0.4694573,0.0007240196,0.21373199,0.7951048,0.0040681143,0.33622468,0.517713,0.14351442,0.08541221,0.70035297,0.4513092,0.32206267,0.7689776,0.23082034,0.5177021,0.2653133,0.33067575,0.3668184,0.43912452,0.3095268,0.98004675,0.9504191,0.7378131,0.75264406,0.16531101,0.7931148,0.4517272,0.46372712,0.6337575,0.29234874,0.74270105,0.47586045,0.67748725,0.004350688,0.55508494,0.45316127,0.16274582,0.26605344,0.569393,0.44712865,0.0010031381,0.0820166,0.0023377014,0.59574103,0.36422276,0.0074131843,0.10751618,0.612025,0.39444306,0.010211574,0.6145349,0.37972164,0.3284071,0.46445003,0.19647105,0.87022537,0.15984821,0.37674618,0.25221428,0.021162825,0.5101965,0.00012678285,0.5057062,0.5112376,0.4032573,0.6837672,0.020188967,0.67316514,0.45780015,0.21484818,0.7799308,0.747658,0.28427714,0.3613248,0.42342108,0.04505349,0.6054717,0.25050822,0.46973398,0.35980898,0.6145167,0.04607857,0.055753686,0.21490444,0.4263828,0.28632012,0.17076235,0.04452785,0.36523876,0.2558574,0.8156367,0.09421921,0.66904664,0.21699193,0.77218163,0.49249247,0.515905,0.5381287,0.33256796,0.24996619,0.35403827,0.4066694,0.16557088,0.17860521,0.5568287,0.685257,0.6053756,0.078045145,0.8378154,0.22173576,0.44244668,0.42311025,0.1009842,0.45850953,0.3337132,0.00539135,0.10824852,0.37909603,0.50457543,0.2510851,0.012354989,0.20163135,0.1482293,0.23616867,0.14429416,0.19105963,0.09118615,0.17873791,0.4094861,0.27756488,0.5241927,0.09849463,0.27506927,0.43449247,0.38482758
BC2026_Train_0004_S08_20250607_070007_5,0.06684443,0.57190055,0.050134122,1.9586098e-07,1.7267423e-08,0.44783774,0.007058554,0.04668347,1.5170619e-08,2.429958e-08,7.3658692e-09,0.18384162,0.00863534,1.0058331e-08,2.7990907e-07,1.6850121e-08,0.001484656,0.0008604852,9.5230774e-08,0.4278775,0.1053825,1.8500654e-10,0.12795994,8.6489257e-07,8.822908e-08,1.9353394e-05,3.433381e-08,0.25612962,0.0027273884,0.0037326831,0.0015586365,2.2050712e-05,0.10774966,3.7071586e-06,9.1427855e-06,4.1903036e-08,2.9626025e-07,0.00648155,6.8552254e-05,0.00082088273,0.066095054,8.632911e-05,0.0014754782,3.763238e-05,0.023344286,0.023344286,0.59340584,0.10342386,0.04161064,0.0095663,0.0008500621,0.0007282557,0.0007282557,3.6506545e-08,0.30980432,3.658379e-08,0.0019203834,4.4484146e-11,0.0002638351,0.14269899,6.1053856e-07,0.00067670236,4.4323155e-08,1.8956518e-08,2.0188204e-11,1.6438854e-09,2.4620244e-06,0.00050327246,0.0010073322,0.0053802687,1.887283e-05,0.0011690987,0.4366176,0.46844068,0.01895846,0.27156255,0.22557768,0.861553,0.36242735,0.43970022,0.37101558,0.17712311,0.74540967,0.18116835,0.5000049,0.4523027,0.3959125,0.59580725,0.42112347,0.29300788,0.31964236,0.73161554,0.3239144,0.03842357,0.0057256925,0.3439332,0.28463763,0.7320935,0.4961188,0.40076473,0.0005702617,0.2980304,0.77344525,0.00264729,0.24171346,0.6167454,0.29912433,0.050995406,0.5179852,0.4108045,0.32808745,0.67114264,0.18989603,0.61294794,0.21651132,0.17456357,0.36026928,0.44442964,0.2292781,0.9105127,0.7494158,0.8145679,0.49934897,0.111799546,0.3176221,0.33672985,0.3574885,0.66516334,0.2613305,0.6544516,0.49482858,0.56218225,0.003681969,0.9316887,0.3998551,0.23542511,0.15414245,0.6468357,0.68799,0.0038710653,0.1335756,0.00016362876,0.34815106,0.47068474,0.014419918,0.29196474,0.7400783,0.6179747,0.021366935,0.3489369,0.35627815,0.29366997,0.3424137,0.19679767,0.69563305,0.28467855,0.39213124,0.1540001,0.010596128,0.4499528,0.00013169878,0.637327,0.21457757,0.53213006,0.3949476,0.007331797,0.31858304,0.4407195,0.3091013,0.9179949,0.6658907,0.14282115,0.4514773,0.5151659,0.06856447,0.6379251,0.4462563,0.5633655,0.5062149,0.23489662,0.108129464,0.06066615,0.30548307,0.27747685,0.2217461,0.19167377,0.023343444,0.662795,0.35094842,0.43780336,0.027379232,0.58107656,0.4553543,0.8658527,0.76346195,0.5870719,0.56607896,0.45381477,0.38421914,0.18438405,0.4425184,0.2044047,0.15964967,0.533647,0.6756573,0.80133265,0.059183985,0.56111765,0.14025648,0.37801635,0.5619366,0.15479216,0.80400413,0.42821577,0.002928005,0.020413054,0.47767824,0.6413677,0.20699783,0.0064844145,0.16552222,0.19081333,0.24363527,0.3998157,0.16241908,0.23421592,0.20288575,0.52573985,0.19447896,0.70637316,0.1454776,0.3673021,0.43248707,0.49208993
BC2026_Train_0004_S08_20250607_070007_10,0.059197642,0.56180006,0.056913193,1.2417478e-07,1.8885284e-08,0.3698916,0.0068547237,0.042638887,1.713169e-08,1.5813448e-08,2.5511986e-09,0.1261771,0.0057919016,1.227006e-08,2.9389153e-07,1.6705453e-08,0.0014320049,0.00075661234,1.0854899e-07,0.19231777,0.106241345,2.7372557e-10,0.1087948,1.4293678e-06,5.1431037e-08,2.2479022e-05,1.7128004e-08,0.27823427,0.0031659098,0.0037335367,0.0014453003,3.079851e-05,0.10711831,4.5885517e-06,9.130864e-06,5.5814446e-08,4.0565e-07,0.0077565173,7.3318566e-05,0.0009262333,0.06454173,0.0001078649,0.0015569935,5.1718493e-05,0.02975908,0.02975908,0.6534185,0.10125711,0.058690026,0.01191534,0.0008725218,0.0007776099,0.0007776099,4.5943523e-08,0.3503935,3.0945902e-08,0.0019187786,3.7839225e-11,0.00023260457,0.1664452,1.4706106e-07,0.0006821409,1.7634191e-08,2.103972e-08,1.2088531e-11,2.171054e-09,2.8763363e-06,0.00044740757,0.0012055393,0.009855786,1.8938385e-05,0.001231983,0.40424928,0.43624347,0.017441675,0.23005146,0.30818868,0.8738039,0.3813944,0.5119244,0.46319717,0.23110722,0.71291083,0.13662276,0.46065608,0.5286376,0.40954223,0.5895126,0.45339322,0.31541273,0.35473964,0.7301993,0.27332819,0.029961029,0.012931467,0.3659977,0.36364976,0.8178106,0.41571283,0.33109295,0.00089801365,0.24647364,0.6889932,0.0024199744,0.20969571,0.3947882,0.2975421,0.04681293,0.5058738,0.38721284,0.32663506,0.6614807,0.30024573,0.638491,0.2739216,0.18313383,0.32857326,0.47287956,0.22326276,0.77704597,0.85717547,0.7729189,0.5319456,0.18754406,0.31363955,0.34613428,0.45204312,0.5362237,0.23249571,0.6736793,0.4825691,0.59842175,0.003931209,0.64679724,0.46350306,0.2882092,0.2205779,0.6787575,0.61230975,0.00040379222,0.095615044,0.0002633651,0.30643886,0.5057891,0.017042857,0.22050402,0.7852975,0.22545251,0.020068498,0.36924717,0.2818786,0.24648696,0.39415047,0.35314935,0.6431334,0.25998902,0.20741874,0.1905329,0.00910854,0.37639412,4.939699e-05,0.6171481,0.2927234,0.41316026,0.41214994,0.007814863,0.36219195,0.52294856,0.39008158,0.89888316,0.6714033,0.122115135,0.48182186,0.4430581,0.062308494,0.39025006,0.4273835,0.64432,0.5100537,0.36075506,0.12513912,0.058363374,0.31492034,0.3314791,0.18292604,0.17937575,0.029030561,0.48869756,0.43878037,0.34133217,0.056668714,0.67556226,0.3912453,0.7354646,0.7260255,0.5991306,0.49356773,0.37625176,0.41368154,0.27777827,0.4254035,0.21270953,0.15783224,0.5119809,0.5906452,0.9762312,0.044163603,0.6785967,0.13069633,0.36349216,0.4658561,0.14216563,0.59827924,0.46388155,0.003057022,0.028612081,0.39816287,0.6186072,0.22916679,0.010569828,0.17970958,0.22117116,0.26454443,0.23225887,0.20359673,0.2894797,0.21659835,0.39447793,0.19029006,0.71955264,0.10101862,0.28202316,0.40216303,0.51151484
BC2026_Train_0004_S08_20250607_070007_15,0.049546987,0.23115537,0.024895813,2.6804108e-07,1.8076815e-08,0.40928742,0.008454004,0.06723052,5.4048858e-08,3.0691663e-08,1.9820279e-09,0.062190395,0.006681615,1.0161309e-08,2.5272993e-07,2.5459693e-08,0.0014040542,0.00052083796,8.329784e-08,0.24280034,0.08330569,1.2346811e-10,0.106153846,1.3456353e-06,4.671466e-08,2.0867665e-05,2.0802817e-08,0.16491318,0.0010505616,0.0023106944,0.0015810694,2.2778495e-05,0.119087406,3.6196216e-06,9.144664e-06,4.958137e-08,3.7275342e-07,0.006753208,8.7273176e-05,0.00080923486,0.06583389,0.00011429159,0.0014720358,3.848215e-05,0.026888248,0.026888248,0.63862884,0.110368595,0.042414602,0.010429972,0.0008122342,0.00066348445,0.00066348445,4.5609006e-08,0.33063996,3.3261593e-08,0.0019087401,5.224661e-11,0.0001611488,0.18717732,2.0522818e-07,0.0006243154,1.921296e-08,3.5967723e-08,9.377572e-12,8.464104e-09,1.0477564e-06,0.0004531785,0.0010717107,0.004123906,1.8766757e-05,0.0011808699,0.37972915,0.33717188,0.010898758,0.19736606,0.27812177,0.8616087,0.5184424,0.48953396,0.38178983,0.26212817,0.7421785,0.17894831,0.432424,0.49937382,0.3127078,0.5395106,0.48501846,0.29347613,0.34257975,0.7130046,0.36281422,0.036315538,0.008287404,0.29895696,0.3347452,0.7594208,0.40676552,0.39992827,0.0009872619,0.282408,0.77392924,0.0025957108,0.27933294,0.44642025,0.2765399,0.0738424,0.4608663,0.39313498,0.34979823,0.73581856,0.28816518,0.5321365,0.1934367,0.18908003,0.35132378,0.5516912,0.27263606,0.6897997,0.8713755,0.810697,0.5146183,0.11905187,0.29626852,0.40054414,0.38482192,0.762515,0.23567662,0.8638483,0.49383938,0.535336,0.0065031536,0.6357869,0.42968956,0.38877258,0.3633508,0.6732862,0.632258,0.0005587325,0.08714485,0.00041756226,0.309675,0.5400646,0.014923551,0.23565416,0.8086515,0.41802335,0.020001383,0.38299704,0.45540765,0.3115078,0.3550265,0.29199028,0.68547916,0.30602667,0.37398982,0.15274954,0.0097609265,0.34906724,6.130756e-05,0.6052329,0.25055432,0.5226938,0.42367026,0.010868524,0.54271406,0.5824996,0.37892073,0.8864498,0.6552976,0.091303974,0.451823,0.39670172,0.068105385,0.7565441,0.499099,0.5475586,0.42645603,0.15660295,0.15554656,0.055575676,0.30838886,0.24329373,0.4381487,0.25397003,0.023442922,0.5486223,0.4188436,0.48901603,0.03320392,0.6700395,0.54911005,0.7568904,0.73366576,0.5468831,0.45912033,0.36510247,0.45090038,0.2519464,0.4540399,0.29377836,0.21136053,0.501516,0.7186989,0.97707546,0.05246871,0.6148145,0.13080065,0.35038018,0.56755316,0.12735976,0.6999483,0.46455964,0.003046087,0.026873933,0.43818834,0.61455256,0.17869395,0.00906393,0.16749327,0.29193652,0.19367817,0.20331894,0.19296017,0.2734069,0.26262796,0.5484487,0.14554411,0.707059,0.08440181,0.23719518,0.512485,0.56157666
BC2026_Train_0004_S08_20250607_070007_20,0.055076122,0.51909035,0.05083521,1.7730142e-07,1.9205695e-08,0.41116387,0.010510213,0.049410984,3.976121e-08,2.1685876e-08,2.0983053e-09,0.2813342,0.0064801616,9.616324e-09,2.475824e-07,2.3414271e-08,0.0015359876,0.00062392384,1.1676774e-07,0.16425365,0.09247316,1.513176e-10,0.1451675,1.2744986e-06,5.123001e-08,1.768651e-05,3.471574e-08,0.25206503,0.0016123395,0.004400683,0.0014571912,2.3948352e-05,0.118618354,3.681108e-06,9.185884e-06,5.082444e-08,3.7376287e-07,0.007296962,7.844041e-05,0.0008367246,0.06744675,9.432507e-05,0.0013162718,4.270552e-05,0.026591722,0.026591722,0.66866213,0.11056014,0.057761144,0.011765531,0.000741704,0.0006147707,0.0006147707,4.417319e-08,0.34917307,3.2426758e-08,0.001915468,4.198907e-11,0.00018721043,0.12213177,1.5306162e-07,0.0006229904,3.713291e-08,3.030079e-08,8.801106e-12,2.606402e-09,1.1685896e-06,0.0005264446,0.0012236268,0.006154764,1.886187e-05,0.0013890992,0.40119126,0.39707914,0.014232197,0.24973066,0.3079937,0.8472146,0.50060916,0.68682426,0.5260801,0.17702174,0.7614223,0.1272857,0.44780418,0.51063406,0.40964955,0.5996432,0.41853392,0.33056396,0.37283146,0.76390165,0.47822204,0.07833954,0.009025617,0.22973485,0.3669306,0.833222,0.38799164,0.33886188,0.00070456124,0.2537167,0.719532,0.0024868709,0.21774991,0.45636255,0.25286555,0.05219625,0.51226515,0.43541485,0.33200538,0.7446534,0.24675833,0.60352635,0.3228874,0.23227485,0.3804547,0.4103082,0.2476412,0.73863745,0.87276363,0.82183146,0.51969975,0.14842072,0.37947157,0.41158906,0.4135742,0.8005474,0.2543487,0.56449604,0.5133414,0.550614,0.009605082,0.6296845,0.3681652,0.22980373,0.19473948,0.66211903,0.5907149,0.0007087035,0.10489839,0.00030277073,0.3684311,0.5457361,0.011854788,0.21688154,0.85866284,0.36832514,0.03956328,0.42572114,0.40248162,0.2729047,0.35094616,0.34933648,0.6844198,0.32561198,0.28427392,0.17852329,0.009706569,0.4409049,4.8479393e-05,0.5572487,0.29969296,0.43392378,0.45014417,0.009019263,0.41781363,0.577676,0.3762993,0.91793984,0.6739546,0.13207589,0.48341024,0.43088278,0.084692866,0.6171462,0.48104656,0.5633074,0.469197,0.30309996,0.236297,0.057705846,0.30085525,0.2939521,0.38647708,0.1848615,0.033058535,0.5502357,0.4301427,0.5095331,0.026586186,0.64879555,0.35335132,0.7525391,0.70984626,0.5851094,0.44074807,0.44615737,0.446822,0.24865538,0.49743965,0.24617268,0.14979434,0.6433811,0.71159935,0.9857464,0.051272675,0.6179667,0.12898947,0.35127413,0.572331,0.15318944,0.62650377,0.4902727,0.0025264288,0.016495459,0.40402165,0.6449338,0.21108954,0.008649597,0.18019079,0.22327332,0.23810834,0.17681028,0.14401868,0.27847296,0.22234967,0.45880297,0.15442488,0.7211555,0.12986049,0.2964705,0.5379251,0.50605917
BC2026_Train_0004_S08_20250607_070007_25,0.046778608,0.53995496,0.046005815,1.2209487e-07,1.8240867e-08,0.50349474,0.0078699915,0.04360781,6.196287e-08,1.6623126e-08,2.31406e-09,0.19873834,0.0062085846,1.0384067e-08,2.4142963e-07,2.8920018e-08,0.0013286112,0.0007317435,2.4480556e-07,0.25238812,0.07974139,2.204564e-10,0.09878282,8.748202e-07,3.714212e-08,1.834496e-05,3.0350673e-08,0.24133292,0.0016381134,0.0034744742,0.0010930762,1.946561e-05,0.11410609,3.603073e-06,9.23251e-06,4.0759474e-08,3.024883e-07,0.006353453,5.5972338e-05,0.00089242985,0.06275802,7.534206e-05,0.0012203637,3.2078904e-05,0.020800361,0.020800361,0.64401764,0.094135895,0.2156574,0.009444739,0.0007241739,0.0006138552,0.0006138552,3.5139237e-08,0.3506799,3.708158e-08,0.0019049932,4.4245888e-11,0.00021310349,0.10615222,2.184073e-07,0.0006618291,2.1509573e-08,2.057904e-08,7.603654e-12,3.8497223e-09,1.4246108e-06,0.0005724625,0.0009416949,0.008003953,1.8871739e-05,0.0009240235,0.39523834,0.3985127,0.02033067,0.25319618,0.30261818,0.83476347,0.34462035,0.701202,0.48470795,0.18710099,0.7251199,0.26245397,0.5170839,0.50874406,0.36551526,0.52646905,0.3851265,0.32417783,0.3946448,0.5985561,0.52926415,0.054745078,0.009023049,0.29823545,0.52960885,0.8752789,0.60217875,0.35710612,0.0006066706,0.2123551,0.65462345,0.002333875,0.18222646,0.55751103,0.28594396,0.08413731,0.59388894,0.40512457,0.35457674,0.77285576,0.1714494,0.50578445,0.24274012,0.24417359,0.3545819,0.4507916,0.25295505,0.8715122,0.89665586,0.79025483,0.5692598,0.19463816,0.3215332,0.44954562,0.56804156,0.791647,0.24128419,0.60009277,0.514673,0.57720983,0.004882641,0.92539483,0.4837866,0.2509764,0.24828295,0.59945667,0.6746359,0.00047688736,0.13478938,0.0006491863,0.2946628,0.48566785,0.012336795,0.2230961,0.78362393,0.7886513,0.043211225,0.45708406,0.33283153,0.49453562,0.33492282,0.27131602,0.58458114,0.30799568,0.33513573,0.20193383,0.008175843,0.43202657,0.00019404822,0.5209397,0.32824844,0.46817565,0.38235927,0.01002318,0.6013082,0.58134586,0.3414242,0.9380549,0.82401365,0.13756056,0.45021492,0.4563076,0.12265926,0.40676233,0.50319844,0.52378845,0.4235477,0.23875836,0.19558431,0.063182525,0.38664997,0.23803355,0.28562123,0.37082204,0.031290125,0.56300616,0.37960693,0.5085085,0.030318176,0.7040292,0.4195221,0.8193956,0.67174107,0.46017802,0.4706008,0.39684793,0.49409682,0.2678412,0.42320156,0.20609362,0.18586653,0.61673373,0.6343498,0.862869,0.04111018,0.60836357,0.11333415,0.3276194,0.3998747,0.16993545,0.7060512,0.4755749,0.002399688,0.0119126495,0.4783006,0.70681167,0.1902077,0.009031805,0.24776015,0.24171138,0.25014576,0.37544373,0.10866766,0.3591446,0.24544604,0.57523704,0.17967564,0.6440924,0.15413637,0.38814226,0.48297575,0.50554764
BC2026_Train_0004_S08_20250607_070007_30,0.042880464,0.26463413,0.026262285,1.553896e-07,1.7390139e-08,0.36816624,0.0070471303,0.0391511,2.0705112e-08,2.4283848e-08,2.501414e-09,0.048106197,0.0058041443,9.141652e-09,2.7389328e-07,3.1559278e-08,0.0010750412,0.0005299078,1.376738e-07,0.21477275,0.0833514,2.1431751e-10,0.13585472,1.4563243e-06,4.365875e-08,2.2090071e-05,4.1200565e-08,0.17375739,0.0011971776,0.0031447287,0.0018613088,2.3039964e-05,0.14579216,3.9793085e-06,9.140109e-06,5.4861136e-08,4.4348982e-07,0.009177107,8.855506e-05,0.0010269138,0.07106953,9.311829e-05,0.0016696275,4.2737873e-05,0.029232394,0.029232394,0.64735746,0.123474635,0.07778837,0.014039191,0.00087922433,0.00075287826,0.00075287826,4.8583647e-08,0.3452235,4.044912e-08,0.0019138166,3.0703114e-11,0.0002046576,0.101212,1.9336082e-07,0.00054042594,2.761715e-08,2.5904527e-08,8.563797e-12,6.9164914e-09,1.1075196e-06,0.00049492274,0.0013570604,0.0036317562,1.879013e-05,0.0010372142,0.52547127,0.39179224,0.03538881,0.35859594,0.25989163,0.88566995,0.64434594,0.59283835,0.37573949,0.1847698,0.7611358,0.14045843,0.42780793,0.5145589,0.43858296,0.5854688,0.45902038,0.3064509,0.3433736,0.6005421,0.3984893,0.03294883,0.01665852,0.27538,0.36520877,0.7612899,0.43902224,0.42240056,0.0010456502,0.18950956,0.6987269,0.0023795837,0.21281673,0.54210275,0.30995554,0.05581817,0.5872524,0.51298267,0.35677874,0.6946772,0.27695903,0.6284652,0.25233647,0.31588677,0.3796365,0.52238095,0.29368457,0.8896939,0.9011774,0.8309747,0.5644884,0.14924501,0.32286298,0.39882797,0.3876909,0.8006286,0.2639447,0.8220619,0.5390698,0.6144785,0.0038616862,0.88573104,0.42472965,0.28144756,0.38954818,0.7164965,0.72852606,0.00031865772,0.1245909,0.00028360312,0.39080924,0.5798048,0.012530622,0.30514315,0.78906804,0.7883326,0.025931038,0.4857867,0.3131252,0.28727964,0.3413185,0.36293504,0.67704445,0.2976422,0.31514218,0.17143223,0.008116926,0.41268098,9.1416696e-05,0.6328516,0.30800384,0.48834035,0.44167167,0.012341326,0.57318735,0.57421356,0.38028687,0.9302115,0.8007228,0.1329841,0.39399764,0.4399395,0.06509825,0.5801327,0.44545653,0.63921666,0.49553698,0.3282791,0.17006318,0.04944041,0.31281626,0.26044676,0.27822027,0.22113688,0.02789424,0.55883145,0.40461007,0.55060226,0.051035855,0.68310416,0.5026374,0.8385618,0.7146248,0.4612677,0.47916856,0.4285278,0.46725714,0.26604113,0.51872545,0.17957097,0.15052094,0.56046754,0.7210479,0.98596823,0.050305195,0.5791338,0.116044074,0.33506888,0.5325298,0.19796588,0.6999672,0.476974,0.0026282035,0.024809824,0.49165592,0.7002033,0.20612824,0.013545344,0.2110299,0.20602432,0.2949749,0.31773645,0.14272027,0.38597348,0.3030859,0.5154447,0.2805873,0.72838455,0.0876442,0.27666196,0.546139,0.6144135
BC2026_Train_0004_S08_20250607_070007_35,0.05242049,0.3038894,0.019073864,2.6948945e-07,1.7435395e-08,0.40214112,0.010992579,0.04735888,4.000774e-08,2.6650554e-08,4.6379762e-09,0.06139037,0.0057611647,1.0205218e-08,2.2515347e-07,5.0028586e-08,0.0011816825,0.0005068148,1.865855e-07,0.2591615,0.100068055,2.426196e-10,0.15544419,1.4636325e-06,6.75448e-08,2.0896408e-05,3.278104e-08,0.18521512,0.0015946921,0.003811794,0.0023044462,2.6261436e-05,0.1517719,5.318286e-06,9.140686e-06,5.9899854e-08,4.285208e-07,0.008463218,9.1316775e-05,0.0010082441,0.07347381,0.00012682038,0.0016293183,4.1946194e-05,0.036739174,0.036739174,0.66011876,0.13047774,0.069039606,0.012933283,0.0010050597,0.00085759145,0.00085759145,5.2473098e-08,0.36077908,3.9166487e-08,0.0019125015,7.978509e-11,0.00014396556,0.17477147,2.8765106e-07,0.00060161,4.5619757e-08,3.453613e-08,8.458295e-12,4.1773416e-09,1.0060983e-06,0.0005494331,0.0009035487,0.0048413514,1.8830142e-05,0.0012283939,0.503795,0.39458758,0.01404148,0.21355835,0.2503668,0.8480987,0.4688256,0.73681176,0.3990724,0.1645102,0.7627347,0.14131853,0.4530824,0.5847613,0.42695254,0.5701815,0.4293948,0.3351396,0.35860845,0.68038815,0.43160883,0.037855458,0.021108141,0.36870164,0.4386855,0.8448672,0.45872995,0.34293914,0.0008898345,0.35046405,0.690327,0.0025383916,0.2630366,0.5187176,0.3469046,0.08914914,0.47730857,0.43959445,0.3733692,0.70090175,0.26083738,0.67165214,0.25445893,0.25999177,0.40933135,0.41427904,0.21723053,0.74995834,0.8945952,0.8241262,0.5146963,0.13661967,0.34541628,0.37977365,0.45297152,0.6757572,0.25437933,0.6920153,0.38618046,0.53470576,0.014985976,0.59178424,0.40858293,0.26408118,0.25357664,0.7278212,0.6695851,0.00060835463,0.17282608,0.00037372182,0.3946218,0.54438376,0.011867188,0.3395151,0.7755992,0.299469,0.028380971,0.3896478,0.4207051,0.3363394,0.4376084,0.29850772,0.6944163,0.3416733,0.33799785,0.15421833,0.00904884,0.48100516,0.00024781807,0.649342,0.39262614,0.53002876,0.44518137,0.012170407,0.45150635,0.5878086,0.36126885,0.929432,0.6223982,0.10588324,0.5358362,0.45578608,0.10607425,0.71143454,0.47307983,0.63092387,0.54933965,0.24772811,0.19454698,0.06821523,0.3436008,0.2816007,0.23722917,0.3010768,0.026465403,0.61788946,0.47001612,0.5065026,0.050356075,0.6634609,0.41146478,0.81340635,0.817598,0.5847735,0.51385236,0.45449182,0.44707596,0.20451051,0.5697599,0.2999741,0.18399714,0.597671,0.69243187,0.8490108,0.049652368,0.61573255,0.110786125,0.355067,0.5351121,0.21858646,0.69493663,0.46825337,0.0027194957,0.014848782,0.3041202,0.65276676,0.241013,0.008791826,0.16720685,0.22821593,0.25104374,0.2437344,0.1551394,0.29878607,0.2355455,0.45157337,0.19728132,0.6995079,0.07891983,0.42676687,0.5194706,0.58779377
BC2026_Train_0004_S08_20250607_070007_40,0.056134477,0.24182525,0.024236571,3.4124062e-07,1.6880728e-08,0.3803422,0.0071671912,0.038592856,2.107709e-08,4.5299796e-08,4.266678e-09,0.043625444,0.00508015,9.178109e-09,2.3973445e-07,6.784901e-08,0.0015180722,0.000624858,1.0900372e-07,0.15517141,0.096934915,1.5863387e-10,0.11048986,1.0397839e-06,7.74316e-08,2.1265103e-05,4.792841e-08,0.15431827,0.0026723563,0.002722428,0.0013769949,3.0514639e-05,0.08672421,4.504051e-06,9.105152e-06,6.671193e-08,5.130484e-07,0.006902756,9.7359596e-05,0.00097545236,0.060593087,9.1180926e-05,0.00154951,5.50762e-05,0.023437569,0.023437569,0.6261967,0.087587066,0.060045343,0.010260973,0.00086265395,0.0007394809,0.0007394809,5.6835976e-08,0.32901254,3.0172817e-08,0.001904856,3.62977e-11,0.00016937467,0.10760943,3.8851897e-07,0.00053769647,2.249562e-08,3.3405353e-08,1.1448872e-11,4.559177e-09,1.4859436e-06,0.0005633661,0.0015454451,0.004367456,1.8653458e-05,0.0009868614,0.40008193,0.4196918,0.0155941695,0.22335415,0.2933562,0.8863694,0.49374962,0.5114797,0.4638615,0.1916585,0.73564357,0.1233367,0.52065206,0.47065988,0.42314467,0.5450806,0.4862421,0.38680607,0.34095684,0.55814254,0.29681703,0.061119534,0.006883411,0.35517725,0.3729641,0.6480426,0.48850152,0.40629745,0.00096211664,0.28030804,0.75162476,0.0028337352,0.26778975,0.46924618,0.3175877,0.063305825,0.5533536,0.4214422,0.39579198,0.7141155,0.25467488,0.587378,0.28702822,0.29507652,0.36468354,0.5994072,0.26704925,0.87456256,0.85075164,0.820457,0.5032742,0.21772292,0.29441586,0.3422617,0.46513993,0.7953703,0.23570682,0.84635127,0.42255217,0.5569579,0.0060732197,0.7610716,0.40007532,0.19376566,0.21622299,0.73665094,0.7244385,0.00071668834,0.120248795,0.0007756762,0.35263848,0.6843708,0.010257869,0.2002868,0.75443745,0.5271178,0.031580064,0.39968434,0.2895027,0.31794873,0.38301823,0.28400764,0.7289734,0.38676462,0.4337931,0.18489504,0.008406686,0.3280389,0.00010226465,0.75759727,0.2937669,0.5398324,0.43587518,0.009472079,0.6014479,0.61648387,0.40778694,0.91365457,0.7968487,0.18921158,0.51790786,0.38810503,0.059364125,0.6066312,0.39385548,0.6696071,0.5288018,0.3070903,0.1573173,0.06596968,0.29457924,0.27724814,0.35303387,0.22081082,0.022982314,0.58395654,0.4241376,0.64482653,0.033872794,0.628322,0.48824936,0.8119922,0.7848891,0.55737203,0.6370706,0.36838645,0.4969766,0.3006835,0.46609125,0.19167748,0.14197451,0.60679334,0.73278546,0.9406494,0.053647123,0.5537563,0.124454685,0.36677834,0.4956435,0.15595752,0.57762146,0.44703275,0.0036876237,0.052206088,0.52769905,0.7964592,0.24682435,0.010440981,0.20457269,0.32035053,0.20606558,0.32970512,0.12887597,0.3614664,0.2507156,0.51708585,0.22016743,0.6978125,0.08798627,0.30491865,0.5162963,0.57809687
BC2026_Train_0004_S08_20250607_070007_45,0.06620424,0.22587144,0.01921135,2.0405918e-07,1.7980991e-08,0.389211,0.0070210686,0.04408824,1.6318696e-08,1.55531e-08,3.1085932e-09,0.056800097,0.006254265,9.480339e-09,2.5039316e-07,1.7108905e-08,0.0012797726,0.0005360202,8.7076856e-08,0.17134559,0.10425912,1.5683635e-10,0.08969868,1.4708623e-06,7.0979404e-08,2.0636522e-05,2.0002002e-08,0.19130369,0.0008983752,0.0025689004,0.0016573841,2.5267595e-05,0.117572784,3.618411e-06,9.129498e-06,4.3897995e-08,3.4929477e-07,0.007712861,6.765999e-05,0.0008271928,0.0599382,7.887363e-05,0.0014442154,4.314792e-05,0.02856354,0.02856354,0.62720066,0.113953024,0.046594203,0.011834942,0.00081008737,0.00069601985,0.00069601985,3.8528434e-08,0.30097073,3.011077e-08,0.0019179728,3.484372e-11,0.00019745085,0.10826764,2.064894e-07,0.00057953125,2.4529607e-08,2.6901507e-08,9.943745e-12,2.2494444e-09,8.8440146e-07,0.0004716834,0.0010926375,0.0050258655,1.8806648e-05,0.0013487971,0.39836168,0.45422968,0.019406578,0.2732771,0.2928145,0.88724,0.580202,0.3904951,0.42388916,0.18170586,0.7577427,0.15220232,0.41644013,0.5167277,0.42806622,0.60484415,0.47848547,0.31443113,0.35183406,0.68518823,0.27958,0.041500147,0.008634883,0.28167635,0.43512967,0.5652167,0.47152883,0.4092468,0.0010508487,0.27089,0.6975298,0.0026435829,0.21820578,0.50255686,0.30119228,0.05518224,0.5595031,0.4758218,0.35209152,0.6695679,0.31210753,0.6689603,0.20897153,0.30222985,0.42291427,0.5710007,0.24539138,0.8292561,0.8871985,0.824076,0.56867456,0.18707152,0.27881286,0.38734215,0.37186146,0.76114506,0.24063846,0.7906107,0.40365142,0.52958107,0.0034621516,0.92917025,0.4473048,0.26905742,0.36138862,0.70243627,0.74437106,0.0006775011,0.12245966,0.0010950216,0.3582292,0.500138,0.00986865,0.30986598,0.7430098,0.32263792,0.019778425,0.3686572,0.36218935,0.3737596,0.37071815,0.30359468,0.7332805,0.2678292,0.4369052,0.16472863,0.00974201,0.3439732,0.00011913078,0.70103514,0.25049305,0.52340615,0.4524697,0.009731294,0.36139622,0.6141775,0.31619617,0.90518284,0.72640276,0.1055643,0.44678915,0.38153592,0.07766729,0.80093837,0.43127435,0.6065065,0.54994065,0.19443431,0.14665094,0.055751882,0.31025112,0.24405539,0.37041125,0.17917763,0.030681204,0.6231906,0.4019969,0.49030155,0.037753444,0.6315257,0.54517275,0.82938004,0.73652166,0.5857306,0.5884148,0.40838006,0.4214744,0.32394543,0.48289245,0.24691854,0.15136418,0.6100586,0.7595918,0.95806557,0.049566347,0.6038803,0.104529455,0.2957231,0.6207167,0.19139603,0.4885323,0.47989017,0.0025136557,0.015414949,0.48831296,0.63133293,0.2316193,0.00890107,0.24956441,0.25249422,0.27503195,0.40445533,0.17933317,0.271833,0.26431745,0.44342658,0.18982656,0.72882605,0.084614195,0.3116659,0.4204124,0.5222986
BC2026_Train_0004_S08_20250607_070007_50,0.06393316,0.2170155,0.019377759,2.376646e-07,1.7078449e-08,0.3742131,0.008158395,0.042454768,1.9907853e-08,2.0857597e-08,2.693345e-09,0.06686248,0.0067328564,1.0013195e-08,2.6829707e-07,2.5673966e-08,0.0011920412,0.000619916,4.934714e-08,0.2746686,0.0652079,1.2304556e-10,0.124459356,1.8682885e-06,9.0277e-08,1.8806515e-05,2.3520833e-08,0.15234226,0.0006228708,0.002904107,0.0014080643,1.9261275e-05,0.10791936,3.2595644e-06,9.155728e-06,4.427738e-08,3.7222458e-07,0.0059983945,7.648462e-05,0.00070249394,0.058606036,0.00010019125,0.0012800535,3.463492e-05,0.026248904,0.026248904,0.59843737,0.10298606,0.04107082,0.009427361,0.000713085,0.00063424214,0.00063424214,4.0552294e-08,0.2986119,3.6061817e-08,0.00191617,8.0084904e-11,0.00014507401,0.13715953,3.4520826e-07,0.0006446648,2.0138264e-08,2.8596986e-08,1.7319804e-11,2.0931892e-09,1.5793634e-06,0.00044435362,0.0008840109,0.0050139814,1.879435e-05,0.001254068,0.48885593,0.30559292,0.009329244,0.21824037,0.2966649,0.8722645,0.55608237,0.4762686,0.46248433,0.19525126,0.7495224,0.26471436,0.61246085,0.4689074,0.43818074,0.56823397,0.49138853,0.3255517,0.30524418,0.69793534,0.5801992,0.046657406,0.0069282297,0.27642384,0.3746998,0.6868376,0.4265725,0.5120345,0.0014697887,0.29941344,0.5930823,0.0022854216,0.25449303,0.47277313,0.3224322,0.050577216,0.54124534,0.43606198,0.3900489,0.6603854,0.23967765,0.6435978,0.33332688,0.26276603,0.43851483,0.47355694,0.24819973,0.7526726,0.86578614,0.87415266,0.53401875,0.23067752,0.32036895,0.37843943,0.3124693,0.7732489,0.2366658,0.68688446,0.44173577,0.5923169,0.0042105443,0.6203127,0.4426388,0.25904837,0.37824336,0.6794631,0.62249094,0.0003548985,0.08491993,0.0019020586,0.30372307,0.5505904,0.009083889,0.26883653,0.87623197,0.59637386,0.045555513,0.4505324,0.452584,0.35401702,0.3736452,0.31741956,0.61571383,0.36436212,0.41516423,0.17590848,0.010120791,0.42161137,0.0005242298,0.6689915,0.30993384,0.4904444,0.4430102,0.0051866015,0.38169983,0.5529336,0.43025017,0.95128304,0.71871763,0.0907109,0.46455735,0.4275954,0.07657003,0.7398643,0.51439303,0.64122134,0.5475463,0.2525512,0.25963032,0.060592093,0.37073576,0.26642397,0.23819458,0.30476797,0.025376959,0.66361743,0.42840803,0.5471667,0.03181639,0.6630801,0.53345937,0.7883314,0.8089214,0.57552546,0.5822337,0.39184564,0.48184356,0.19601648,0.53271914,0.19591577,0.14494498,0.70855296,0.7153908,0.956381,0.047614615,0.59195906,0.1494289,0.4212839,0.58249056,0.2357063,0.70202786,0.45469633,0.0023045044,0.016575402,0.36002126,0.5922912,0.25307602,0.010419398,0.15954278,0.26530415,0.27281827,0.22399193,0.1440959,0.39484313,0.29270744,0.5774824,0.13172913,0.7417245,0.16227536,0.3662186,0.5169585,0.5332912
BC2026_Train_0004_S08_20250607_070007_55,0.05407197,0.25261784,0.022402287,1.3470789e-07,1.856577e-08,0.43193442,0.007761446,0.045017492,1.5072565e-08,1.1021414e-08,4.3085926e-09,0.052599832,0.0069362517,9.960655e-09,2.3409345e-07,2.6958679e-08,0.0016830402,0.0006862929,9.914112e-08,0.31744176,0.093891755,2.1379139e-10,0.094269924,2.8274073e-06,6.1730766e-08,1.9592919e-05,1.7215447e-08,0.22729114,0.0007989516,0.0031551574,0.0010746056,1.6428558e-05,0.09737694,2.3949651e-06,9.223495e-06,4.2987843e-08,3.910226e-07,0.006541104,6.3201915e-05,0.0009465055,0.06257361,5.5466196e-05,0.0015565167,2.9254232e-05,0.030169778,0.030169778,0.63011104,0.08481608,0.04649234,0.009862631,0.000823067,0.00071746705,0.00071746705,3.8989658e-08,0.35474062,3.2751956e-08,0.0019121959,3.4057035e-11,0.00016131542,0.19936667,4.4851328e-07,0.0006659809,2.4010449e-08,3.959902e-08,1.7566611e-11,2.8153477e-09,2.089035e-06,0.00053541665,0.0010778838,0.0063347598,1.8870705e-05,0.0010408858,0.5225554,0.42816535,0.016154442,0.20898876,0.2860659,0.86277795,0.33990902,0.76564145,0.5072502,0.19502835,0.728299,0.22183314,0.4968961,0.53069466,0.3735199,0.5736649,0.536693,0.35922363,0.3449938,0.50827396,0.28326342,0.054504324,0.009125647,0.27438182,0.42545956,0.67586535,0.5779696,0.39630136,0.0007824978,0.47651315,0.6903214,0.0022799796,0.19696829,0.4757777,0.28476867,0.04603391,0.47341475,0.4593332,0.2846689,0.6615841,0.18609044,0.6539238,0.30931592,0.2939454,0.46180505,0.41935936,0.27076772,0.9029545,0.89356923,0.858952,0.5719807,0.12100519,0.3298277,0.5696959,0.5599972,0.8024775,0.27790615,0.62916327,0.38762093,0.5357018,0.007373499,0.77181834,0.3842002,0.33329388,0.38757005,0.64927393,0.6738641,0.0008702653,0.100968815,0.0005533337,0.39989784,0.4968687,0.0074076103,0.6026397,0.81931543,0.24521112,0.04331975,0.433748,0.4001621,0.2935336,0.3793025,0.25103226,0.7195143,0.2810169,0.40093058,0.24441074,0.013245771,0.3358553,0.000215709,0.8312246,0.35900107,0.5532127,0.4324445,0.009509783,0.46492013,0.5262603,0.37118796,0.9046537,0.77755433,0.1893973,0.4123375,0.42321604,0.110421225,0.57503563,0.6333119,0.6931426,0.5192316,0.30338424,0.22118132,0.05991304,0.31779695,0.27106604,0.2786317,0.25897348,0.02252882,0.64038306,0.3915616,0.3500084,0.03755943,0.66107804,0.4826797,0.7769408,0.75994676,0.55479974,0.5277524,0.4252867,0.5032125,0.31000152,0.58273673,0.1845121,0.14339133,0.60584426,0.7151977,0.7848614,0.04483524,0.5602239,0.12239919,0.35116822,0.5531917,0.21136378,0.782197,0.4531786,0.0025551412,0.01840738,0.38213116,0.63416076,0.23109418,0.00794752,0.15765293,0.2437741,0.26591194,0.2769641,0.16521025,0.3388797,0.29885423,0.5195687,0.14906776,0.66525036,0.09641411,0.3618851,0.50338155,0.5361621
BC2026_Train_0004_S08_20250607_070007_60,0.05331663,0.21582639,0.029458059,2.4951768e-07,1.7919215e-08,0.35531655,0.0106540825,0.11448517,2.3893318e-08,1.6469267e-08,2.8423286e-09,0.04216562,0.00638265,9.2596215e-09,2.7787368e-07,2.3381459e-08,0.003032904,0.0005669461,9.141984e-08,0.22922532,0.07854154,2.2928923e-10,0.21000881,5.6272715e-06,5.047337e-08,1.6907126e-05,1.825905e-08,0.21492575,0.00059183146,0.0038822878,0.0013062166,1.7029186e-05,0.09872504,2.533647e-06,9.251387e-06,4.1449233e-08,3.3438766e-07,0.005489589,6.507975e-05,0.0009448856,0.06451977,6.574867e-05,0.0018046723,2.9157276e-05,0.035299975,0.035299975,0.6402989,0.087826006,0.03220707,0.008668052,0.0008870092,0.0007845507,0.0007845507,3.8370317e-08,0.36885372,4.0814204e-08,0.0018916932,7.67082e-11,0.00024569896,0.100264736,2.7851235e-07,0.00091604306,2.198838e-08,6.2609736e-08,2.1442336e-11,5.9321743e-09,9.678535e-07,0.00051106093,0.0008979666,0.0046059927,1.8895811e-05,0.0010864949,0.61532044,0.3619972,0.01000025,0.18499307,0.22538027,0.8410448,0.3779025,0.534049,0.45093787,0.21568412,0.77961534,0.2901118,0.5073151,0.5783705,0.40768722,0.5873795,0.55575603,0.32970503,0.3604651,0.6828162,0.5112502,0.06901838,0.018174494,0.50253856,0.3999571,0.43009248,0.40505138,0.31936008,0.0007635019,0.5274311,0.61614054,0.002563496,0.2879929,0.47178024,0.3070094,0.0635204,0.4665985,0.56470805,0.30413452,0.70151085,0.20924546,0.6328492,0.27609947,0.32049185,0.35230833,0.53808457,0.2603889,0.7560658,0.8258744,0.789595,0.59946287,0.12198411,0.4164305,0.5751884,0.44844797,0.61458194,0.21903098,0.5909776,0.5462986,0.57288754,0.003962514,0.69549185,0.33322737,0.4601175,0.28603444,0.68727314,0.61877686,0.00093496824,0.16423346,0.00035459394,0.44836396,0.6431623,0.0073797205,0.5874093,0.903305,0.26742524,0.04880126,0.45496935,0.44495034,0.36661148,0.34983358,0.31996942,0.7238849,0.33606595,0.30439836,0.25767428,0.010862049,0.55999124,0.000121236415,0.8420021,0.28660738,0.59314317,0.3947101,0.0072565866,0.34530005,0.6183646,0.36007887,0.9047846,0.6119358,0.09623226,0.41947943,0.48329574,0.11669402,0.7050941,0.78234476,0.65495497,0.5096393,0.22725856,0.3244606,0.058653507,0.31160185,0.28416902,0.2577934,0.23768969,0.026010703,0.717569,0.5047803,0.4390673,0.037638754,0.59415936,0.59918255,0.761017,0.8505562,0.69926155,0.5511796,0.42988092,0.53504235,0.3030212,0.67389834,0.26236314,0.16873671,0.55424976,0.71383905,0.8543807,0.052069508,0.6218512,0.12307917,0.36501297,0.545105,0.17589344,0.6984274,0.4945152,0.0024955065,0.017161718,0.34843415,0.73556715,0.21150899,0.0077747083,0.17625503,0.18350764,0.31720674,0.23200051,0.15290272,0.24583931,0.27585158,0.5526649,0.14351895,0.6964869,0.16304474,0.387464,0.479105,0.5339047
BC2026_Train_0005_S08_20250607_070007_5,0.030348727,0.21683316,0.02155616,2.6249432e-07,2.7569778e-08,0.2517004,0.014006972,0.02911001,3.723254e-08,1.125223e-08,7.5226625e-09,0.0647341,0.014701186,8.524808e-09,3.7413184e-07,1.5211171e-08,0.001190526,0.0005456326,1.1297103e-08,0.07721661,0.05895907,8.8505336e-10,0.118972,8.68556e-06,6.070756e-08,1.999108e-05,1.6398576e-07,0.2430201,0.00053532055,0.008061179,0.0013555732,1.36078515e-05,0.035235427,2.5917136e-06,9.771652e-06,5.786037e-08,4.0029923e-07,0.0117146,3.6205874e-05,0.0023075303,0.07383977,3.332102e-05,0.004011503,1.9964458e-05,0.19488941,0.19488941,0.6537705,0.0385842,0.011756362,0.015781451,0.002679385,0.0027474954,0.0027474954,4.528003e-08,0.5103756,6.200881e-08,0.0018390844,4.9977793e-11,0.0001761922,0.12834586,2.278361e-07,0.00051565195,1.9596445e-08,8.472114e-08,4.360039e-10,7.1950814e-09,4.4287503e-07,0.0004956909,0.0009228533,0.0027398465,1.9810564e-05,0.0009150512,0.40335658,0.3098837,0.037567437,0.48698607,0.31532905,0.87442833,0.3814358,0.35844806,0.7958922,0.17100231,0.745599,0.16122846,0.39003113,0.6047888,0.5821528,0.5712697,0.78336054,0.41759807,0.31133887,0.66085017,0.35289997,0.0032176664,0.010984325,0.43374217,0.55929077,0.31802648,0.575044,0.5800156,0.0039275493,0.55323416,0.6240192,0.0032837973,0.15519737,0.56743586,0.41727608,0.19474554,0.9360331,0.48597598,0.3830602,0.6034345,0.39367715,0.47987628,0.35156614,0.4467837,0.3247788,0.3028716,0.22219376,0.8879256,0.8020752,0.80800194,0.68855983,0.9570689,0.21753433,0.8216281,0.34805235,0.6558739,0.35409594,0.4447944,0.6606385,0.71040744,0.005343867,0.8393148,0.65431756,0.15944864,0.41967583,0.6934051,0.6343779,8.8717396e-05,0.09708704,0.0014080044,0.7459225,0.7197584,0.0057671075,0.56993717,0.88503087,0.21335484,0.005100406,0.42219484,0.6031745,0.417954,0.6344916,0.457153,0.81214213,0.59108526,0.34276566,0.27518454,0.054962527,0.42492774,0.00033390004,0.63514364,0.16643393,0.5069766,0.547714,0.009835404,0.26255852,0.71196467,0.45415097,0.95952535,0.75773525,0.32416165,0.3443627,0.53755105,0.24767806,0.3035672,0.8887394,0.5702367,0.8087551,0.10494989,0.42735475,0.079766765,0.47839284,0.60210717,0.29983568,0.3602884,0.083530754,0.7526396,0.31666178,0.34208125,0.077827334,0.77930635,0.3282716,0.7945885,0.8547662,0.6641647,0.7828401,0.5267239,0.4129783,0.1772111,0.42951387,0.51363724,0.22007053,0.81643116,0.7167597,0.6808984,0.27769983,0.7702005,0.23461163,0.5010123,0.58692425,0.21622041,0.61758316,0.6130531,0.00200097,0.065281086,0.40949526,0.5442092,0.5230193,0.11641931,0.18671209,0.26669887,0.56711465,0.69893384,0.20905699,0.2923414,0.35254338,0.4512093,0.33497787,0.87031215,0.13962345,0.38504252,0.75906235,0.5062215
BC2026_Train_0005_S08_20250607_070007_10,0.02480486,0.09058795,0.02522729,1.4908426e-07,3.513771e-08,0.3137208,0.014610522,0.032792076,1.4095203e-08,1.1452648e-08,6.062004e-09,0.031632587,0.012440426,8.376669e-09,4.528392e-07,9.287089e-09,0.0013036234,0.00043704346,4.9380797e-09,0.11350226,0.07803572,4.516764e-10,0.1444433,1.3650655e-05,4.4823196e-08,2.9384471e-05,4.8299192e-08,0.25372794,0.000514675,0.008142051,0.0012254589,1.1871595e-05,0.029838232,1.7604273e-06,9.963255e-06,4.3900588e-08,3.0155107e-07,0.00532665,3.253982e-05,0.002246667,0.06084411,2.6142343e-05,0.0036750343,1.7422868e-05,0.15666,0.15666,0.6531194,0.030646123,0.0057329526,0.010553884,0.0025542758,0.0024797143,0.0024797143,3.824313e-08,0.4980278,5.6038648e-08,0.0018441863,3.3048047e-11,0.00013065185,0.22200887,2.8336976e-07,0.00040481778,1.023782e-08,1.0156306e-07,1.3216233e-09,4.405564e-09,3.2562815e-07,0.00059586205,0.0008627586,0.0030792512,1.9781202e-05,0.0010634776,0.40098116,0.25738135,0.0140484655,0.3417301,0.304102,0.8300239,0.24232368,0.3246026,0.5782692,0.1714339,0.78218323,0.07673425,0.4126918,0.585071,0.48309693,0.6268194,0.74866235,0.35109696,0.4263807,0.6455678,0.12376705,0.0013251412,0.012658722,0.38398787,0.47598037,0.32081038,0.60387117,0.3047249,0.0027868997,0.5869881,0.6116501,0.003066812,0.19297458,0.43669266,0.4520743,0.09356944,0.6157439,0.5215165,0.39481643,0.63876134,0.32672077,0.45903924,0.47736216,0.45556745,0.34213093,0.24261005,0.28980008,0.75955695,0.7636157,0.84656674,0.5767973,0.530055,0.23710375,0.7458413,0.38728312,0.5167262,0.35982084,0.5267987,0.6818413,0.72433394,0.0053274804,0.6502512,0.5239519,0.13839701,0.34812227,0.7269206,0.5812453,0.0001121827,0.080324434,0.00038959613,0.590297,0.548606,0.0046627894,0.66036105,0.96311873,0.1508678,0.0038600315,0.42663658,0.57113755,0.37905887,0.55554295,0.3219971,0.45238462,0.50936884,0.37001023,0.38492435,0.042448267,0.3783571,0.000108306216,0.77983093,0.15071107,0.6678728,0.4741371,0.008430261,0.3471009,0.7407035,0.3708864,0.887256,0.5915786,0.5603404,0.318816,0.6043806,0.38936102,0.40887597,0.8461213,0.63423985,0.62932426,0.1250957,0.30472705,0.08832723,0.35711747,0.5608755,0.2824469,0.37744084,0.05089301,0.6568158,0.32385433,0.3517843,0.04682914,0.6891835,0.26550213,0.74068576,0.8291012,0.7437111,0.57155114,0.42309445,0.42287862,0.19396178,0.4357039,0.36808765,0.2509529,0.6414423,0.8328582,0.6405281,0.14597698,0.6913242,0.26094761,0.45484304,0.49992505,0.20838761,0.3676077,0.7022406,0.0015408612,0.05049308,0.32268032,0.6448324,0.43602118,0.042019844,0.19332916,0.22451165,0.3492511,0.51603174,0.20942248,0.14391959,0.44755444,0.46330288,0.22250438,0.6955206,0.08037048,0.4637131,0.56070584,0.58085966
BC2026_Train_0005_S08_20250607_070007_15,0.03167033,0.21287538,0.019443449,3.4738156e-07,2.6688877e-08,0.22749962,0.0168017,0.027520576,3.1849616e-08,2.6472907e-08,8.561003e-09,0.0414489,0.014403267,7.837483e-09,3.335087e-07,3.1302807e-08,0.0011705314,0.00047953,7.529355e-09,0.07414609,0.10815521,5.830059e-10,0.09920061,1.552358e-05,7.0795714e-08,2.4519264e-05,3.5396616e-07,0.25319707,0.0011715261,0.008205625,0.0016172674,1.7541272e-05,0.040481377,3.6925576e-06,9.682595e-06,7.876681e-08,5.404241e-07,0.014369091,4.593594e-05,0.0028279093,0.07887229,3.5282723e-05,0.0047077565,2.6819547e-05,0.19701557,0.19701557,0.64022756,0.045614034,0.013298111,0.01802981,0.003297307,0.0033079367,0.0033079367,6.131118e-08,0.5022813,6.207972e-08,0.0018408297,3.1771818e-11,0.00015865955,0.1276442,2.481541e-07,0.0004025602,1.3944555e-08,1.04937484e-07,6.477722e-10,5.5260405e-09,5.096298e-07,0.0005626428,0.0010020429,0.0025139998,1.9555871e-05,0.00093743356,0.40001535,0.41222325,0.040996633,0.4230121,0.4616439,0.8532608,0.37523648,0.3550596,0.76480246,0.23906046,0.7801806,0.09231492,0.43261164,0.61108595,0.48656994,0.5913291,0.7536186,0.42455977,0.35922706,0.683635,0.32172632,0.0023439846,0.018133238,0.43779933,0.48257834,0.47743738,0.5516242,0.53741366,0.0050434736,0.33886537,0.68230337,0.003682896,0.21326119,0.5451019,0.5348214,0.24110253,0.9200194,0.39779755,0.40025052,0.63888437,0.46823367,0.5160912,0.41086665,0.3367656,0.35280848,0.3846703,0.30316445,0.91456014,0.8017869,0.8393219,0.69091415,0.9172244,0.22136529,0.775086,0.28432631,0.89171624,0.41933876,0.639808,0.5962366,0.7276064,0.005016847,0.82690215,0.55937624,0.21786045,0.47802487,0.6846739,0.61217374,0.000137621,0.08642172,0.0010736056,0.7389867,0.57107234,0.007899626,0.5302154,0.91069424,0.25664935,0.004865104,0.41102275,0.5513301,0.36014098,0.61260533,0.42854944,0.8485034,0.61085624,0.32394534,0.3171385,0.050659392,0.3307569,0.0001733946,0.688097,0.14632653,0.52817243,0.59423673,0.010025289,0.4405406,0.76280886,0.38496092,0.9550333,0.7235524,0.43383947,0.42052364,0.53687465,0.24099582,0.34039283,0.8766943,0.6128476,0.71803546,0.20473923,0.30917183,0.08985363,0.5016168,0.6141362,0.26045328,0.41297314,0.08925665,0.76022553,0.27100238,0.5478518,0.08103675,0.6918552,0.30267558,0.8068147,0.80388224,0.7234099,0.69337875,0.32623821,0.5128551,0.25956637,0.50141793,0.44127223,0.22841242,0.84409374,0.73467684,0.73265254,0.2192452,0.7747648,0.29688045,0.46232018,0.5337759,0.23017588,0.47730315,0.6741611,0.0022743458,0.27937764,0.3430806,0.5776773,0.43529463,0.12625548,0.16602464,0.32351696,0.5211843,0.5823331,0.24640258,0.47134066,0.31684637,0.4808643,0.25660214,0.88326514,0.14054643,0.52937794,0.72823083,0.54733956
BC2026_Train_0005_S08_20250607_070007_20,0.043105982,0.4572058,0.04973833,4.025275e-07,2.6677759e-08,0.33399802,0.014470856,0.03125521,2.4543338e-08,1.2802505e-08,5.6799347e-09,0.12120234,0.016912004,8.298159e-09,4.075464e-07,3.2254118e-08,0.0012540778,0.0005802653,3.2257343e-09,0.06747221,0.07766568,4.0525427e-10,0.1098772,5.339898e-05,5.9318083e-08,2.2785594e-05,2.3517744e-07,0.40762648,0.002236612,0.008167005,0.0014043783,1.840199e-05,0.0360775,3.93938e-06,9.750711e-06,7.6644724e-08,4.8852667e-07,0.010707789,4.922676e-05,0.0026967102,0.06936291,4.4407207e-05,0.0043140533,3.017449e-05,0.1691857,0.1691857,0.6641609,0.040103573,0.008156739,0.014202442,0.0030659651,0.0029877862,0.0029877862,5.8976376e-08,0.5154686,4.6878743e-08,0.0018531319,3.1039466e-11,0.00015628192,0.1452858,1.3800663e-07,0.00046157726,1.6725057e-08,8.512309e-08,1.1120894e-09,4.1899613e-09,4.920742e-07,0.00050098635,0.0010795775,0.005874863,1.9809899e-05,0.0008907178,0.37944865,0.32689488,0.0351255,0.38392287,0.3896373,0.8997982,0.36286184,0.42360568,0.79254913,0.22907236,0.7429557,0.091839224,0.41998214,0.6186313,0.6555605,0.53578943,0.796675,0.49661085,0.33520916,0.6971259,0.3098125,0.0020665503,0.016116528,0.42785862,0.6625172,0.35678545,0.48004687,0.47382838,0.0045327027,0.39492,0.65166855,0.0029765225,0.1662798,0.59713566,0.46400845,0.16663243,0.8947794,0.4469685,0.41289058,0.62670827,0.24835213,0.542077,0.33760807,0.34865135,0.3712657,0.32369584,0.24357724,0.88894963,0.79063326,0.8418476,0.67157817,0.94238675,0.2729198,0.7245934,0.39546484,0.88179696,0.39264336,0.5121884,0.6747828,0.65776,0.00469443,0.84060216,0.6042814,0.14059368,0.44106466,0.713296,0.6092251,0.00014922624,0.10558522,0.0006213642,0.69828,0.6358288,0.0060405843,0.37490463,0.8775044,0.18071483,0.0042900704,0.5026001,0.6156116,0.33082056,0.68043655,0.40111625,0.80667704,0.5594323,0.23093258,0.20637318,0.061977033,0.39840686,0.00014241296,0.66428673,0.14270864,0.5331129,0.57226056,0.007878525,0.20491418,0.6502012,0.35608312,0.95359457,0.7939053,0.18979822,0.4022201,0.54603386,0.15751785,0.399422,0.5989161,0.61339045,0.7978743,0.24693683,0.31524238,0.08645718,0.56649053,0.6194817,0.3425651,0.24729772,0.091477856,0.7584445,0.3079503,0.37128636,0.09977114,0.7800375,0.2811053,0.794908,0.8076625,0.6804448,0.77558935,0.45607167,0.4452879,0.22327499,0.493822,0.40860498,0.20769528,0.84063876,0.7551927,0.7281056,0.17572561,0.83365315,0.23622502,0.4791819,0.57364744,0.2332979,0.5416211,0.6127256,0.0015199698,0.061891787,0.38766035,0.5553677,0.39531693,0.06386207,0.16502337,0.2738737,0.45835954,0.5888952,0.23962554,0.45468792,0.32364196,0.5228802,0.29290077,0.8780647,0.10639882,0.32476932,0.7512252,0.61453724
BC2026_Train_0005_S08_20250607_070007_25,0.033597022,0.21422058,0.019063963,1.7300856e-07,2.5015655e-08,0.2362155,0.013709545,0.029774379,1.7881629e-08,1.26064315e-08,1.0409653e-08,0.044740085,0.009756216,7.976582e-09,3.3204984e-07,2.1970049e-08,0.0009699798,0.00047988922,4.0964387e-09,0.071645714,0.08198253,4.3986964e-10,0.11228798,9.1700185e-06,3.5275857e-08,2.2576072e-05,1.9854129e-07,0.2439833,0.00090422994,0.0050799497,0.0011263982,1.0580752e-05,0.033793863,2.3063797e-06,9.742256e-06,5.050975e-08,3.9314747e-07,0.011720081,3.7951588e-05,0.0018386221,0.0750504,3.954962e-05,0.0034533197,1.7681963e-05,0.15837763,0.15837763,0.64678997,0.037337348,0.009356847,0.0149246,0.0019372569,0.002018417,0.002018417,4.430146e-08,0.466172,3.802755e-08,0.0018523273,3.6333485e-11,0.0001300653,0.11781342,1.6340323e-07,0.00041323126,9.025057e-09,6.024227e-08,1.7407141e-10,4.2906705e-09,4.4876998e-07,0.0005444642,0.0012664028,0.0024478724,1.9537007e-05,0.0007826672,0.38931555,0.43528682,0.036376808,0.53609264,0.34535524,0.86287385,0.43246818,0.41312224,0.8448113,0.2582455,0.82022685,0.0786404,0.37408942,0.54064333,0.5120265,0.7313943,0.65987974,0.49073172,0.3456372,0.58383065,0.17932175,0.0028147772,0.024198383,0.39611804,0.5685269,0.15355977,0.6785473,0.5666709,0.0024890015,0.469551,0.62233,0.0028837877,0.18291053,0.5339202,0.53303593,0.14144532,0.68529356,0.49514577,0.3212233,0.7075982,0.33500853,0.49466377,0.2928942,0.33968386,0.290068,0.37357593,0.2185561,0.9249535,0.7369179,0.8857861,0.72061855,0.58569354,0.2513653,0.68388325,0.38383618,0.7500844,0.3040889,0.5072164,0.47991374,0.67065907,0.0027263062,0.75856996,0.50164217,0.16204675,0.18862125,0.68418753,0.57903355,6.759626e-05,0.085427135,0.0015142505,0.61170775,0.52785367,0.00679368,0.32712287,0.90961844,0.1962805,0.0048462474,0.45789686,0.4652514,0.33773956,0.5641963,0.32614508,0.9327676,0.6193963,0.44519815,0.2603879,0.060835984,0.36685306,0.0003750093,0.6713274,0.16130197,0.6621511,0.5422349,0.0062148394,0.48544553,0.6560941,0.44533038,0.89426094,0.6889075,0.53901047,0.4524688,0.69042635,0.1820112,0.31399167,0.7462249,0.5963145,0.6380249,0.15356822,0.32446557,0.093292594,0.4961719,0.5693524,0.46316037,0.35400033,0.06354105,0.6609869,0.3341076,0.36090404,0.0443009,0.6334566,0.30881944,0.791198,0.8014012,0.77742684,0.49163377,0.41446295,0.45045266,0.25018945,0.45994818,0.2808846,0.2129202,0.7196685,0.7219704,0.75449383,0.19890232,0.62549424,0.24030095,0.47908926,0.50382644,0.24525446,0.38116285,0.6819246,0.0014332897,0.05526616,0.40949336,0.56800973,0.3153005,0.06457593,0.22434029,0.31705818,0.34847173,0.2927717,0.3210423,0.37352017,0.381444,0.5337464,0.24925594,0.8040304,0.07235558,0.42673275,0.53369844,0.5465975
BC2026_Train_0005_S08_20250607_070007_30,0.051951278,0.441734,0.03317669,1.7707853e-07,2.5690802e-08,0.28818735,0.012614149,0.027215458,2.2075866e-08,1.2793304e-08,4.6220605e-09,0.09773464,0.010129271,8.420398e-09,3.467386e-07,2.468147e-08,0.0008917919,0.0005133806,6.574699e-09,0.13548665,0.073142305,4.8854126e-10,0.080954365,1.0578864e-05,3.7600266e-08,1.9811992e-05,2.6882526e-07,0.33113122,0.0024767083,0.0071690814,0.00092343753,1.1863518e-05,0.028809255,2.1723372e-06,9.760859e-06,5.29138e-08,3.6042906e-07,0.010123509,3.6761936e-05,0.0018036934,0.063711144,2.7868806e-05,0.0030190304,2.2093973e-05,0.1283024,0.1283024,0.6501697,0.032014143,0.008799778,0.013216196,0.001742097,0.0018384828,0.0018384828,4.116132e-08,0.46743608,4.324274e-08,0.001850146,2.4201858e-11,0.00015793594,0.12224823,1.8092685e-07,0.00045263462,1.1319554e-08,5.0850065e-08,4.89774e-10,3.6591576e-09,6.496082e-07,0.00055044546,0.0016179907,0.0036334815,1.9676965e-05,0.0008192973,0.4238301,0.30425832,0.0566883,0.30661818,0.3963709,0.8553062,0.35115135,0.36715087,0.87890255,0.18786599,0.7638588,0.059669737,0.422622,0.49161193,0.75021327,0.76392794,0.5825455,0.5224902,0.37313217,0.60894984,0.21286389,0.0019053381,0.01787351,0.4204717,0.55838156,0.28255075,0.78916854,0.4768735,0.0016749691,0.540595,0.65130347,0.003513974,0.21536826,0.56384027,0.34880507,0.1018297,0.8213511,0.55354476,0.3443276,0.6464175,0.28386512,0.48436093,0.3094584,0.40940776,0.3326729,0.3403459,0.21838036,0.98395276,0.7176532,0.8173769,0.78533816,0.6359703,0.22985804,0.55209774,0.42233813,0.739809,0.33315185,0.45074344,0.7027817,0.72791564,0.002500113,0.78355783,0.68521184,0.14979109,0.19315946,0.6539797,0.58663327,0.0003358521,0.09863527,0.0008261711,0.58336806,0.5807462,0.0068284217,0.25848064,0.85037386,0.14888659,0.005179847,0.4822423,0.55816483,0.29883534,0.63096696,0.27998266,0.9114631,0.6412747,0.32081935,0.22132094,0.0348829,0.3312714,0.0005908628,0.62045467,0.13871007,0.5713788,0.6147558,0.0060987193,0.43629462,0.62158024,0.37664202,0.9205751,0.75323254,0.38916352,0.44382808,0.57685643,0.2866621,0.33708215,0.47984576,0.54370224,0.7821306,0.24326445,0.34628946,0.07405377,0.42173374,0.6446204,0.3091356,0.24939963,0.03907943,0.7362805,0.33318666,0.35254568,0.09087624,0.7010625,0.31624037,0.87332684,0.82328546,0.76119775,0.7054716,0.45076874,0.39789337,0.24843192,0.57465065,0.28233114,0.2289272,0.7752223,0.6907436,0.7109945,0.14385435,0.69418484,0.20562968,0.4562499,0.56801254,0.1851526,0.50348336,0.5679102,0.0017266196,0.082174264,0.3048985,0.5242105,0.32926977,0.085933104,0.16029878,0.21958353,0.45360464,0.30785555,0.3511486,0.33960307,0.40465835,0.47058296,0.24235035,0.8491988,0.11053689,0.33766478,0.7442762,0.5615884
BC2026_Train_0005_S08_20250607_070007_35,0.03908597,0.22427501,0.023358488,2.5942384e-07,2.6324548e-08,0.2570982,0.013434451,0.026608506,2.8203186e-08,1.8132932e-08,6.1046155e-09,0.03369669,0.009017625,7.699701e-09,3.7592523e-07,2.5471556e-08,0.0008178067,0.0004600553,5.380396e-09,0.08224823,0.06517112,5.45884e-10,0.081911795,8.925441e-06,4.8091977e-08,2.0193394e-05,3.2419192e-07,0.19736245,0.0010357045,0.0043270914,0.0011243046,1.23767595e-05,0.032813158,3.1165257e-06,9.727087e-06,5.8398484e-08,4.3346512e-07,0.012242279,4.1518073e-05,0.0017562414,0.07611674,4.7833866e-05,0.0030898189,1.9229215e-05,0.14806493,0.14806493,0.67546445,0.03764256,0.012764196,0.015841924,0.0020466624,0.0020506221,0.0020506221,4.752113e-08,0.48740524,4.4798067e-08,0.0018515142,3.7926894e-11,9.957138e-05,0.13036172,1.1557219e-07,0.00041161792,1.5316283e-08,6.9174796e-08,3.4894018e-10,4.027369e-09,5.6505615e-07,0.0005857795,0.00102238,0.002861957,1.9801864e-05,0.00095362,0.39706445,0.45253217,0.061727703,0.64098966,0.44881397,0.89534104,0.33551413,0.36854118,0.886092,0.23479737,0.7478677,0.089098416,0.45676258,0.48752058,0.5188296,0.81609994,0.7434306,0.40075406,0.33001846,0.55776024,0.22846055,0.002675336,0.014936311,0.39878097,0.5529047,0.24651489,0.8016944,0.65096486,0.002254022,0.33149573,0.5319202,0.0025515095,0.201555,0.7194289,0.39751035,0.09136205,0.8695174,0.44045156,0.38309237,0.6066786,0.3219074,0.5441297,0.37761983,0.41907394,0.4040815,0.38374475,0.23401919,0.984192,0.7364216,0.770426,0.5941305,0.6889529,0.22501616,0.6211703,0.42895487,0.85733736,0.32748002,0.42682356,0.6071044,0.69504863,0.0031243209,0.6834443,0.6543352,0.19870836,0.22991808,0.64375293,0.56461257,0.00019039246,0.086195044,0.0016903712,0.6314532,0.67234534,0.0042812456,0.3372466,0.8063674,0.19929303,0.0032649108,0.5128409,0.5967731,0.3129771,0.817235,0.31345767,0.8848108,0.5445943,0.35958385,0.19105422,0.06988002,0.30725616,0.0012903967,0.69835085,0.17853794,0.5246534,0.6242555,0.008566168,0.35172957,0.56561583,0.37239492,0.9307139,0.81173354,0.35041153,0.45247075,0.47666666,0.1521366,0.22591463,0.49066234,0.54418707,0.7902823,0.12901804,0.17844315,0.09852119,0.56395656,0.7714044,0.17710803,0.19384412,0.062347148,0.59987724,0.34169403,0.37632784,0.10539245,0.767436,0.34309527,0.8013572,0.81895393,0.72380453,0.8652766,0.4320848,0.4813462,0.19219445,0.45577523,0.35165069,0.42750126,0.6526609,0.69493544,0.7330948,0.36933523,0.62070465,0.301441,0.54443276,0.5292625,0.2391617,0.40435904,0.6993121,0.0014740283,0.07573434,0.40043247,0.587443,0.2845915,0.17923845,0.22989768,0.21489932,0.32904598,0.42563948,0.23471795,0.2820056,0.3672773,0.43647116,0.45834407,0.85887307,0.09973767,0.33973086,0.6885156,0.53238297
BC2026_Train_0005_S08_20250607_070007_40,0.03803168,0.20640811,0.01940778,1.7171963e-07,2.6969225e-08,0.24025989,0.017616414,0.04479118,2.4240991e-08,2.1198895e-08,9.085066e-09,0.032658298,0.012457183,7.604434e-09,4.502641e-07,6.919928e-08,0.001036103,0.00045028166,3.7000707e-09,0.10263045,0.048164096,5.5952915e-10,0.097644866,1.6710394e-05,3.4844877e-08,2.191511e-05,2.5270172e-06,0.20818159,0.00090273994,0.007291162,0.0011482171,1.1950215e-05,0.026827382,2.626721e-06,9.765994e-06,5.467113e-08,3.7298e-07,0.010693178,3.8254875e-05,0.0018917236,0.072499156,3.409505e-05,0.0036483011,1.8692246e-05,0.17067687,0.17067687,0.6686234,0.03239948,0.007980875,0.0143287815,0.002246359,0.0022106052,0.0022106052,4.466527e-08,0.5028834,4.96575e-08,0.0018493859,2.4711932e-11,0.00014788927,0.14161864,1.5054569e-07,0.00041575622,1.47023345e-08,6.987954e-08,3.613627e-10,5.1554885e-09,2.6685547e-07,0.00049217604,0.0013133632,0.003597418,1.986846e-05,0.00093392475,0.36153087,0.30441967,0.081225455,0.32769078,0.39242658,0.8550397,0.2205272,0.36011934,0.8492749,0.17016387,0.7948474,0.09686754,0.46877688,0.5849135,0.46103054,0.5190806,0.79260993,0.32825366,0.31706443,0.5261039,0.33304372,0.0020319105,0.010902583,0.46250662,0.5419052,0.370952,0.5975907,0.5285382,0.0032859033,0.55123276,0.6172388,0.0038965985,0.17524572,0.57465374,0.38544464,0.1708721,0.92842615,0.4517789,0.29576436,0.6305577,0.29383853,0.46889818,0.2479869,0.3379685,0.28502104,0.3741338,0.23730347,0.81939113,0.7460787,0.80601865,0.6967238,0.92244136,0.28877696,0.62058765,0.35909253,0.8549876,0.3874297,0.45988563,0.5515116,0.6654297,0.0026144923,0.8103975,0.6759513,0.12128331,0.47030425,0.6830822,0.6174954,0.000108519016,0.06843988,0.00044166818,0.71927696,0.5472625,0.0044326233,0.59468836,0.9080596,0.19113816,0.0042112693,0.42241043,0.6342872,0.32351038,0.7123074,0.35690773,0.8683256,0.589657,0.31037197,0.23324883,0.079145566,0.31708813,0.00027847593,0.58473855,0.13787386,0.48583755,0.496552,0.0074365586,0.26584074,0.5697583,0.40619954,0.959219,0.7112675,0.33925337,0.3292258,0.39964586,0.20808724,0.4087249,0.6767625,0.5262222,0.86442,0.15735403,0.42124942,0.095426984,0.42107597,0.7387705,0.25107753,0.27176148,0.07056168,0.63224524,0.2904724,0.41193298,0.03651052,0.8242115,0.30768415,0.812409,0.8236476,0.81399137,0.7610788,0.41221064,0.40166286,0.24209675,0.4191218,0.29289865,0.2837533,0.65034854,0.6813208,0.7775762,0.2715036,0.8404316,0.25936964,0.4880008,0.51145184,0.1717124,0.4482598,0.61155605,0.0013663053,0.077433884,0.39575282,0.6118231,0.37955686,0.19644041,0.19632088,0.2752956,0.5871737,0.6763236,0.2492835,0.26563865,0.30088857,0.47147828,0.27896807,0.8277497,0.16793975,0.22250982,0.85193926,0.53879255
BC2026_Train_0005_S08_20250607_070007_45,0.048220158,0.20203047,0.028103115,2.449109e-07,2.6270124e-08,0.33809322,0.031950064,0.03872897,4.0101455e-08,1.9792335e-08,4.04923e-09,0.065748036,0.0114910295,8.396523e-09,3.4494758e-07,4.6850694e-08,0.0009408239,0.0004374434,7.744299e-09,0.11340074,0.067963995,6.320015e-10,0.08180306,7.650659e-06,4.7738702e-08,2.082899e-05,1.0831612e-06,0.24869917,0.0008197674,0.0050641303,0.0009351414,1.0856044e-05,0.029861188,1.7973204e-06,9.710345e-06,4.8864873e-08,3.2260962e-07,0.009108359,3.7023245e-05,0.0016082788,0.059118196,3.9414463e-05,0.002680905,1.7690229e-05,0.1401432,0.1401432,0.661147,0.03277193,0.007406274,0.011786082,0.0016352411,0.0015860504,0.0015860504,4.175109e-08,0.47069076,3.765407e-08,0.0018551893,3.5972596e-11,0.0001538221,0.14197657,2.6244732e-07,0.00038158477,1.1402568e-08,6.163476e-08,3.862606e-10,4.2514974e-09,2.8625035e-07,0.0005956992,0.0012776032,0.0041907844,1.9696798e-05,0.00085768325,0.31501913,0.33667308,0.028402276,0.34166706,0.37861013,0.8591234,0.3306813,0.4500494,0.8468685,0.23454663,0.78614116,0.10692852,0.4830215,0.5033313,0.5970934,0.6712769,0.6698838,0.37723398,0.31433046,0.5033159,0.34506842,0.0014943117,0.015416788,0.5000279,0.5752762,0.38111514,0.53029805,0.539332,0.0019624932,0.519271,0.5795525,0.0030493373,0.1755026,0.45876032,0.54557323,0.17219067,0.89293545,0.42957047,0.28549528,0.59674007,0.295333,0.49946523,0.29740864,0.30068114,0.31081954,0.3705817,0.21326369,0.87663275,0.8571668,0.79519135,0.7127529,0.8088445,0.23750024,0.7373081,0.46358404,0.68976027,0.33571666,0.4761962,0.6182897,0.69921976,0.0038532803,0.6251592,0.63836694,0.18671612,0.30034843,0.6991538,0.58325595,0.00011579422,0.06904436,0.00031427012,0.57280445,0.49113628,0.004447165,0.38925973,0.828812,0.14061111,0.002519122,0.44461206,0.5971481,0.33109778,0.6518141,0.35620558,0.9478789,0.5452387,0.24249236,0.33929172,0.049455233,0.4021328,0.0015395115,0.62427276,0.18639255,0.5094183,0.51034737,0.0076743243,0.41216356,0.69964266,0.36349428,0.92954963,0.62022275,0.34311283,0.43180582,0.49250373,0.20924631,0.3876597,0.8799657,0.5677219,0.6852767,0.20065439,0.18974115,0.080621675,0.49112964,0.67297125,0.34347028,0.27017066,0.06371374,0.65158415,0.3557267,0.43148017,0.0436652,0.67042816,0.21364447,0.791269,0.789619,0.7198322,0.6217401,0.33981153,0.53023493,0.24746937,0.37630054,0.34648132,0.24576744,0.5790204,0.6529751,0.7315157,0.19978085,0.70218354,0.2555173,0.38424435,0.40839556,0.1839695,0.5564321,0.6607795,0.0011449817,0.06348126,0.32415602,0.58973145,0.30399814,0.14643769,0.19636238,0.22229332,0.4125449,0.682053,0.26437253,0.23063257,0.30440733,0.5230896,0.34247962,0.82823896,0.073735684,0.275194,0.64044,0.5663617
BC2026_Train_0005_S08_20250607_070007_50,0.029141694,0.14721702,0.016709289,2.1721631e-07,2.5680833e-08,0.23954165,0.014375568,0.027240848,2.3662214e-08,1.7793223e-08,4.8975233e-09,0.0247729,0.010676167,7.592091e-09,4.1016034e-07,2.5914916e-08,0.0010021352,0.00047381225,1.3922229e-08,0.08197282,0.08008175,5.1013793e-10,0.10694038,7.618149e-06,4.7325248e-08,2.085237e-05,3.6761216e-07,0.18536246,0.0006273194,0.004949585,0.0012808947,1.4971689e-05,0.03967112,3.252054e-06,9.644942e-06,6.7653595e-08,4.5599208e-07,0.012048417,4.0193594e-05,0.0023543038,0.07095277,2.7911117e-05,0.0035451779,2.3002402e-05,0.16300462,0.16300462,0.6482119,0.038920607,0.010080882,0.015796915,0.0023637684,0.0023802107,0.0023802107,5.4891128e-08,0.48332563,4.7751737e-08,0.0018480552,2.4492037e-11,0.00012958603,0.14487632,1.9166801e-07,0.0003982137,9.963501e-09,8.3829555e-08,2.6009883e-10,3.0026717e-09,3.0986857e-07,0.00048300112,0.0009031159,0.0025894516,1.964611e-05,0.00069724815,0.36420193,0.3151882,0.03048804,0.5078576,0.3535349,0.9021006,0.36985034,0.5469132,0.64853483,0.17950039,0.77252895,0.11440696,0.48465946,0.6384153,0.595201,0.6844895,0.66121346,0.46545297,0.3346389,0.58076453,0.17080702,0.0026167752,0.007555587,0.42341405,0.501018,0.6055343,0.54193443,0.4258079,0.0028740296,0.42114007,0.675788,0.0029098063,0.17354815,0.5117597,0.3971852,0.11353536,0.9207777,0.5791362,0.38282248,0.6692432,0.31662124,0.552576,0.28175816,0.41468343,0.273407,0.36826646,0.22313482,0.92637634,0.90836006,0.8373263,0.76667815,0.8859919,0.19270408,0.74775785,0.42105368,0.90637815,0.36811635,0.625021,0.4485429,0.68704045,0.0035711618,0.86555713,0.59493834,0.15691863,0.3297677,0.68978935,0.6008403,0.0001631671,0.069659464,0.00023996292,0.6612015,0.61056435,0.005712904,0.49928665,0.88611513,0.29740265,0.0052569984,0.51208735,0.5941761,0.33745807,0.6511514,0.32973343,0.86633366,0.5454914,0.30997294,0.26312006,0.058646936,0.29137328,0.00023667097,0.67005754,0.16762882,0.5099551,0.638545,0.011681997,0.4826182,0.6711733,0.4927324,0.9484847,0.59747523,0.24793535,0.4140879,0.48832792,0.1833109,0.38695145,0.5856884,0.61640936,0.75859034,0.19797201,0.4160002,0.0869333,0.5814544,0.58507025,0.23089583,0.19205679,0.09517712,0.72827816,0.3501541,0.5160282,0.05806628,0.7161671,0.3138217,0.8114039,0.7800398,0.8098235,0.83291364,0.39552817,0.49316746,0.18964063,0.51412195,0.3303956,0.30423957,0.746069,0.78776324,0.6939366,0.16082746,0.83699083,0.23682964,0.47125864,0.55600566,0.23667538,0.46062604,0.58632696,0.0015322153,0.23824728,0.4102055,0.6585191,0.4167535,0.037495263,0.16899186,0.26929814,0.46448034,0.61318165,0.25648853,0.45782334,0.2924704,0.48913628,0.3085398,0.8358374,0.14369594,0.35592827,0.6490356,0.59308046
BC2026_Train_0005_S08_20250607_070007_55,0.048026342,0.21268147,0.017905476,4.1790022e-07,2.568628e-08,0.33685887,0.01580602,0.02660454,1.8323076e-08,1.538025e-08,1.0002874e-08,0.036652755,0.009215744,9.946841e-09,3.1830612e-07,3.0510417e-08,0.0008823905,0.00051400176,1.1086259e-08,0.12589927,0.0655496,5.4156923e-10,0.07102666,1.0479718e-05,5.1755983e-08,2.0734895e-05,2.2195024e-07,0.22633536,0.00062224554,0.00451155,0.0012125726,1.4904675e-05,0.04272846,2.5641966e-06,9.699778e-06,6.151548e-08,4.4741307e-07,0.015598829,4.4137272e-05,0.0021339634,0.085716136,3.8257516e-05,0.003231542,2.4058218e-05,0.16200013,0.16200013,0.7065543,0.04798177,0.019977666,0.021567374,0.0022644955,0.0021339536,0.0021339536,5.3040782e-08,0.51401037,4.3010107e-08,0.0018627939,3.1444493e-11,0.00012037107,0.1432443,1.8576193e-07,0.00042631908,9.5814565e-09,7.610337e-08,4.665922e-10,2.3815665e-09,5.311692e-07,0.0007216867,0.0009882848,0.003021036,1.9468507e-05,0.0008594241,0.38000235,0.32308593,0.0354944,0.32156008,0.4238278,0.8998877,0.30544695,0.60542345,0.78337485,0.18279102,0.73294365,0.08858255,0.33763736,0.48553032,0.44468227,0.75499505,0.58756745,0.45049986,0.33176333,0.54886734,0.15883638,0.0026116709,0.012876651,0.29336613,0.7485968,0.6602382,0.7570921,0.5658024,0.0025493195,0.31554353,0.6528908,0.0030431775,0.14756054,0.67843974,0.4039715,0.10063893,0.84448904,0.55117416,0.41690227,0.6091192,0.2191475,0.48287785,0.31353822,0.42959353,0.39279807,0.36066502,0.23510326,0.985745,0.9044409,0.84099185,0.7620052,0.49013445,0.21795186,0.8076671,0.5733293,0.95820636,0.38221142,0.5643279,0.41622466,0.64597654,0.011695609,0.8272833,0.6238474,0.1848022,0.3591423,0.7264049,0.56428736,0.00018039341,0.08394973,0.000738397,0.53798497,0.62002456,0.0063846093,0.35001975,0.83986366,0.19517961,0.005476965,0.44446018,0.55695945,0.39267763,0.7240938,0.31122094,0.7341426,0.5405137,0.35649705,0.18102808,0.047526103,0.2633078,0.0011175968,0.68662727,0.18941014,0.504364,0.6898796,0.012314116,0.35415792,0.56817424,0.42717707,0.9270621,0.8202027,0.45451903,0.4120049,0.38181582,0.11049092,0.39821807,0.7141922,0.54161507,0.67611474,0.19747306,0.2254577,0.07588811,0.40716016,0.5659663,0.27854168,0.29013357,0.057607763,0.5777523,0.3384832,0.2847975,0.07309076,0.7018537,0.27778357,0.8699489,0.77888507,0.6789616,0.7687983,0.4186473,0.42823955,0.13727774,0.5059966,0.2738494,0.22023171,0.7183857,0.71849847,0.72867835,0.21887586,0.6656439,0.20920491,0.55856866,0.60679704,0.15573223,0.57762444,0.569533,0.0013633254,0.03806113,0.42773056,0.6284803,0.26664725,0.064143606,0.1569604,0.2731183,0.46999604,0.32319155,0.31261268,0.48656672,0.281798,0.40358454,0.3667488,0.75316364,0.07526665,0.3440716,0.672066,0.5645457
BC2026_Train_0005_S08_20250607_070007_60,0.024088247,0.08745398,0.024012325,1.8824618e-07,2.8456206e-08,0.19308357,0.0191963,0.02831581,2.443694e-08,1.07153335e-08,6.501437e-09,0.042063385,0.010281403,7.435005e-09,3.9921076e-07,6.1092656e-08,0.0014305303,0.0005534627,7.727348e-09,0.17088817,0.0645219,7.118917e-10,0.08037698,3.2352353e-05,1.253495e-07,2.2751028e-05,3.027229e-07,0.25318775,0.00034372605,0.007539248,0.0009973604,1.0965165e-05,0.029315008,1.7293909e-06,9.743306e-06,6.393125e-08,5.09114e-07,0.009584804,3.7211983e-05,0.0022988806,0.08053296,2.3205062e-05,0.003675322,1.6709315e-05,0.17631416,0.17631416,0.67554814,0.034922354,0.008679161,0.015289178,0.0022904463,0.0021614912,0.0021614912,6.062759e-08,0.5340317,4.9145488e-08,0.001866292,3.891523e-11,0.00014896075,0.3073932,3.8134536e-07,0.00039491628,1.21986865e-08,2.2113059e-07,6.7136057e-09,4.2970747e-09,5.78081e-07,0.000638433,0.0012810886,0.002195655,1.958153e-05,0.0010536277,0.44054475,0.4083954,0.022916231,0.55593485,0.43975648,0.9088299,0.43819657,0.44237632,0.61986375,0.15901211,0.7512039,0.07961741,0.41804066,0.43390185,0.68566173,0.57154244,0.7204311,0.4428455,0.3727108,0.5581059,0.22144137,0.003206942,0.02168913,0.27916902,0.4855368,0.2771397,0.60997915,0.62142307,0.004462833,0.6659775,0.5421106,0.0038629384,0.18156862,0.49370822,0.4069582,0.09387202,0.7520748,0.40909097,0.36192268,0.6212683,0.3042733,0.49655735,0.44924092,0.38784385,0.33463958,0.32361764,0.21474822,0.9120379,0.70916355,0.85757905,0.58648235,0.33672333,0.24590439,0.7498675,0.4372224,0.97565824,0.36704513,0.6149592,0.57773536,0.6702698,0.00818011,0.6519251,0.4114932,0.14688043,0.39851964,0.6711119,0.5769466,9.743204e-05,0.0709799,0.0016042608,0.5142689,0.56671184,0.00532792,0.7239843,0.9492783,0.18364914,0.005338889,0.4943431,0.58581877,0.33819342,0.5603445,0.25620246,0.8801674,0.42369297,0.44750282,0.2860773,0.03396172,0.3066135,0.00037139267,0.79082215,0.15575254,0.55910194,0.5388186,0.008692865,0.48384917,0.66544974,0.45060283,0.8743339,0.63088566,0.5913323,0.30458492,0.64925814,0.26316303,0.26216233,0.8586593,0.69060725,0.66683155,0.24731363,0.3250734,0.098781206,0.6107168,0.5041036,0.18546209,0.2608273,0.04674765,0.6414137,0.27657998,0.34549102,0.042112164,0.5808618,0.33921403,0.79833543,0.76173097,0.6912041,0.63199043,0.39764696,0.5510615,0.19844873,0.48103917,0.35917157,0.19336966,0.7306562,0.8057724,0.60359657,0.21587563,0.67941546,0.3568498,0.48666242,0.45606524,0.17351557,0.5486236,0.47212145,0.0016198583,0.069437794,0.35915798,0.5582356,0.40311787,0.049221095,0.16305415,0.23186019,0.51007164,0.4877144,0.15414056,0.5727105,0.35268936,0.42361113,0.30018356,0.7490181,0.0975857,0.3998395,0.6996439,0.5494883
BC2026_Train_0006_S09_20250828_000000_5,0.0039078565,2.1599773e-05,0.0053393883,0.0030714646,1.9480083e-08,0.29834244,0.009972672,0.018993601,1.7975356e-08,8.0631335e-06,4.6988753e-06,0.004949812,0.003738505,2.5765459e-09,4.347404e-07,2.9215883e-07,0.0006792621,0.0004503817,1.0107794e-05,0.11379677,0.0406843,1.5161129e-09,0.098899804,4.5507713e-06,1.3097028e-07,1.2362581e-05,1.1639273e-09,0.21929073,1.9160718e-05,0.013570064,0.000119997734,9.555786e-06,4.4949706e-05,1.5935106e-05,1.678062e-07,6.7591905e-08,3.4320437e-06,2.3352066e-05,5.7716256e-06,7.926616e-07,1.5354528e-05,9.219614e-06,9.635255e-06,1.763539e-05,3.951365e-05,3.951365e-05,6.2877416e-07,2.2658423e-05,7.764983e-12,1.7759452e-05,9.5816134e-08,1.204626e-07,1.204626e-07,1.3095622e-07,3.8268045e-06,6.711625e-08,0.12243504,2.4747152e-08,0.00010120363,0.05480084,3.721225e-05,0.00043022193,2.5554385e-09,3.9683187e-06,3.8235004e-10,1.5206684e-08,4.689705e-08,0.0012182534,0.00083053764,0.0010937601,1.9970565e-05,0.0010164082,0.34890413,0.4352782,0.006925514,0.49126208,0.35428342,0.71667844,0.28596434,0.3527901,0.15023616,0.17232761,0.35941398,0.046747155,0.24810947,0.43475792,0.2509188,0.36876455,0.48900688,0.19385141,0.46889892,0.33115813,0.06569378,0.019419149,0.010874843,0.5345418,0.14190198,0.24991198,0.27723917,0.17640524,0.0032425083,0.20947747,0.86612165,0.06647748,0.7830169,0.27778748,0.18004735,0.06030486,0.34056014,0.38456643,0.25149277,0.9259707,0.10534821,0.71370804,0.268457,0.11934394,0.16294959,0.4732653,0.19844934,0.82271206,0.46854052,0.7315223,0.60129756,0.3909473,0.2675923,0.20183204,0.34909087,0.2072095,0.2489939,0.7315314,0.20209074,0.7188406,0.0012066312,0.2457532,0.33672342,0.09343492,0.20773406,0.70465946,0.3774383,0.002110452,0.08035989,7.620614e-05,0.18039142,0.3507385,0.006679849,0.18458776,0.6919545,0.3144135,0.0024755602,0.44186285,0.15653732,0.18064582,0.32671157,0.40670046,0.3808468,0.19098784,0.61060584,0.24192882,0.26587492,0.20105979,0.00013715206,0.50268877,0.15137157,0.57174695,0.30914184,0.011595644,0.730265,0.29707462,0.3443099,0.7456167,0.57740015,0.043318085,0.1790062,0.5781211,0.07335684,0.22573772,0.11163541,0.48239276,0.5022495,0.10778874,0.04946612,0.14941111,0.6274183,0.28071082,0.20363127,0.107666105,0.1413997,0.2921093,0.3155629,0.6943488,0.029714806,0.35767862,0.5831969,0.48018208,0.59852046,0.7114888,0.8189119,0.62915516,0.25417688,0.18957418,0.51325035,0.3499663,0.22861072,0.6034743,0.43739843,0.45139056,0.017888995,0.6743744,0.18357661,0.3106426,0.39444444,0.3609277,0.21989627,0.36108705,0.018263655,0.9569012,0.5207047,0.3323887,0.41389802,0.0032731702,0.31995448,0.14603764,0.1275334,0.14806147,0.28173482,0.050517257,0.14537372,0.33417213,0.16945074,0.35212213,0.031924695,0.17409927,0.31274733,0.55549824
BC2026_Train_0006_S09_20250828_000000_10,0.0037163184,2.0430403e-05,0.0054161684,0.0020045973,1.8083451e-08,0.36877626,0.010832828,0.015063182,1.3131197e-08,5.2505216e-06,1.2381036e-05,0.0056319316,0.005112212,2.7491622e-09,3.9612715e-07,4.4287768e-07,0.0006812074,0.00045708986,1.009352e-05,0.09157849,0.027516194,1.1845558e-09,0.13359599,9.447305e-06,1.18794595e-07,1.5176901e-05,1.7694588e-09,0.2442848,1.6979722e-05,0.022713048,8.9990965e-05,1.1220107e-05,4.5815454e-05,1.3233997e-05,1.6421829e-07,6.9249616e-08,2.9545372e-06,1.4571755e-05,6.0143807e-06,8.1245037e-07,1.5150344e-05,9.314513e-06,8.550178e-06,2.1873268e-05,3.6772493e-05,3.6772493e-05,5.8594634e-07,2.4695284e-05,8.495244e-12,1.3411709e-05,9.438514e-08,1.16020175e-07,1.16020175e-07,1.2663695e-07,3.7562763e-06,6.623709e-08,0.12272587,1.9038112e-08,9.163937e-05,0.030591417,3.125804e-05,0.00049321976,4.8672244e-09,3.848594e-06,5.480582e-10,7.937111e-09,5.49048e-08,0.0008442041,0.0010068127,0.0013019048,2.0214791e-05,0.00082716416,0.35871187,0.28573132,0.013252955,0.6070751,0.35635656,0.6262154,0.5546952,0.52218103,0.16304725,0.17453082,0.3193454,0.062053915,0.20430107,0.5273932,0.31663853,0.28822997,0.48045143,0.2283462,0.48681054,0.36884588,0.08467769,0.029552111,0.016064411,0.6556081,0.14150032,0.56569326,0.33749157,0.22161719,0.0022470478,0.51324016,0.8529131,0.053850327,0.70509773,0.42537826,0.19206154,0.07631676,0.26631787,0.37729636,0.22431648,0.86344945,0.10366194,0.6183873,0.3536938,0.0477209,0.18518043,0.62044835,0.21211345,0.7156707,0.4042159,0.64349455,0.536233,0.36111018,0.35571066,0.20248067,0.22808881,0.14151892,0.1933999,0.90775454,0.3319096,0.7535513,0.001535676,0.25412032,0.21266039,0.10216534,0.24278729,0.70061123,0.47533262,0.0008620665,0.10480785,4.4670676e-05,0.14896272,0.24233675,0.017325236,0.18266866,0.90665483,0.46403655,0.0017234742,0.45025098,0.17327304,0.13828094,0.24815506,0.3700273,0.33989596,0.13630003,0.5948806,0.28931955,0.50460756,0.48749605,0.0002991217,0.37938985,0.30938435,0.53729266,0.2634888,0.015705597,0.6906803,0.4673772,0.4690622,0.6278572,0.5269931,0.026587375,0.1931628,0.5764684,0.1403576,0.31336793,0.16388568,0.3567299,0.34577206,0.0805112,0.050661355,0.10110411,0.596391,0.22694294,0.3068849,0.16658105,0.14362955,0.27194625,0.31130257,0.8638348,0.014848918,0.25729167,0.40618578,0.597159,0.54962164,0.6856479,0.6997968,0.52200395,0.26433447,0.4454697,0.4125132,0.30465308,0.24675196,0.79333097,0.38460597,0.41353825,0.016799048,0.6846149,0.17771244,0.38199812,0.35164964,0.39924198,0.23212011,0.37913692,0.01466341,0.9124847,0.52601814,0.50926626,0.31123903,0.0022760334,0.26600477,0.15700814,0.13744068,0.103792734,0.5645853,0.04118113,0.1897759,0.47332203,0.13416643,0.24406332,0.052150533,0.14982186,0.3104809,0.49184296
BC2026_Train_0006_S09_20250828_000000_15,0.0029195189,3.177462e-05,0.0055305054,0.001665342,1.800353e-08,0.44343546,0.0097974595,0.016231451,1.1894667e-08,3.6988959e-06,8.335243e-06,0.0048453356,0.0040322444,2.607545e-09,3.91815e-07,4.3219578e-07,0.0005263195,0.00040556828,2.2532631e-05,0.07489236,0.030361187,1.5340843e-09,0.06371447,1.4582549e-06,8.0215834e-08,1.2522412e-05,1.7964954e-09,0.29587242,1.8189729e-05,0.018209234,0.00014142136,1.151867e-05,4.6125188e-05,1.388407e-05,1.6727301e-07,6.0746224e-08,2.9952373e-06,1.19723445e-05,5.819337e-06,8.1427396e-07,1.1409335e-05,1.1474236e-05,7.1974687e-06,1.9911382e-05,2.187366e-05,2.187366e-05,5.540373e-07,1.8858274e-05,7.650834e-12,1.157909e-05,9.394446e-08,1.174579e-07,1.174579e-07,1.077309e-07,3.7796856e-06,6.2495054e-08,0.122884475,1.7054917e-08,6.728042e-05,0.033576824,2.5423871e-05,0.00049259275,2.869346e-09,5.1406255e-06,2.748646e-10,6.5219057e-09,5.680059e-08,0.0007694768,0.0015594455,0.0010269969,2.021889e-05,0.0008406379,0.2959123,0.2502311,0.0071792547,0.60951924,0.39950296,0.603889,0.5641498,0.6206399,0.13291644,0.18874273,0.27684227,0.039278746,0.21155106,0.536931,0.28255516,0.36481693,0.4131611,0.25753298,0.47848374,0.36111715,0.085041694,0.039466448,0.024207588,0.6274289,0.16132241,0.6555822,0.4152221,0.2808123,0.0022626265,0.29895234,0.84019,0.043496408,0.65811753,0.35750324,0.17912562,0.03459643,0.2795799,0.39516854,0.23183061,0.91596985,0.10382282,0.6675491,0.2026527,0.064914994,0.1908086,0.68431515,0.21069165,0.75301117,0.3075548,0.6632294,0.5845307,0.36596206,0.35841474,0.21498454,0.22152959,0.14890473,0.19563922,0.9110544,0.28619096,0.7234252,0.0031538578,0.2573022,0.2725261,0.11822546,0.20622057,0.7385754,0.29825285,0.00051723677,0.09027485,6.121377e-05,0.13249189,0.2674932,0.009191465,0.1592263,0.7776067,0.24111444,0.003108617,0.47219068,0.14393425,0.1402907,0.28022578,0.30806902,0.48911032,0.23971432,0.46901277,0.33110112,0.5688848,0.42635864,0.00025904094,0.42255634,0.36155722,0.5497042,0.43471208,0.012821161,0.5861773,0.38229355,0.45959458,0.71106917,0.56515175,0.023784008,0.26356566,0.6388021,0.05150936,0.22088274,0.097418666,0.38969454,0.35209548,0.22048807,0.05305153,0.11068033,0.5865532,0.23031116,0.23392908,0.21286115,0.13219212,0.27031934,0.37855583,0.7080048,0.014574077,0.345099,0.3875742,0.5050062,0.49820703,0.5992322,0.76616555,0.6543774,0.2598888,0.47393045,0.46196288,0.3123361,0.24254215,0.6361082,0.42029512,0.41908464,0.029906446,0.7471413,0.1961204,0.3807433,0.38562363,0.3396108,0.38200283,0.39161792,0.007408226,0.121855386,0.35271415,0.52927715,0.40583122,0.0027881442,0.25992447,0.14258467,0.12985852,0.08537637,0.6217981,0.04644662,0.17899069,0.4409473,0.13311058,0.3032476,0.04895693,0.0940171,0.29547104,0.5262396
BC2026_Train_0006_S09_20250828_000000_20,0.0035256632,1.815899e-05,0.005190807,0.001471253,1.8830281e-08,0.333756,0.01154804,0.019624684,1.4988506e-08,2.4305014e-06,5.698028e-06,0.0049112123,0.0042890366,2.5797122e-09,3.6789757e-07,2.8302443e-07,0.00058842817,0.00045558743,1.32545965e-05,0.05590106,0.034764938,1.1234013e-09,0.12854709,5.3780736e-06,5.0623505e-08,1.3091531e-05,1.8030443e-09,0.33140466,1.640673e-05,0.013072993,0.00020622172,1.0638187e-05,3.93991e-05,9.741083e-06,1.682141e-07,4.1568e-08,3.0076224e-06,1.3589862e-05,5.9729123e-06,5.4092453e-07,1.1281814e-05,1.4105375e-05,7.606442e-06,1.6577262e-05,2.623473e-05,2.623473e-05,4.3717404e-07,1.901528e-05,4.8656613e-12,1.2033017e-05,6.857511e-08,8.948782e-08,8.948782e-08,8.527578e-08,2.5104507e-06,5.9312622e-08,0.12295479,1.3389102e-08,9.6922195e-05,0.04237198,1.8756902e-05,0.0005827369,2.4075895e-09,3.7475515e-06,3.063095e-10,6.6325776e-09,8.774289e-08,0.0006271698,0.0007666377,0.0008875067,2.0213742e-05,0.000816465,0.3450306,0.27045786,0.0041892044,0.53189033,0.39227638,0.64066905,0.40360585,0.642117,0.14384292,0.17434168,0.33669046,0.10088861,0.16251141,0.5692066,0.35157692,0.39076933,0.50568414,0.2514818,0.52508503,0.29198408,0.08575254,0.059950385,0.015459006,0.5237394,0.16585237,0.49230188,0.35062528,0.20440978,0.0024776768,0.28423378,0.75862473,0.058206502,0.68490976,0.28220418,0.20533283,0.046433993,0.31970698,0.45274103,0.20119171,0.71494496,0.08883846,0.7663546,0.26001313,0.09183012,0.23519538,0.48799187,0.23097219,0.7440917,0.31740925,0.5931373,0.65225935,0.3811326,0.28311703,0.23810686,0.19132406,0.16090737,0.20649879,0.75090605,0.17691621,0.727108,0.0017045576,0.24904203,0.40079603,0.14682999,0.17644067,0.6173122,0.3100677,0.0004425962,0.11769682,7.365186e-05,0.17270632,0.27890795,0.0064569265,0.24803123,0.7773741,0.18028682,0.0032119846,0.47806355,0.16006204,0.14892294,0.2747256,0.34632584,0.4207219,0.19924162,0.26050797,0.26298982,0.44227046,0.32977483,0.00018032204,0.65391463,0.30383632,0.57343304,0.30731395,0.010828405,0.635291,0.48895243,0.3880049,0.76660866,0.5386696,0.03033786,0.3011308,0.68657005,0.12416041,0.16788559,0.11959602,0.6038369,0.41671634,0.11931104,0.059932325,0.10636809,0.65551925,0.24363326,0.17028499,0.17748795,0.11076798,0.33061147,0.37501413,0.52920425,0.015372878,0.38896248,0.450611,0.5033816,0.56422424,0.6774494,0.83767784,0.73421293,0.18843967,0.46805775,0.52115506,0.33217886,0.27978286,0.7294205,0.36905828,0.40824157,0.01671541,0.7535418,0.18465312,0.40577018,0.36457923,0.3961066,0.47190288,0.37362206,0.009088558,0.1884085,0.39817274,0.30260593,0.39075592,0.0036468806,0.29325244,0.15766971,0.19970152,0.119020715,0.44051844,0.0406766,0.18447334,0.4709634,0.10121837,0.36501363,0.03723591,0.1165148,0.31042072,0.54733783
BC2026_Train_0006_S09_20250828_000000_25,0.0037958696,2.2099117e-05,0.0062413635,0.0010070896,1.9995408e-08,0.2845621,0.011475253,0.014987173,2.517282e-08,6.0076804e-06,6.117166e-06,0.0058359504,0.0044448506,2.8235625e-09,3.2446212e-07,3.9057704e-07,0.0006008135,0.0004894201,1.0762298e-05,0.05356155,0.039145734,1.3028766e-09,0.13624626,8.39213e-06,1.1589741e-07,1.5351214e-05,2.3205442e-09,0.22296804,1.5432368e-05,0.017212985,0.00010772462,1.0852545e-05,5.2569492e-05,1.1290946e-05,1.6729061e-07,6.6640965e-08,3.5220162e-06,2.913176e-05,6.697989e-06,7.7799496e-07,1.8158422e-05,1.0676699e-05,9.552205e-06,1.8942854e-05,6.4257394e-05,6.4257394e-05,6.408123e-07,3.08736e-05,9.640222e-12,2.131433e-05,9.1616826e-08,1.1385578e-07,1.1385578e-07,1.2944841e-07,3.6006652e-06,6.916823e-08,0.12221629,2.8151323e-08,0.00013172791,0.043317623,2.9122533e-05,0.0005784367,3.6604964e-09,6.909151e-06,3.8719003e-10,1.0609232e-08,4.6330896e-08,0.0009284244,0.0015113712,0.0012988128,1.9892232e-05,0.0008933897,0.46757507,0.3423308,0.0045960797,0.40765518,0.32968482,0.66227394,0.49598554,0.30117226,0.21478528,0.1610683,0.34425804,0.042183917,0.26824144,0.51236767,0.32472843,0.34831697,0.5347792,0.35412955,0.48877037,0.29817235,0.12036573,0.031383637,0.022320062,0.55573106,0.14401329,0.2789055,0.3426603,0.23572704,0.0033919814,0.40920004,0.84272283,0.076829076,0.6105063,0.2104526,0.18200962,0.045190834,0.394134,0.44581223,0.31151822,0.8757197,0.12730443,0.71553093,0.39849856,0.13609056,0.17834751,0.5031436,0.18823723,0.690673,0.4136382,0.55378497,0.6565491,0.42156592,0.34484312,0.3737841,0.22504115,0.15682738,0.23636903,0.87434447,0.21176916,0.7696975,0.0013194054,0.26674494,0.320204,0.13446335,0.48330164,0.5789541,0.37087005,0.0006536068,0.107467555,8.5080406e-05,0.16990346,0.36803338,0.0055009117,0.18501122,0.8490755,0.34702313,0.0028758962,0.46484798,0.18787457,0.17421506,0.29908523,0.33149955,0.3706778,0.21004884,0.37577465,0.29637268,0.31460655,0.2542407,0.0012173776,0.527733,0.20925702,0.6551024,0.33512107,0.015025256,0.654555,0.6313232,0.59295636,0.6876974,0.519564,0.0477951,0.24423262,0.77929616,0.22512618,0.17548683,0.13858658,0.5139919,0.4344414,0.061778616,0.06785489,0.116781764,0.51669025,0.30991125,0.17716707,0.17485853,0.12714744,0.34696797,0.32481048,0.85639733,0.016277472,0.36417994,0.36117643,0.49576777,0.7691626,0.72505826,0.774268,0.52280074,0.22741488,0.31491572,0.41969714,0.3148225,0.24745709,0.6938433,0.43935665,0.4073121,0.022300497,0.66591644,0.16320662,0.36089864,0.3855455,0.5417536,0.22970064,0.39344195,0.013869924,0.9147854,0.515455,0.4175846,0.4596562,0.008635554,0.26554757,0.18933764,0.12009271,0.12584382,0.25683436,0.05162383,0.1954979,0.381941,0.15931071,0.39245993,0.030133307,0.21016775,0.3496486,0.5527843
BC2026_Train_0006_S09_20250828_000000_30,0.003718339,2.931502e-05,0.00549002,0.0012205875,2.2172157e-08,0.3017329,0.011645406,0.018233344,1.05303055e-08,3.132292e-06,5.4177003e-06,0.0063151084,0.0045612855,2.5656917e-09,4.2172886e-07,4.516317e-07,0.00061340403,0.00039378248,8.041204e-06,0.051718496,0.04381716,1.1701357e-09,0.11071692,1.0924322e-05,1.0619599e-07,1.1544371e-05,1.7795302e-09,0.2440823,1.0908657e-05,0.013901175,0.00015767565,8.929493e-06,5.2843516e-05,1.0210111e-05,1.6709367e-07,5.310191e-08,2.8129487e-06,1.6004346e-05,6.557724e-06,6.6534665e-07,1.3151043e-05,1.3500711e-05,8.200284e-06,1.3421493e-05,4.9822665e-05,4.9822665e-05,6.1117305e-07,3.0842082e-05,8.780163e-12,1.3955951e-05,8.6500876e-08,1.12398375e-07,1.12398375e-07,1.0535027e-07,3.3484082e-06,5.589952e-08,0.123404525,1.4428569e-08,8.598866e-05,0.03829823,1.540048e-05,0.00045214873,2.6673095e-09,5.689545e-06,3.801012e-10,5.863897e-09,4.8561585e-08,0.0008387731,0.00086501875,0.0010197486,2.0383877e-05,0.0008867141,0.36900976,0.26579928,0.005235955,0.48467633,0.45000136,0.69893724,0.43019918,0.4205689,0.19013827,0.31640813,0.28363824,0.049027283,0.22627899,0.44299746,0.27199984,0.3724961,0.50970477,0.28663197,0.5736066,0.2806483,0.07758416,0.035548158,0.0122307865,0.37609425,0.1497747,0.51559055,0.36291265,0.22524202,0.0027003342,0.440655,0.6618187,0.055160075,0.57333595,0.29124758,0.17795248,0.07115345,0.32915172,0.32756445,0.19347638,0.7160273,0.14953852,0.53853786,0.5291995,0.062271707,0.1957239,0.36594948,0.21283448,0.7044291,0.2691715,0.45674434,0.59485024,0.3913854,0.21858872,0.25939444,0.23350309,0.12324084,0.24344255,0.43945777,0.25722897,0.788705,0.0010745624,0.2267359,0.34565526,0.1545754,0.12375611,0.560573,0.2871951,0.0007198647,0.07110732,2.819369e-05,0.12683605,0.27256128,0.004838105,0.32477874,0.70809436,0.19471315,0.0024532122,0.44417402,0.22757652,0.13067207,0.32486963,0.26004007,0.3641942,0.23075855,0.3461393,0.31814125,0.23665647,0.2611533,0.00019471537,0.45945328,0.20088032,0.4841031,0.46110532,0.0101017635,0.44379166,0.38446456,0.35904086,0.76088476,0.49423635,0.034235988,0.26152286,0.59402126,0.19752987,0.20075223,0.18923423,0.34252068,0.4251757,0.055144258,0.038956705,0.11969843,0.59129673,0.26196486,0.16240832,0.1385096,0.10927953,0.34236357,0.37964156,0.4923995,0.01823567,0.3394911,0.3337978,0.4386489,0.6393747,0.6988082,0.66644424,0.6113067,0.18011434,0.26613855,0.35301793,0.30881417,0.28877568,0.516138,0.32730705,0.4075058,0.016395781,0.69658726,0.24881276,0.25719944,0.345236,0.30297175,0.2442497,0.3578948,0.008994754,0.15522112,0.43436688,0.31079787,0.30846357,0.005533215,0.26690185,0.14068075,0.14746554,0.114176735,0.30547532,0.036497157,0.1651892,0.34027296,0.16159754,0.37731585,0.034208175,0.15381706,0.41077727,0.5910986
BC2026_Train_0006_S09_20250828_000000_35,0.0050777574,1.8783698e-05,0.0052785864,0.005083741,1.9119057e-08,0.3206929,0.016538382,0.0232552,1.2064591e-08,6.0281213e-06,8.342368e-06,0.0058774203,0.0035775874,2.8037475e-09,3.723264e-07,3.3559593e-07,0.0006099137,0.00036426962,8.1096105e-06,0.06553091,0.043123465,1.0404465e-09,0.11652742,5.1204065e-06,1.1030635e-07,1.2474312e-05,1.389136e-09,0.25463217,1.0880425e-05,0.012519447,0.0001572694,1.1029802e-05,5.8224843e-05,1.8953064e-05,1.6646099e-07,5.4472586e-08,3.1778939e-06,1.698862e-05,6.6552825e-06,6.6742024e-07,1.4630402e-05,1.3692005e-05,8.013336e-06,1.974157e-05,3.0406916e-05,3.0406916e-05,5.438332e-07,2.8269802e-05,6.0594242e-12,1.3310308e-05,7.563103e-08,9.6599294e-08,9.6599294e-08,1.0527607e-07,3.2156502e-06,6.173095e-08,0.12276352,1.0582389e-08,9.421514e-05,0.036582906,1.8843688e-05,0.00053645554,1.6155747e-09,3.4716409e-06,2.6336455e-10,7.3809807e-09,4.1439105e-08,0.00086214853,0.0009147996,0.00083291903,1.9941403e-05,0.00081871834,0.32158557,0.2216841,0.010150985,0.47813943,0.30204552,0.64691967,0.28598192,0.63304424,0.14969689,0.15650818,0.3557253,0.038683392,0.23505525,0.6070426,0.25818038,0.4231616,0.5219749,0.21546088,0.52835566,0.30357602,0.06878316,0.09972051,0.012867692,0.54516983,0.20110956,0.45715067,0.34171784,0.17109647,0.0027036224,0.24092326,0.69725597,0.10715669,0.6709936,0.28666642,0.18223707,0.065022476,0.33099967,0.4003456,0.25051522,0.9468325,0.10689563,0.7901392,0.30309287,0.0760392,0.19704254,0.5096177,0.18232991,0.8099454,0.37522173,0.5154934,0.5639681,0.36149496,0.32470548,0.24484962,0.23459423,0.14709274,0.20246044,0.81082284,0.32821715,0.69121134,0.0011514091,0.25406274,0.3525414,0.13235636,0.14106897,0.6575548,0.3822318,0.00036139152,0.0951486,3.2215663e-05,0.18517223,0.352803,0.005552506,0.18267302,0.7415569,0.35056856,0.002318738,0.40954825,0.13903636,0.20654394,0.30717257,0.36239743,0.39706302,0.18931241,0.2940932,0.24925947,0.2278362,0.25768596,6.8351736e-05,0.50196975,0.18196057,0.64093286,0.38619792,0.0067752562,0.79970515,0.4015078,0.41088173,0.70994574,0.5863123,0.02928007,0.22301407,0.5873523,0.07264703,0.24926013,0.10391702,0.32195,0.46982884,0.071595155,0.068336114,0.120822236,0.6041555,0.2710864,0.19640945,0.11712717,0.14806679,0.31855232,0.32452354,0.83032936,0.029806478,0.36380655,0.4813056,0.5178191,0.5337778,0.6195529,0.80607903,0.58976626,0.19651261,0.53384167,0.45668775,0.26170212,0.2643994,0.68660754,0.41405872,0.38840955,0.02615232,0.71638316,0.26830363,0.34437114,0.2804353,0.34162658,0.20223753,0.31273228,0.010460185,0.3238871,0.51769197,0.3174663,0.35907406,0.0036070351,0.36165783,0.13386883,0.14253817,0.08210815,0.2561654,0.040140707,0.19084825,0.41000095,0.14673457,0.35086408,0.029849226,0.17027916,0.39239928,0.52321494
BC2026_Train_0006_S09_20250828_000000_40,0.0035293526,2.0119942e-05,0.005332588,0.0036287697,1.9982814e-08,0.25250924,0.014087599,0.022342397,1.33189815e-08,4.8406846e-06,5.94205e-06,0.0059043146,0.0033765344,2.592837e-09,3.9842226e-07,2.856403e-07,0.00070792256,0.00044132964,3.0843898e-05,0.050482776,0.03315558,1.956143e-09,0.17427027,6.90066e-06,6.2123036e-08,1.2179249e-05,1.4092072e-09,0.25732103,1.2714771e-05,0.013172286,0.0001488788,1.024655e-05,6.918559e-05,1.4923104e-05,1.6512561e-07,6.144384e-08,3.8105081e-06,2.8140157e-05,6.906006e-06,7.9638124e-07,1.798221e-05,1.1464223e-05,9.881828e-06,1.5461934e-05,5.6438952e-05,5.6438952e-05,6.788585e-07,3.226405e-05,9.577079e-12,2.0052608e-05,9.496062e-08,1.2035306e-07,1.2035306e-07,1.2799296e-07,3.817676e-06,6.815016e-08,0.12322132,1.5973246e-08,0.000101857346,0.03283912,2.3211587e-05,0.00045124858,2.1970807e-09,5.0431768e-06,2.5981314e-10,1.0967805e-08,3.791813e-08,0.00062491174,0.0009784288,0.00090543187,1.999305e-05,0.0008584478,0.46259362,0.22381043,0.007942756,0.44119263,0.39172646,0.68133825,0.3514565,0.3121409,0.23146172,0.1841742,0.2978297,0.051775005,0.16342933,0.49968874,0.31167722,0.3817609,0.59572357,0.35839525,0.48048458,0.36347938,0.06656839,0.029254088,0.013028698,0.48929268,0.1670985,0.6082371,0.3559822,0.27858007,0.004004873,0.2907167,0.81851655,0.06437913,0.6583129,0.27874836,0.22212948,0.060684673,0.34566298,0.44401997,0.26143822,0.8208721,0.12067829,0.81487644,0.34260866,0.13636741,0.21078405,0.48044193,0.2766141,0.8173073,0.30423483,0.583958,0.65109754,0.41652387,0.31057718,0.27547902,0.2411633,0.1623763,0.26228485,0.7172353,0.22862999,0.6826995,0.0012978573,0.32293808,0.32294568,0.11389349,0.12829554,0.59320813,0.29925704,0.00055354624,0.087581344,5.7052595e-05,0.25121644,0.35400307,0.0063578584,0.16088231,0.8497211,0.39641652,0.0031451068,0.45790413,0.18424904,0.1342553,0.3281803,0.40145728,0.41133755,0.20511816,0.3151376,0.33933774,0.36796215,0.20092547,0.00014268703,0.6508628,0.18378402,0.6466095,0.4208633,0.0107466215,0.49423975,0.6111435,0.53631943,0.71827656,0.56414574,0.031050697,0.26936746,0.63468623,0.08860411,0.18291897,0.12406656,0.40666136,0.40751666,0.08444429,0.07501821,0.1389187,0.6560042,0.28676677,0.2185684,0.1972865,0.15252975,0.3489207,0.33693838,0.83046424,0.023161817,0.3622682,0.48458818,0.63267887,0.7134446,0.7044171,0.81092405,0.6904049,0.23482402,0.38903025,0.51027894,0.2769963,0.28121626,0.70081824,0.43130147,0.35543048,0.019587196,0.7020069,0.19181947,0.34021133,0.37291485,0.40770513,0.24391492,0.33528122,0.0106364675,0.9132976,0.42589778,0.34221417,0.45994017,0.0041947863,0.25225723,0.1888018,0.11712506,0.14008252,0.2677501,0.05113785,0.15502067,0.38179368,0.16245861,0.3796853,0.028346375,0.19237803,0.373526,0.6144751
BC2026_Train_0006_S09_20250828_000000_45,0.0030981973,2.2082491e-05,0.004923933,0.0042121056,2.017566e-08,0.31083488,0.013589755,0.020448696,1.6326217e-08,4.9455543e-06,5.584803e-06,0.00544333,0.004320097,2.72833e-09,3.9237202e-07,2.9294807e-07,0.000624195,0.00040331826,8.271898e-06,0.06544249,0.043370638,1.5775531e-09,0.10055533,3.8165763e-06,8.277903e-08,1.1851061e-05,1.2973406e-09,0.2724387,1.4882321e-05,0.013524243,0.00013948332,1.3312791e-05,5.501795e-05,1.6745003e-05,1.6774194e-07,6.445028e-08,3.7232753e-06,2.2631979e-05,6.2692193e-06,7.6921134e-07,1.5796946e-05,1.0803986e-05,9.724392e-06,2.3343284e-05,3.6639998e-05,3.6639998e-05,6.072136e-07,2.4822266e-05,8.323195e-12,1.5282323e-05,9.226574e-08,1.1762204e-07,1.1762204e-07,1.1934443e-07,3.602887e-06,6.1418234e-08,0.12261944,1.5759621e-08,0.000104382954,0.037294272,2.1129406e-05,0.00047760602,1.6532039e-09,4.958399e-06,3.0932304e-10,1.2041681e-08,3.18352e-08,0.0007845238,0.00097554084,0.00086307933,1.9871932e-05,0.0010990184,0.28539324,0.20435458,0.006678186,0.4953971,0.34401748,0.68705034,0.32933915,0.31448895,0.18641955,0.14661124,0.30335686,0.04579104,0.17922953,0.53846526,0.28353763,0.3985916,0.516491,0.1922959,0.5269925,0.33845308,0.08199641,0.014854616,0.00565399,0.6134421,0.14337638,0.36993766,0.3150459,0.17621617,0.0029423907,0.14637049,0.8541213,0.07629314,0.5749883,0.26704684,0.15371343,0.06372674,0.29162133,0.46628106,0.22770175,0.7932299,0.0960894,0.74982953,0.24805963,0.08000406,0.15998925,0.5214626,0.17628373,0.7240021,0.32458654,0.4613866,0.55595624,0.38124806,0.2641027,0.19428071,0.20190199,0.16487329,0.21403627,0.8235687,0.18076044,0.74552774,0.00087974034,0.28981447,0.36515436,0.1096873,0.1388255,0.59928477,0.27524734,0.00045156077,0.09920487,3.9579187e-05,0.145882,0.26897198,0.00651832,0.15969776,0.74543834,0.34708205,0.0016231979,0.44987702,0.11095598,0.1726062,0.29057646,0.29545906,0.37323788,0.15611044,0.40115273,0.24314684,0.30072576,0.2595178,0.00020842941,0.5259876,0.16822109,0.54151225,0.31305793,0.011105986,0.6129865,0.38185424,0.42964518,0.7688115,0.55088866,0.023826294,0.20158975,0.67079055,0.083563656,0.22757284,0.10229022,0.33557442,0.3591689,0.05941093,0.06385939,0.1284683,0.6408861,0.24043258,0.14559169,0.17023247,0.13376838,0.29140776,0.36303186,0.7957671,0.016569559,0.34840116,0.5429523,0.5727805,0.62605834,0.59714997,0.7215025,0.76279926,0.24119645,0.3965701,0.5019133,0.27215993,0.20267847,0.7504789,0.35307214,0.33831862,0.016043738,0.68294513,0.19726837,0.41630825,0.3295379,0.3418629,0.24434078,0.33351138,0.01090532,0.78233683,0.4700692,0.25339204,0.37872738,0.0035988092,0.25027305,0.14808942,0.13737081,0.12579606,0.36135587,0.04263348,0.16203678,0.30922213,0.1313936,0.35669056,0.030962529,0.16054548,0.29301465,0.55570334
BC2026_Train_0006_S09_20250828_000000_50,0.003076347,2.3616656e-05,0.004970406,0.0036224031,1.9045798e-08,0.26361388,0.015033716,0.029753933,2.3808028e-08,6.461893e-06,7.2565836e-06,0.005691918,0.007853463,2.6866107e-09,4.0164755e-07,4.207971e-07,0.00071827235,0.00045967617,8.09301e-06,0.08712177,0.03593822,1.5688171e-09,0.1184758,9.323736e-06,1.07814195e-07,1.30241115e-05,1.801895e-09,0.29072544,1.8449564e-05,0.024069844,0.00014447261,1.067929e-05,7.355294e-05,1.65791e-05,1.6467892e-07,7.1442926e-08,3.8144215e-06,2.6606374e-05,7.040199e-06,8.731041e-07,1.9172841e-05,1.4027726e-05,1.0232322e-05,1.920095e-05,5.9768314e-05,5.9768314e-05,6.1612695e-07,2.8299672e-05,7.697888e-12,2.1280255e-05,9.963503e-08,1.2546722e-07,1.2546722e-07,1.3480674e-07,4.0076566e-06,5.4167113e-08,0.12292013,2.7578428e-08,9.923173e-05,0.06795025,1.8377972e-05,0.00043601848,3.3198888e-09,3.668886e-06,5.203987e-10,1.7819296e-08,4.0980016e-08,0.0008373311,0.000850304,0.0007063133,1.9995783e-05,0.0007515517,0.44313347,0.19424929,0.010460581,0.53410506,0.3313227,0.71142626,0.34708494,0.30478838,0.18835539,0.1577499,0.31598985,0.038375072,0.19851045,0.6736019,0.3411175,0.37419522,0.5257933,0.27647936,0.45828724,0.35910395,0.07301795,0.011186236,0.013318951,0.47422567,0.1659119,0.3164942,0.36771533,0.18705858,0.0030295635,0.43392962,0.8299365,0.07059799,0.7346573,0.27852207,0.20378622,0.052414186,0.36978638,0.49666777,0.2690728,0.9227535,0.10512073,0.79573125,0.39238453,0.10335958,0.21913438,0.38826743,0.19986883,0.78969914,0.35456187,0.61033535,0.6452508,0.35791525,0.3628217,0.2560554,0.22468333,0.1931536,0.2501486,0.8011504,0.23246919,0.72437483,0.0010358224,0.25626963,0.31041685,0.09318595,0.10381859,0.6659451,0.34366712,0.00086748163,0.062425457,9.0572525e-05,0.1875272,0.33340433,0.00611128,0.21705996,0.8921462,0.3835181,0.0023406204,0.43211293,0.19016312,0.17015979,0.27212495,0.46496165,0.44236326,0.19760643,0.43326345,0.22796635,0.25450927,0.30983606,9.957027e-05,0.43798882,0.15894015,0.6451327,0.38464087,0.012122349,0.72423714,0.36255118,0.5068991,0.7333784,0.5394357,0.036881704,0.25212497,0.68759453,0.17274453,0.20213354,0.15553865,0.53092784,0.3360473,0.06603275,0.06613615,0.17092407,0.6119967,0.23851927,0.2065059,0.11922709,0.13250226,0.32355866,0.28317472,0.8198076,0.019278541,0.36774844,0.46327046,0.55989444,0.6745893,0.64576846,0.7895583,0.75484544,0.21544968,0.21268305,0.54364854,0.29364762,0.28051826,0.72282046,0.48972842,0.43447715,0.020547785,0.6958292,0.21853307,0.42032588,0.399251,0.4089518,0.20548172,0.35653284,0.012385257,0.97222066,0.53220713,0.33798182,0.51002437,0.0031308832,0.3567041,0.18309873,0.17292576,0.117474504,0.29106048,0.059323896,0.2035913,0.35842893,0.15728004,0.3833028,0.032842007,0.19125517,0.39346883,0.59814036
BC2026_Train_0006_S09_20250828_000000_55,0.0035534282,2.2387545e-05,0.005518239,0.00086138083,1.8072946e-08,0.44767532,0.009649777,0.028545275,1.0574491e-08,3.663899e-06,7.3783567e-06,0.0048053153,0.0041522696,2.8098004e-09,3.3802107e-07,2.4267976e-07,0.0008073441,0.00047798784,6.2476656e-06,0.15038395,0.061737083,1.3499247e-09,0.1032465,2.4925748e-06,8.6017586e-08,1.4875808e-05,1.4231331e-09,0.3326462,1.7441691e-05,0.011889151,0.00015001223,1.4263437e-05,3.5885067e-05,1.5701273e-05,1.6849555e-07,4.9964807e-08,2.8688867e-06,1.3109719e-05,5.2165246e-06,6.0790967e-07,1.12748685e-05,9.180791e-06,7.2351436e-06,2.5229268e-05,1.9980054e-05,1.9980054e-05,4.2262195e-07,1.9890585e-05,4.596509e-12,1.1055701e-05,7.140485e-08,9.141683e-08,9.141683e-08,8.7114785e-08,2.5790237e-06,5.746201e-08,0.122805044,9.985377e-09,0.00010198542,0.047896504,1.23062055e-05,0.0005307006,4.154092e-09,3.6897195e-06,3.8099443e-10,1.0182987e-08,6.036806e-08,0.0010483516,0.001087565,0.0009484193,2.0092486e-05,0.000860501,0.2782598,0.36363265,0.008920871,0.5203727,0.31629187,0.6272366,0.3682188,0.5387205,0.13163526,0.14267519,0.36427632,0.050922778,0.19471969,0.5535649,0.2868427,0.42810604,0.5207858,0.22726643,0.47075048,0.3356637,0.070736565,0.024787327,0.0071635926,0.41831785,0.19653323,0.3263452,0.40732974,0.16686413,0.0025396952,0.18566713,0.87724113,0.06208941,0.7649377,0.3141241,0.19441746,0.055630308,0.33467004,0.3616553,0.20546466,0.9325699,0.08599077,0.71262133,0.36010394,0.116498195,0.19949505,0.4047372,0.25318572,0.66023076,0.45019466,0.6648344,0.6131581,0.3114669,0.3655423,0.19770086,0.14762816,0.17321417,0.2671615,0.81904656,0.18973675,0.7063157,0.0011616864,0.28757006,0.3301264,0.113992,0.30806068,0.6821329,0.29135215,0.0006049081,0.09971429,7.2636e-05,0.18562056,0.3640505,0.0050271717,0.1614164,0.7959903,0.33066428,0.0018656107,0.4335274,0.19377442,0.1578209,0.28817713,0.32690492,0.39044204,0.1855476,0.36556143,0.34965026,0.3164144,0.25274384,0.00010488037,0.5515023,0.24198133,0.5835818,0.31952018,0.011001791,0.74816066,0.4208262,0.5004996,0.76373655,0.4601897,0.029404383,0.30215934,0.5864319,0.086816825,0.26188865,0.1187793,0.38431472,0.38715324,0.07625182,0.049359895,0.124493,0.67534167,0.26366997,0.1657767,0.18958671,0.08134043,0.3168599,0.38211903,0.758911,0.01599064,0.36059263,0.2776306,0.47497448,0.6067523,0.7194065,0.677203,0.7829183,0.20601404,0.30029836,0.47010514,0.2531375,0.22493385,0.76494163,0.3728425,0.43344426,0.017722223,0.76422614,0.21926326,0.39166418,0.38831007,0.4171437,0.45392385,0.41948166,0.009980295,0.62248987,0.4299911,0.2971336,0.3885364,0.0048870137,0.30827656,0.20900902,0.12008714,0.09787555,0.24782717,0.037263315,0.1756531,0.3661083,0.09071406,0.3419349,0.04522102,0.11121435,0.35198686,0.59148306
BC2026_Train_0006_S09_20250828_000000_60,0.0049298774,1.937265e-05,0.0052520577,0.0012782034,1.8046459e-08,0.2976934,0.011341404,0.018216873,2.1122277e-08,8.220453e-06,6.1910177e-06,0.0071251807,0.0038020173,2.6979987e-09,3.513767e-07,3.0239426e-07,0.0007500784,0.00045364717,1.1497432e-05,0.055136606,0.032168396,1.2887591e-09,0.093428634,6.0261586e-06,8.231094e-08,1.3861492e-05,1.408804e-09,0.28564996,1.1998119e-05,0.013007917,0.0001362108,9.507203e-06,4.738254e-05,1.1147404e-05,1.6706628e-07,4.9721947e-08,2.7983638e-06,2.1533977e-05,5.496087e-06,5.759572e-07,1.4051731e-05,1.25468905e-05,7.677773e-06,1.49727e-05,3.8236492e-05,3.8236492e-05,5.0139533e-07,2.6754242e-05,7.5479935e-12,1.5617465e-05,7.595287e-08,9.5418464e-08,9.5418464e-08,1.06891314e-07,2.763731e-06,5.8944757e-08,0.122485526,1.6997648e-08,0.000101172205,0.033497095,3.629379e-05,0.0004416023,1.4937463e-09,4.3009745e-06,3.6020964e-10,7.1105553e-09,5.65761e-08,0.00082111295,0.00084386556,0.00088306953,1.9992505e-05,0.0008609012,0.2977202,0.34269053,0.0048606084,0.50018257,0.32137987,0.5542736,0.465356,0.33614817,0.17584334,0.12835903,0.22343275,0.051962536,0.18834181,0.5456576,0.28511715,0.37137756,0.5002657,0.24524064,0.52804404,0.30665696,0.08968186,0.013613243,0.012153987,0.5781426,0.1625923,0.41188228,0.36882517,0.1803999,0.0018383419,0.24119574,0.84038866,0.052784912,0.6912105,0.3228211,0.18905048,0.045547888,0.32259056,0.39569122,0.23276009,0.82249594,0.09787333,0.60485905,0.22842266,0.058486,0.18629643,0.5036179,0.21225013,0.7248397,0.35068944,0.5235749,0.561414,0.2950475,0.2851127,0.20734024,0.19518037,0.14052129,0.30481187,0.89134246,0.19867912,0.7354703,0.0006506768,0.2539546,0.30187386,0.15581344,0.20229521,0.58529407,0.30591017,0.0006110423,0.10942177,5.1513995e-05,0.1286729,0.2805022,0.0054556527,0.14124708,0.6583673,0.32688433,0.0018337129,0.42327306,0.1681582,0.13675636,0.2872801,0.26930997,0.3304345,0.15933827,0.29790607,0.27350628,0.35635924,0.2368369,0.00012417282,0.37588024,0.14836915,0.48975474,0.27933133,0.011088206,0.49071026,0.52446294,0.3878245,0.6968124,0.536002,0.025454575,0.20058738,0.5416112,0.06000119,0.21688096,0.11289303,0.26285955,0.4226235,0.07232738,0.03442662,0.13030672,0.56581295,0.25628346,0.18573639,0.19751644,0.13450718,0.33381036,0.34232357,0.8470413,0.013785106,0.35079336,0.3832262,0.40575248,0.6207185,0.6997973,0.7388828,0.7073196,0.19904815,0.34901175,0.39563555,0.5489064,0.3072614,0.651001,0.36254627,0.34720576,0.016139338,0.6758814,0.2171539,0.3390188,0.29723588,0.29658166,0.2588797,0.36930174,0.011747998,0.8876744,0.4473303,0.3130296,0.34540313,0.0023995026,0.25443575,0.13782413,0.11045944,0.13386483,0.29506958,0.033877302,0.15127836,0.3662062,0.13812211,0.24907629,0.04072071,0.16961227,0.32516408,0.52135026
BC2026_Train_0007_S09_20250829_000000_5,0.0042884373,4.2067746e-05,0.010015024,5.1573086e-05,1.5841387e-08,0.27756113,0.012641879,0.047275927,2.9953657e-08,1.2505911e-06,2.4400088e-05,0.0050976654,0.0036248094,2.770222e-09,5.226952e-07,4.3486148e-06,0.003036756,0.0007361336,0.00011843671,0.20791513,0.05106692,2.141485e-09,0.52073693,7.1391855e-07,1.2067827e-06,2.3324534e-05,1.1954167e-07,0.37663943,3.8466445e-05,0.031813845,0.00022510775,1.4708564e-05,4.1932217e-05,1.0008153e-05,1.7377458e-07,6.47794e-08,4.195908e-06,2.2061315e-05,1.1982407e-05,7.836628e-07,1.6898452e-05,3.3890108e-05,9.692045e-06,2.3011202e-05,0.00021417292,0.00021417292,9.901837e-07,4.3248147e-05,1.03575065e-11,3.368447e-05,1.2083751e-07,1.5932565e-07,1.5932565e-07,1.03837586e-07,6.069734e-06,8.479044e-08,0.122433916,1.2092516e-08,0.000120000164,0.040183898,8.646025e-05,0.00042701303,1.0699449e-08,1.068109e-05,6.014212e-10,3.0409467e-08,1.7930142e-07,0.000777405,0.0011908466,0.0037468183,1.9866782e-05,0.00065182423,0.43074545,0.14934374,0.012283653,0.7182907,0.4133322,0.86885506,0.3053112,0.61643976,0.7793022,0.16560243,0.3789881,0.19869587,0.28479335,0.6436796,0.53549,0.41686538,0.8942261,0.16942438,0.60005146,0.37778956,0.7594448,0.010089221,0.17327924,0.67610174,0.347591,0.6039049,0.51067716,0.4737123,0.0027759925,0.20260566,0.64800626,0.12698826,0.68549335,0.44982773,0.51566964,0.08578427,0.8511714,0.8336008,0.3548342,0.8089754,0.083009414,0.5579945,0.30534524,0.4600963,0.29240084,0.49412385,0.22780173,0.71130997,0.61322534,0.7868111,0.7951004,0.9922079,0.37410003,0.6281318,0.27710235,0.25355968,0.4851488,0.5266815,0.24241702,0.88407075,0.010744886,0.7400538,0.81238663,0.1584793,0.12742186,0.57861716,0.49341264,0.0011463837,0.12517916,0.0040795486,0.52713436,0.5639245,0.0043897373,0.30441347,0.7741343,0.3836477,0.010428438,0.6636892,0.75162894,0.32088295,0.47769195,0.526034,0.4363541,0.687131,0.60871136,0.32618687,0.46402264,0.68117225,0.0038675265,0.54037327,0.43274054,0.40675625,0.33519152,0.0080550015,0.21554805,0.55515987,0.24214473,0.88547045,0.79213786,0.10701992,0.34481558,0.5998374,0.11138195,0.51047593,0.564254,0.31631935,0.8376616,0.04419084,0.13825086,0.07990683,0.2483981,0.4951218,0.24977775,0.48986232,0.062887825,0.6247228,0.34777203,0.5474029,0.10637448,0.8491508,0.38909015,0.7376636,0.8771193,0.66917545,0.8461378,0.65850455,0.4241789,0.19947967,0.43351164,0.48855212,0.13202754,0.75867856,0.48620746,0.7417914,0.10342313,0.7888355,0.16297577,0.61862785,0.5335895,0.697236,0.48705143,0.6643779,0.017252874,0.25222215,0.5491719,0.3888623,0.48048037,0.06378945,0.46052924,0.21442252,0.4563017,0.8251109,0.21147175,0.17914753,0.24452622,0.5445014,0.2554178,0.70867175,0.43165135,0.16275449,0.8279519,0.7670385
BC2026_Train_0007_S09_20250829_000000_10,0.0041868337,2.883363e-05,0.0069663133,5.7125424e-05,1.5373299e-08,0.33380333,0.018451497,0.029135454,3.615354e-08,8.920062e-07,2.6274649e-05,0.004074809,0.0034856733,3.1430438e-09,5.096931e-07,3.1777872e-06,0.0017744814,0.00069651374,6.0428614e-05,0.14269854,0.064444244,1.867605e-09,0.19769943,8.012712e-07,6.2296067e-07,2.6780934e-05,7.613857e-08,0.39689523,2.2781554e-05,0.015772317,0.00022405371,1.3527059e-05,2.8304174e-05,1.0456609e-05,1.7918836e-07,5.0586788e-08,3.21406e-06,1.8069875e-05,1.1529236e-05,5.9375e-07,1.7128448e-05,2.989737e-05,9.567965e-06,1.9521563e-05,0.000115087554,0.000115087554,7.1443105e-07,3.554191e-05,7.656944e-12,2.7203294e-05,8.9510124e-08,1.2044093e-07,1.2044093e-07,9.9890904e-08,4.088692e-06,7.829025e-08,0.12249163,1.1106301e-08,7.532411e-05,0.035969652,5.495651e-05,0.0004500476,3.61662e-09,3.797427e-06,1.7853366e-10,4.024367e-08,1.3662782e-07,0.00066310016,0.0013372585,0.0028957033,1.9672307e-05,0.0006234527,0.33132657,0.20990469,0.016104735,0.64617574,0.44678527,0.71135503,0.19823131,0.39415538,0.76281345,0.16905412,0.2937431,0.12880991,0.39357582,0.5302964,0.69010806,0.418175,0.7492242,0.19589478,0.55749583,0.38621107,0.44683975,0.0048438455,0.063830614,0.46115947,0.27062064,0.4093245,0.43153328,0.5543437,0.0020934953,0.16726731,0.6745465,0.15970466,0.7327018,0.3526238,0.25802988,0.09295349,0.82087666,0.6304254,0.24483097,0.83826387,0.0809272,0.45953828,0.2939786,0.21172814,0.28098038,0.54009145,0.23453884,0.5532707,0.5371353,0.77284294,0.7190342,0.88869303,0.47503638,0.43642968,0.36491516,0.2464354,0.41725725,0.43090063,0.27513868,0.7576316,0.0015525124,0.6510882,0.60800475,0.1286977,0.098340735,0.6183771,0.47978055,0.0012708913,0.18408322,0.0069538564,0.43525293,0.56746435,0.004544087,0.19757853,0.72141916,0.20236665,0.006921222,0.65737665,0.64823395,0.2087896,0.3875381,0.45199355,0.42792007,0.7486594,0.5338979,0.23889281,0.518645,0.37487823,0.0013629834,0.4623908,0.23031737,0.5080863,0.29228908,0.0031362027,0.22210753,0.39483243,0.25239787,0.9359285,0.56159,0.07514806,0.3601676,0.5100856,0.12571505,0.71641535,0.26149312,0.33145294,0.62027454,0.030947424,0.07117659,0.075441316,0.21861431,0.4504374,0.24101372,0.35831177,0.056134082,0.5496814,0.3758495,0.55635273,0.040892504,0.68492424,0.32408231,0.7315062,0.6981767,0.61338264,0.6414438,0.69685405,0.6162691,0.21658307,0.40892956,0.2440718,0.14202526,0.7220859,0.5481749,0.58872586,0.09444598,0.8147213,0.12044085,0.50038666,0.5175724,0.9035906,0.3131755,0.5239391,0.021705436,0.16784514,0.37179098,0.47797728,0.44002017,0.10026905,0.35545912,0.13367857,0.3923005,0.4989337,0.32623518,0.109840795,0.19059333,0.47497007,0.29382503,0.6000023,0.27587244,0.18209556,0.82594335,0.5386906
BC2026_Train_0007_S09_20250829_000000_15,0.004093635,2.0133846e-05,0.009269696,0.00018818406,1.5185172e-08,0.3155094,0.014818028,0.02904032,1.7043371e-08,1.0972881e-06,3.8547398e-05,0.0065876637,0.0027045268,2.9968605e-09,4.972043e-07,3.9726433e-06,0.0015624687,0.00069535035,6.1592815e-05,0.08877763,0.047588807,1.6658551e-09,0.19074942,5.7457845e-07,5.0565257e-07,2.870292e-05,8.8973756e-08,0.3726363,2.1412716e-05,0.0161323,0.000112708025,1.3594058e-05,2.1594911e-05,8.052206e-06,1.7287117e-07,5.3449547e-08,3.4921572e-06,1.2020924e-05,8.806103e-06,6.2824535e-07,1.3935206e-05,2.0044274e-05,7.532481e-06,2.629165e-05,6.827628e-05,6.827628e-05,5.631494e-07,2.3969233e-05,5.5442573e-12,1.8598184e-05,8.159201e-08,1.0864803e-07,1.0864803e-07,8.894379e-08,3.6026725e-06,8.354883e-08,0.12208999,1.12528395e-08,9.6062264e-05,0.03997453,5.496311e-05,0.00056902296,4.751708e-09,4.5208994e-06,2.8227296e-10,3.8890843e-08,1.5868109e-07,0.0006527481,0.0022205787,0.0030877045,1.9718354e-05,0.0006362248,0.39608088,0.23807693,0.016695462,0.7896311,0.3864588,0.8301076,0.32525393,0.41134056,0.6431466,0.17737922,0.30980563,0.09585868,0.25128913,0.48529053,0.4866095,0.30117694,0.73857516,0.18576527,0.49350432,0.43585154,0.18310568,0.00794244,0.06942564,0.5194097,0.2793309,0.3190068,0.45007592,0.5889665,0.0025002884,0.20195654,0.7972826,0.13087817,0.6956097,0.3134528,0.52765715,0.07732193,0.6903702,0.49827477,0.40542072,0.77540207,0.13345176,0.5525903,0.25448555,0.24794707,0.26494008,0.77885944,0.30790213,0.61276835,0.5596882,0.7544405,0.6740291,0.7649077,0.4709479,0.39220873,0.28204456,0.26694727,0.4367457,0.8991874,0.40902764,0.7284448,0.0016113836,0.4581606,0.35004336,0.12718238,0.16683728,0.64546627,0.67195857,0.0024678237,0.17001417,0.0033280412,0.6346733,0.5754412,0.0073019695,0.21422112,0.8207768,0.54398745,0.009078803,0.77934456,0.32711667,0.29444757,0.40322137,0.3146873,0.34574154,0.7984453,0.47857186,0.4277281,0.5334179,0.5392413,0.00029311946,0.49729252,0.3154759,0.44264442,0.3264014,0.009541832,0.43340984,0.2833966,0.2919886,0.8624956,0.5688942,0.08768968,0.33709612,0.6166201,0.09736997,0.7390038,0.28796428,0.28961566,0.61590296,0.045168187,0.101228744,0.06509866,0.21176705,0.5567199,0.1928163,0.22118263,0.07135402,0.39290926,0.40779203,0.8087624,0.018390534,0.5977491,0.33198076,0.7115417,0.6507311,0.7395211,0.72458947,0.7967585,0.7005611,0.33494163,0.3916664,0.19957998,0.17015094,0.7447886,0.45600837,0.6059434,0.06829463,0.7936078,0.17034115,0.5247671,0.611052,0.8646825,0.20911756,0.5576949,0.032422666,0.7549929,0.5653248,0.78800064,0.36198413,0.12963223,0.2864821,0.253952,0.1980648,0.41632414,0.44130886,0.11509444,0.21772604,0.35525167,0.16789255,0.50124836,0.2689558,0.10522807,0.5547496,0.61578554
BC2026_Train_0007_S09_20250829_000000_20,0.003000407,2.4353962e-05,0.007965364,0.000101553465,1.5173047e-08,0.3378897,0.011974921,0.025956234,2.1872536e-08,1.6238541e-06,7.002093e-05,0.0055791913,0.0027900964,2.8575962e-09,4.793282e-07,5.3051976e-06,0.0019676548,0.00073267973,0.00010124909,0.1577066,0.057023477,2.0377582e-09,0.3159534,5.8246894e-07,6.5299366e-07,2.679633e-05,5.4975576e-08,0.28523394,2.1297483e-05,0.021050185,0.00013845575,1.3936533e-05,3.4238034e-05,4.6701357e-06,1.681341e-07,5.5724755e-08,3.5125151e-06,9.064443e-06,9.798628e-06,8.19059e-07,1.4039412e-05,2.1842261e-05,7.048265e-06,2.4124105e-05,0.00019544447,0.00019544447,8.4272455e-07,3.792808e-05,7.551332e-12,1.7982531e-05,1.1019724e-07,1.3984605e-07,1.3984605e-07,9.8593304e-08,5.7223415e-06,8.511581e-08,0.122508086,1.1662559e-08,9.7483506e-05,0.037986714,6.0387116e-05,0.000516572,6.74054e-09,1.0185186e-05,4.648848e-10,1.0808747e-08,1.3831203e-07,0.00064467476,0.0014311763,0.0031799371,2.0105346e-05,0.00061637675,0.39052966,0.2839144,0.010985691,0.67640954,0.43188876,0.78023076,0.35341924,0.5897286,0.49092242,0.15239893,0.22925611,0.08440007,0.25465775,0.48923635,0.38997364,0.3525903,0.8064432,0.17234783,0.531425,0.34960702,0.17750522,0.007170105,0.11307277,0.61911786,0.34011674,0.6018554,0.5361394,0.71956986,0.0019058287,0.3897875,0.70389056,0.04679627,0.5301595,0.40045273,0.40408915,0.086082056,0.4914889,0.5766873,0.2003061,0.72515357,0.08447106,0.45788214,0.52997035,0.12623316,0.44080997,0.6570158,0.28317693,0.64339703,0.5365872,0.8451003,0.5754846,0.75069785,0.31922027,0.5114146,0.26334408,0.21454369,0.49465027,0.93000114,0.4442759,0.74186987,0.0033629735,0.46266735,0.41499588,0.11234589,0.3330982,0.650487,0.622455,0.0013257078,0.17346957,0.0011732582,0.37564433,0.47502422,0.006314034,0.29358888,0.9543785,0.26239973,0.008225098,0.5758604,0.5799226,0.21180649,0.51403403,0.34108922,0.35425216,0.39383927,0.6968402,0.29545957,0.46749294,0.72911936,0.00036432088,0.6899014,0.45746458,0.63055366,0.233418,0.008577943,0.44758832,0.6069447,0.3101745,0.77038157,0.67364216,0.18540128,0.23706575,0.67368484,0.35289472,0.44647688,0.6044705,0.43235466,0.533816,0.03324721,0.101138026,0.070167236,0.20439442,0.45699322,0.1831463,0.23341827,0.11925309,0.34386286,0.37984446,0.46432152,0.038517386,0.49376962,0.43708116,0.5554864,0.6598197,0.77739847,0.72247905,0.7488059,0.615024,0.17838128,0.43694478,0.43439996,0.09757643,0.7422042,0.7655751,0.47602883,0.06893737,0.7236406,0.194698,0.5467518,0.57053053,0.57482916,0.328091,0.5630799,0.009733297,0.080373906,0.38999343,0.68174934,0.4444801,0.04587088,0.4755093,0.22555938,0.19032995,0.32169512,0.4299574,0.10414828,0.19705036,0.51606494,0.17076367,0.4058299,0.2767924,0.21092695,0.6163626,0.60164386
BC2026_Train_0007_S09_20250829_000000_25,0.0035865605,4.0978233e-05,0.0077975285,7.055738e-05,1.5834964e-08,0.32930407,0.0180372,0.04283443,1.2754155e-08,1.6419617e-06,3.2543496e-05,0.005616241,0.0026398017,2.9318654e-09,5.9007954e-07,7.174943e-06,0.0027254408,0.0006951581,5.4383472e-05,0.1329687,0.074272685,1.7117968e-09,0.3258248,7.0287194e-07,4.693843e-07,2.6955922e-05,9.2937775e-08,0.34468424,3.199526e-05,0.023920873,0.00019780258,1.2756836e-05,3.766075e-05,1.44902e-05,1.734873e-07,4.745663e-08,3.4066752e-06,1.9653397e-05,9.5237765e-06,6.72771e-07,1.4942132e-05,2.5264351e-05,8.192272e-06,1.9788975e-05,0.00012638648,0.00012638648,7.3198623e-07,3.2176205e-05,6.8278213e-12,2.5664633e-05,8.7051156e-08,1.15691584e-07,1.15691584e-07,8.595736e-08,4.7143844e-06,8.955489e-08,0.12204383,6.877616e-09,0.00010838243,0.032974113,3.78231e-05,0.0004888328,4.319948e-09,6.586242e-06,2.2910737e-10,2.0150603e-08,1.3623593e-07,0.00092148606,0.0014120593,0.0045779794,1.973888e-05,0.00071455754,0.4254195,0.25646293,0.017503336,0.6379962,0.46179664,0.8396953,0.29882783,0.46108162,0.7306524,0.30712426,0.29267898,0.0879275,0.2213817,0.7098224,0.5579739,0.45820242,0.8831521,0.2088132,0.56129664,0.4264354,0.34349078,0.005607785,0.32026237,0.63277084,0.40855247,0.21811858,0.6040662,0.46208096,0.0027574673,0.28217942,0.7511884,0.08494121,0.5965041,0.44984403,0.62183195,0.08476235,0.63016975,0.6000803,0.30876878,0.8793045,0.09060325,0.5243363,0.29299337,0.2537535,0.43578997,0.49647248,0.28614047,0.70335585,0.41362828,0.798174,0.6680243,0.8367525,0.37488273,0.32853714,0.37323883,0.30080482,0.6337211,0.8349519,0.45257086,0.76322514,0.00231595,0.4738569,0.42474133,0.19735545,0.13658777,0.704477,0.5310697,0.0005589629,0.1876197,0.00070045824,0.6322615,0.51582706,0.0047366647,0.24822544,0.83308643,0.42944935,0.0064817467,0.8189903,0.55480605,0.31769207,0.6699576,0.61200947,0.38204512,0.67054087,0.67485034,0.33350614,0.50117755,0.85839766,0.00034430277,0.57773566,0.43238726,0.533969,0.2871977,0.005597634,0.6681056,0.478365,0.3253719,0.85017675,0.7090483,0.14218336,0.28412098,0.5117556,0.12941855,0.4291552,0.5784378,0.33810052,0.76158863,0.030158123,0.08226233,0.07578035,0.22655185,0.56741357,0.2124115,0.39481214,0.072564855,0.5126436,0.31745178,0.6580634,0.11582439,0.726393,0.4798991,0.9428297,0.78098017,0.71944356,0.56805074,0.47558314,0.48776647,0.23554194,0.4847246,0.5918206,0.15147968,0.69040626,0.720678,0.6390294,0.060085405,0.7316489,0.2313205,0.53043103,0.548891,0.6599981,0.27992895,0.59995896,0.015000473,0.18798675,0.545527,0.37417462,0.44011593,0.109808564,0.67222464,0.18479775,0.24988529,0.42527762,0.2630919,0.08658989,0.19755004,0.36740005,0.17186764,0.5256899,0.19397521,0.1674225,0.8306691,0.6254578
BC2026_Train_0007_S09_20250829_000000_30,0.0043993997,3.1879354e-05,0.008398258,8.586229e-05,1.5108483e-08,0.5379238,0.023623025,0.03215088,1.6984517e-08,1.8759182e-06,2.3920305e-05,0.0046747546,0.0033307911,3.4133594e-09,4.5923852e-07,3.1056209e-06,0.0013640831,0.0011405727,7.646446e-05,0.4123516,0.1013284,1.9938975e-09,0.68274564,3.1142633e-07,5.617546e-07,4.4952405e-05,3.556752e-08,0.4806381,3.0252617e-05,0.025545845,0.0002908693,1.5069818e-05,3.053963e-05,9.304629e-06,1.787345e-07,4.438802e-08,3.0159345e-06,9.289779e-06,9.236513e-06,5.4290695e-07,1.3520125e-05,5.0894338e-05,7.650239e-06,2.3159335e-05,5.8467107e-05,5.8467107e-05,6.0012223e-07,2.8586897e-05,6.0403067e-12,1.9543731e-05,8.022789e-08,1.0492757e-07,1.0492757e-07,8.4069e-08,3.6655852e-06,8.39861e-08,0.12225864,1.1221922e-08,0.00011174194,0.037945256,4.882512e-05,0.00060727267,6.9041435e-09,4.8890133e-06,3.4449085e-10,1.1000671e-08,2.1270074e-07,0.0008954574,0.0011748566,0.0059697265,1.9939927e-05,0.0006197906,0.31461716,0.24261737,0.016171353,0.68304837,0.44602126,0.8955836,0.26791063,0.5472154,0.25961572,0.13749179,0.3180136,0.06293252,0.4840311,0.7397847,0.3819668,0.35647795,0.5308771,0.19257684,0.6237123,0.42517635,0.1830654,0.0041499627,0.50551504,0.5413532,0.41234744,0.3664643,0.62947506,0.36173925,0.0015270419,0.1260438,0.69648576,0.15954854,0.7708951,0.3315853,0.32539892,0.06320907,0.64983636,0.46502265,0.32549506,0.8348141,0.09020851,0.39627245,0.24048859,0.23380256,0.2985614,0.5789993,0.24112456,0.5286467,0.651256,0.6192488,0.51027054,0.5932209,0.5128397,0.26921546,0.24831173,0.21817148,0.41149688,0.6721654,0.28668165,0.72323656,0.0055835126,0.38333064,0.577726,0.11347456,0.1695042,0.6066917,0.53391683,0.001060108,0.13649108,0.0010660029,0.33389485,0.45733127,0.002805122,0.20594622,0.6717362,0.43574157,0.009667476,0.842657,0.31598496,0.2676968,0.41802016,0.67804724,0.38748288,0.2907553,0.6621414,0.19282717,0.2866348,0.88910425,0.00022761746,0.50971425,0.43249604,0.5288818,0.26622513,0.005630278,0.6709339,0.41143185,0.21761496,0.82982737,0.646616,0.085225254,0.2833984,0.60211736,0.08514916,0.5148873,0.29422697,0.31603885,0.4444665,0.051437702,0.08950404,0.06092797,0.2064748,0.3256319,0.15313096,0.29850757,0.057433628,0.42125273,0.3811818,0.68012094,0.05322899,0.5876931,0.4245889,0.7221341,0.55075294,0.4674855,0.34423712,0.6380946,0.49701077,0.25148368,0.3862817,0.25470763,0.18593343,0.7141575,0.58795094,0.69442874,0.056506533,0.82826483,0.19930969,0.47679955,0.60335237,0.60754734,0.40534833,0.5071855,0.019294918,0.08876522,0.59276634,0.47227997,0.41286364,0.014370437,0.52840185,0.17626692,0.22078335,0.3079066,0.24899545,0.06540426,0.18523024,0.47364628,0.12018347,0.48124522,0.22816437,0.13980894,0.6073568,0.54586196
BC2026_Train_0007_S09_20250829_000000_35,0.004482821,2.8227421e-05,0.007137423,9.590774e-05,1.6122048e-08,0.30546495,0.015943002,0.03265478,2.4899087e-08,1.4413879e-06,2.7066879e-05,0.00504437,0.0030141487,3.0727436e-09,5.6803606e-07,2.6065889e-06,0.0019547197,0.00061327,0.00012466706,0.16288914,0.08384366,1.9872024e-09,0.26639736,3.720017e-07,6.1910094e-07,2.7346625e-05,3.2393196e-08,0.3794157,3.1641226e-05,0.026487341,0.00018066364,1.26954865e-05,2.5389481e-05,6.8300988e-06,1.7681202e-07,4.8706124e-08,3.117534e-06,1.2937786e-05,9.311387e-06,7.1299087e-07,1.3935529e-05,1.5534384e-05,9.18101e-06,2.0524447e-05,0.00025889123,0.00025889123,7.8181426e-07,3.995407e-05,7.153567e-12,2.2544533e-05,1.01932336e-07,1.3209217e-07,1.3209217e-07,8.6813e-08,5.149262e-06,8.8169855e-08,0.12262844,8.132144e-09,0.00011412282,0.06523741,4.6738187e-05,0.00046955489,7.0557227e-09,7.377314e-06,5.4868166e-10,1.4217019e-08,1.2302411e-07,0.000930817,0.0011212336,0.0034656285,1.9837526e-05,0.00067444396,0.5549282,0.27545124,0.010830762,0.74951756,0.5124351,0.9137349,0.19271134,0.4580537,0.63709974,0.12778868,0.3439851,0.087008126,0.37289405,0.6081855,0.41129723,0.43118635,0.84554464,0.23168209,0.5954255,0.3410836,0.3192017,0.011796832,0.12264033,0.41853613,0.23796389,0.30171767,0.48981,0.6724388,0.0026605793,0.44576934,0.65388393,0.1947585,0.69294965,0.40244403,0.54373634,0.070897326,0.69615084,0.5375439,0.28274614,0.81216663,0.09073575,0.48921254,0.48998272,0.4034504,0.34145713,0.48444116,0.24284379,0.733287,0.4866588,0.8031344,0.61617434,0.82156473,0.3960755,0.42928353,0.356449,0.20729484,0.4112955,0.6766722,0.3048763,0.72895455,0.0038937326,0.714618,0.5199109,0.15436026,0.26994106,0.67073345,0.5446201,0.0008098814,0.10474415,0.0036247629,0.42080534,0.41440424,0.002070231,0.32848948,0.9343067,0.27133277,0.0059149587,0.7125298,0.6987009,0.29328808,0.4994003,0.42130658,0.32266146,0.42334536,0.7152611,0.29603,0.4341328,0.43312022,0.0005737074,0.7065474,0.26524222,0.57639456,0.26776442,0.0048375838,0.24017839,0.6840089,0.1925734,0.83294475,0.619019,0.24146095,0.32373077,0.63984406,0.24344476,0.6752839,0.64348775,0.48119354,0.49548072,0.04591292,0.20222825,0.07502319,0.27656946,0.53754556,0.11962729,0.4326497,0.06153163,0.55876845,0.40775028,0.5017982,0.04913986,0.54480535,0.44060692,0.7709609,0.8179433,0.6347469,0.70338446,0.64184123,0.28301874,0.14949231,0.5039999,0.57615966,0.09871954,0.80582345,0.7823985,0.617899,0.114489876,0.7810039,0.18805493,0.47233453,0.4099519,0.7638862,0.38132578,0.5122488,0.016646564,0.2220119,0.5669799,0.56204593,0.48539314,0.024662338,0.48160827,0.21955167,0.3665714,0.44813052,0.27054465,0.11241988,0.2080282,0.56131107,0.18360765,0.49102965,0.32629812,0.22175342,0.6546701,0.6400788
BC2026_Train_0007_S09_20250829_000000_40,0.004812405,2.930555e-05,0.0072562844,0.00010309026,1.4577209e-08,0.37171483,0.015763272,0.048865292,1.672419e-08,1.2312015e-06,1.823535e-05,0.0055863066,0.0039264355,3.2117837e-09,3.8454704e-07,2.2673564e-06,0.002197429,0.0006919269,0.00022159306,0.13795714,0.064380094,2.839794e-09,0.388547,4.1029875e-07,3.3371217e-07,2.882163e-05,3.381056e-08,0.39039338,2.0220185e-05,0.016330976,0.00030223833,1.14989025e-05,2.9968654e-05,1.0159837e-05,1.755339e-07,4.3539295e-08,3.2656735e-06,1.326318e-05,9.143557e-06,5.639595e-07,1.4351436e-05,3.1748914e-05,8.352687e-06,1.7713292e-05,9.294876e-05,9.294876e-05,6.4253624e-07,3.0813382e-05,5.2648255e-12,2.6233522e-05,8.5412594e-08,1.1079315e-07,1.1079315e-07,8.179306e-08,4.03437e-06,8.2087276e-08,0.12249374,1.0708767e-08,0.00013132607,0.037405945,2.9790126e-05,0.0005030495,7.642878e-09,4.262884e-06,2.0465497e-10,1.9743247e-08,1.1518743e-07,0.00067001564,0.0010118652,0.0033406809,1.9789251e-05,0.0007847216,0.4062818,0.20316513,0.014695783,0.8183069,0.43570355,0.8604857,0.2996793,0.6652637,0.2649261,0.12340162,0.33416563,0.101528436,0.26038414,0.62062144,0.53260887,0.40482596,0.7507638,0.23656334,0.5729275,0.44197005,0.7086294,0.008700411,0.24054018,0.56554484,0.27429205,0.6516731,0.5176744,0.5686408,0.002839152,0.19558531,0.6807103,0.09915671,0.7792774,0.39629957,0.36292273,0.10960112,0.8173,0.6801925,0.34905785,0.8316708,0.097585626,0.49487278,0.3478105,0.2880404,0.3655048,0.4715325,0.27175286,0.67506665,0.6483777,0.77327347,0.7327959,0.8911471,0.4467691,0.48907784,0.2683026,0.26820582,0.3672803,0.6987095,0.2268723,0.6762102,0.0060490626,0.6315234,0.6517613,0.17386152,0.139292,0.65690666,0.46368757,0.0006688403,0.11112168,0.0031258296,0.36354172,0.46758917,0.0034657307,0.26447433,0.7509083,0.26825702,0.007915674,0.6010102,0.3855681,0.18806005,0.38624865,0.46642825,0.34720886,0.44830552,0.5969982,0.25144073,0.3995641,0.5240965,0.00046008552,0.54885525,0.51781654,0.5088428,0.29751486,0.0073797572,0.40618113,0.38087177,0.31187707,0.91159344,0.67017484,0.079638556,0.3912075,0.57829887,0.098268434,0.64565223,0.36333042,0.36157602,0.49261928,0.04899495,0.10431335,0.07735116,0.23901442,0.44153893,0.17853718,0.31088355,0.085255735,0.6010596,0.35546398,0.60313296,0.039735444,0.6872557,0.31891364,0.7875201,0.78457063,0.5885881,0.54948443,0.810185,0.36566898,0.20176537,0.51260644,0.32853624,0.1113083,0.88668567,0.49496093,0.6354933,0.09395029,0.83603424,0.16571432,0.5850498,0.5873588,0.58605254,0.4784017,0.46241492,0.011459686,0.12780863,0.58308387,0.5688981,0.43943402,0.027159574,0.4297562,0.20935574,0.32955527,0.52832913,0.16376133,0.17217788,0.23889032,0.5321096,0.18223119,0.6108672,0.66654265,0.10412363,0.8470356,0.64723516
BC2026_Train_0007_S09_20250829_000000_45,0.0035514922,3.0047257e-05,0.0073053334,0.00020751239,1.533123e-08,0.40095526,0.018578272,0.02582791,2.7350692e-08,1.3028282e-06,2.7906863e-05,0.00811795,0.0025840786,3.1595129e-09,4.225528e-07,3.7254813e-06,0.0017715843,0.0007023851,0.00034894625,0.18084751,0.059639484,2.1392208e-09,0.315301,3.3712908e-07,3.2463757e-07,2.8048502e-05,5.393662e-08,0.44328296,1.9924215e-05,0.023277372,0.00013853211,8.937972e-06,2.9387067e-05,8.590929e-06,1.7812044e-07,4.8764743e-08,3.2965438e-06,2.750932e-05,7.653451e-06,6.593698e-07,1.958728e-05,1.7948416e-05,9.028996e-06,1.626464e-05,0.00014021985,0.00014021985,7.0628226e-07,3.3355514e-05,9.682511e-12,4.1570715e-05,8.825366e-08,1.1421153e-07,1.1421153e-07,9.910944e-08,4.3510045e-06,1.0636063e-07,0.12163081,1.18415775e-08,0.000103069935,0.041591123,4.53797e-05,0.0005303413,4.180253e-09,5.1722745e-06,1.5556631e-10,4.6886996e-08,1.2097465e-07,0.00061522186,0.0013343345,0.0049577216,1.9472747e-05,0.000656675,0.30403647,0.1667147,0.013450846,0.59564644,0.43999186,0.8949486,0.2461909,0.66254807,0.274528,0.13160066,0.26773316,0.09126979,0.3668167,0.5083959,0.62358016,0.47523686,0.6291732,0.16567159,0.5198243,0.4533275,0.38709265,0.010762037,0.096355215,0.5910239,0.28101423,0.72223705,0.66377836,0.45954806,0.002012111,0.18160033,0.85993725,0.10146212,0.71992195,0.4233431,0.45522684,0.06825553,0.7361687,0.4940062,0.35369,0.82444346,0.084386826,0.5398108,0.25918525,0.25708196,0.29922745,0.57158875,0.24128555,0.78342694,0.6879717,0.7482759,0.56617403,0.73204315,0.4479139,0.41846162,0.25927395,0.24233136,0.39221537,0.8316191,0.25145397,0.7057794,0.0050909966,0.5431138,0.49631992,0.13828866,0.15974829,0.65339524,0.484622,0.0010347666,0.121838935,0.004955959,0.48806655,0.40933645,0.0031972788,0.2534485,0.5917897,0.50866425,0.0073118904,0.5601832,0.3492691,0.23466173,0.5103901,0.4414313,0.31563425,0.46620992,0.5536849,0.2147996,0.34713992,0.37935153,0.0005611788,0.4799191,0.36079016,0.4720721,0.25448406,0.007532766,0.34644094,0.4867684,0.27004746,0.8235658,0.6941657,0.1872618,0.2660256,0.5613511,0.086523555,0.61551595,0.39937744,0.37500703,0.43766403,0.041945223,0.0765581,0.08820938,0.24953435,0.43603674,0.19354261,0.33577245,0.10251686,0.40211707,0.38393572,0.8348755,0.073091954,0.5689994,0.36165565,0.76676714,0.7451384,0.6047979,0.7111895,0.67493653,0.36150998,0.25625837,0.45388034,0.33150506,0.15322822,0.84062046,0.5216784,0.5373222,0.0905359,0.81871504,0.16740915,0.65970075,0.44780934,0.75367457,0.43210196,0.492732,0.015904147,0.7789198,0.59993434,0.5069864,0.3943101,0.028628455,0.37505993,0.19119428,0.28176168,0.4173667,0.2680142,0.13189153,0.20760652,0.44470635,0.22666594,0.47595206,0.40879038,0.16040342,0.73246115,0.6162452
BC2026_Train_0007_S09_20250829_000000_50,0.0036811994,3.530031e-05,0.007491436,8.6025495e-05,1.44829535e-08,0.45629123,0.013816277,0.04088768,2.077533e-08,1.2700046e-06,1.8114513e-05,0.005339512,0.0036232406,3.1902143e-09,4.4499217e-07,1.8843042e-05,0.002041872,0.00059759786,6.9646165e-05,0.18513313,0.08089067,2.2790039e-09,0.27301693,4.4664506e-07,7.123957e-07,2.5731879e-05,3.8925447e-07,0.48738375,4.1760362e-05,0.021939628,0.0002608051,1.8826253e-05,4.168419e-05,1.3840534e-05,1.7576888e-07,5.7249334e-08,4.0334953e-06,2.1528362e-05,1.1197774e-05,7.2999654e-07,2.020449e-05,2.8736162e-05,1.0501348e-05,2.833761e-05,0.00017755934,0.00017755934,8.5656916e-07,5.1679373e-05,8.008725e-12,3.5261106e-05,1.0543512e-07,1.3741052e-07,1.3741052e-07,9.845633e-08,5.1520715e-06,6.8251616e-08,0.12215736,6.5017747e-09,8.739919e-05,0.05295269,3.7047892e-05,0.00056618056,1.7631773e-08,4.4539925e-06,2.067812e-10,3.768551e-08,1.1669043e-07,0.0009399763,0.0010646253,0.0074546067,1.9846233e-05,0.0006317571,0.32726392,0.19467574,0.014022052,0.76326334,0.47620818,0.8259418,0.37754816,0.802076,0.2911989,0.12323831,0.39077157,0.15278527,0.35414866,0.6119447,0.43433782,0.3788789,0.765191,0.15170093,0.59321,0.40010107,0.6793847,0.010649571,0.101894215,0.5754971,0.46735027,0.6274101,0.5514665,0.69812167,0.0015770225,0.20778951,0.7387778,0.13774697,0.8001882,0.44446284,0.39146033,0.097531974,0.8242768,0.5952295,0.502227,0.8759035,0.11229892,0.5285113,0.2727512,0.3668346,0.275054,0.49958462,0.21644956,0.76964056,0.4521448,0.7419628,0.6748787,0.9526624,0.5013456,0.5808086,0.2976882,0.45635065,0.48767227,0.8691583,0.22666004,0.78576934,0.009536726,0.49955535,0.63727593,0.13521482,0.10043613,0.72844106,0.4303535,0.0005858148,0.12718111,0.0022092308,0.36984673,0.48025227,0.0034151555,0.2824311,0.7338233,0.323958,0.010195757,0.6714541,0.36171442,0.46191078,0.4352249,0.41126397,0.4776293,0.5521778,0.45019823,0.28167877,0.41933924,0.49626392,0.0012141492,0.5355934,0.6596029,0.5016312,0.33469602,0.008649402,0.65582204,0.69093865,0.3154129,0.9445569,0.7202362,0.15396407,0.40911785,0.62202436,0.11125626,0.52581227,0.37277398,0.38010284,0.5056548,0.04068595,0.0952989,0.07793717,0.21376385,0.41774014,0.21674089,0.41366628,0.055751413,0.56058294,0.40690547,0.6554173,0.045960296,0.7301381,0.3875126,0.8766981,0.7400254,0.5495852,0.4972485,0.7502479,0.58098036,0.14076823,0.5265796,0.24925473,0.13061993,0.8765374,0.71648705,0.6257621,0.073836684,0.8361579,0.15049869,0.65335447,0.54732054,0.6833072,0.32599592,0.46606612,0.017670313,0.46436998,0.6211254,0.41718704,0.4404985,0.033318203,0.47775447,0.19611512,0.37706387,0.36430565,0.15902106,0.19693922,0.2243015,0.44582024,0.21588741,0.72121656,0.80293095,0.13080303,0.8306664,0.63238615
BC2026_Train_0007_S09_20250829_000000_55,0.0056599034,4.1091058e-05,0.007821484,9.256489e-05,1.4783249e-08,0.4175495,0.01956724,0.051914275,1.6641376e-08,8.0340317e-07,2.102115e-05,0.004968921,0.0027564391,3.0488716e-09,5.494665e-07,8.974431e-06,0.0017719227,0.0006693631,3.797891e-05,0.17393845,0.060455725,2.2008388e-09,0.3897725,2.440665e-07,9.035272e-07,4.2760974e-05,1.5483769e-07,0.4150134,2.4691566e-05,0.021098977,0.00017683464,1.4076117e-05,2.576731e-05,1.2125857e-05,1.7421247e-07,5.2989414e-08,3.3733597e-06,1.746991e-05,8.815223e-06,7.279708e-07,1.4115831e-05,1.50701035e-05,9.373006e-06,1.9974868e-05,8.730293e-05,8.730293e-05,8.189453e-07,2.7121865e-05,8.03645e-12,2.003461e-05,1.0194072e-07,1.3287104e-07,1.3287104e-07,9.4177295e-08,5.184005e-06,7.4230606e-08,0.12202797,4.5400492e-09,8.38992e-05,0.045798842,4.072396e-05,0.0005254629,4.1895603e-09,6.757197e-06,4.7086446e-10,2.222509e-08,1.0203778e-07,0.00094787654,0.0013699967,0.0040495587,1.9537756e-05,0.00070459663,0.39966556,0.2304708,0.014718385,0.7082699,0.5582718,0.7239361,0.25679886,0.4755012,0.6449008,0.14615346,0.27412313,0.14304094,0.2700966,0.46842954,0.38752654,0.4159711,0.88767266,0.17543519,0.5366927,0.33276325,0.3617796,0.0049172444,0.045295466,0.541786,0.27562717,0.274255,0.43390113,0.33114898,0.0023724134,0.20621374,0.7970682,0.08392802,0.64717734,0.3016809,0.66057146,0.10421071,0.61385787,0.72373694,0.30091533,0.7726718,0.12264964,0.4841116,0.23122238,0.2371092,0.2711054,0.4782317,0.19227034,0.5864627,0.36530274,0.6605751,0.68473715,0.8634102,0.43362808,0.4117794,0.36975777,0.25581712,0.566395,0.695998,0.45948663,0.7175121,0.00422199,0.293339,0.5640258,0.14923772,0.13287431,0.67071766,0.53779507,0.00082785456,0.17087016,0.0012789392,0.5657948,0.5490094,0.0054292814,0.23645483,0.7276743,0.20221044,0.005094125,0.4656523,0.54394835,0.36997488,0.5861793,0.5376574,0.34735322,0.53920615,0.3775956,0.25874683,0.5097968,0.45322788,0.0004366277,0.5207454,0.3033876,0.50756985,0.28070053,0.0060189553,0.30138183,0.4029236,0.2805043,0.88387764,0.66186994,0.12862282,0.20615858,0.50134134,0.12182364,0.35641268,0.34023988,0.40222654,0.59772134,0.026071563,0.12719464,0.068719104,0.230331,0.57671845,0.2180284,0.2571914,0.067926124,0.35563928,0.29946578,0.6368062,0.04028306,0.67198896,0.5897558,0.9396872,0.7577818,0.70883,0.4283235,0.70224255,0.49094892,0.28390837,0.5276883,0.28811333,0.12718466,0.7967415,0.70503205,0.6258233,0.10125098,0.8547785,0.15233552,0.44311187,0.45025524,0.6399579,0.3634441,0.4682163,0.017728422,0.30803707,0.45502403,0.31573772,0.35078356,0.047693565,0.39652735,0.13960807,0.25615257,0.305205,0.41508445,0.11520053,0.15790467,0.44762895,0.16876908,0.4695255,0.33844757,0.20139974,0.87590855,0.58736545
BC2026_Train_0007_S09_20250829_000000_60,0.005008315,4.1188247e-05,0.008111291,6.789178e-05,1.5488668e-08,0.34850296,0.016101724,0.044910535,2.4859748e-08,1.2992349e-06,2.2948587e-05,0.0054032626,0.0038880657,2.843313e-09,5.4478903e-07,1.12377875e-05,0.0031496966,0.000714655,5.7555906e-05,0.14067434,0.098051235,2.1198365e-09,0.6224541,4.345408e-07,1.4035982e-06,2.7284437e-05,1.6176612e-07,0.35306722,4.227828e-05,0.03004227,0.00020841853,1.3738074e-05,2.9119557e-05,9.658104e-06,1.759978e-07,5.5394885e-08,3.5551684e-06,2.1647276e-05,9.140585e-06,6.9769897e-07,1.7312432e-05,2.524132e-05,8.323003e-06,2.1109985e-05,0.00031699165,0.00031699165,8.5300826e-07,3.5008914e-05,8.986844e-12,3.760073e-05,1.04205945e-07,1.3653043e-07,1.3653043e-07,9.140646e-08,5.2792316e-06,8.964822e-08,0.1216353,1.05236815e-08,0.0001108986,0.029116878,5.9274473e-05,0.0005501054,5.7460183e-09,9.001817e-06,4.5746598e-10,2.0711122e-08,1.3119028e-07,0.0006691604,0.0014848891,0.005275834,1.9916595e-05,0.0007327408,0.47289956,0.14217308,0.011104001,0.73914,0.4423654,0.80022043,0.23576474,0.80148786,0.680792,0.14204225,0.35793924,0.12602301,0.444626,0.5154257,0.52999157,0.44399333,0.91961867,0.14880002,0.6449613,0.43625388,0.64650613,0.015449824,0.13594389,0.6190367,0.41485217,0.5312486,0.53168035,0.64836746,0.003087687,0.23397787,0.71266246,0.10263096,0.5680911,0.4810057,0.39376938,0.10861707,0.859442,0.623648,0.42629564,0.82245886,0.098790884,0.55266786,0.30775565,0.4099017,0.31754866,0.60722935,0.33452603,0.70567894,0.48300543,0.7041969,0.7623361,0.99293286,0.31743217,0.6606818,0.26136395,0.26482365,0.52740693,0.6263969,0.29354796,0.8880244,0.008951366,0.7013276,0.73699576,0.14837666,0.14108278,0.6698486,0.5580679,0.0009823416,0.14489718,0.0032738426,0.567045,0.637193,0.0031738994,0.20565264,0.6955773,0.34765267,0.012563039,0.83272946,0.7571127,0.38957784,0.50308454,0.48522592,0.35689405,0.5687754,0.38828614,0.40364665,0.5017232,0.55537295,0.0006140966,0.47282514,0.58208567,0.4546978,0.3473523,0.0072005186,0.21700387,0.40601173,0.2851707,0.9044308,0.70505524,0.13268824,0.35708624,0.7081307,0.13298385,0.4686711,0.5772358,0.3208599,0.8308352,0.050565038,0.16411115,0.0824977,0.24977034,0.5253488,0.26934496,0.5257015,0.10630962,0.6240438,0.40335685,0.41525173,0.114192516,0.789889,0.46918303,0.67859757,0.77308816,0.695102,0.8254365,0.64943296,0.3937879,0.3098795,0.48137307,0.47955236,0.10838049,0.6688454,0.5169886,0.7367356,0.14981131,0.6955558,0.16297852,0.60636896,0.5658483,0.6625601,0.43507266,0.58439493,0.013912758,0.21614389,0.5017597,0.4958654,0.44719204,0.07233263,0.47231534,0.24067166,0.28808576,0.810162,0.28701314,0.14138822,0.20547952,0.59250647,0.38174456,0.68311274,0.66255116,0.22630076,0.82913333,0.6494972
BC2026_Train_0008_S09_20250831_000000_5,0.0009003072,4.892434e-05,0.011411806,0.0001541047,1.4707462e-08,0.21117435,0.010037708,0.041214738,7.262239e-08,2.3583732e-06,4.9201935e-05,0.0065385355,0.0024017482,3.0510998e-09,4.4724874e-07,2.3615005e-06,0.0009632986,0.0002616353,7.597309e-06,0.040122706,0.04510062,5.104568e-09,0.060224794,6.476512e-07,1.851036e-07,1.3810668e-05,4.870074e-08,0.12660068,2.2126078e-05,0.015757544,0.0003966049,1.9880328e-05,0.00010762097,1.0658335e-05,1.7284597e-07,1.0556522e-07,5.433578e-06,7.646385e-06,2.1540936e-05,1.1738387e-06,1.5144931e-05,5.5043904e-05,1.0334019e-05,3.3007986e-05,7.5901604e-05,7.5901604e-05,1.1475407e-06,3.30491e-05,1.4552632e-11,1.7934095e-05,1.6170907e-07,2.1347549e-07,2.1347549e-07,1.6429243e-07,6.9879316e-06,3.9028013e-08,0.12455992,4.6262425e-08,5.1643103e-05,0.025602095,1.213446e-05,0.00050185487,5.6665352e-09,7.278554e-06,1.5996752e-09,4.002494e-09,1.7957673e-08,0.00027687498,0.0018957272,0.0035515667,1.9976012e-05,0.0034305588,0.34316915,0.17255004,0.009369033,0.5796386,0.32948887,0.57169294,0.29164606,0.2286703,0.16836466,0.22178806,0.21911874,0.035361018,0.198673,0.6144763,0.11008645,0.32162336,0.48293623,0.21240437,0.6192807,0.19553389,0.10606622,0.008943837,0.006431489,0.5244467,0.22278138,0.08893419,0.49015906,0.41566592,0.0038945884,0.10441007,0.5438363,0.014650357,0.27934584,0.24423175,0.374698,0.06705376,0.59172755,0.5560573,0.260739,0.5186894,0.06440917,0.51451474,0.17922725,0.06966635,0.123932,0.28302488,0.24500798,0.47153896,0.14915779,0.4669215,0.60679746,0.54176617,0.19826034,0.31215018,0.46896896,0.1984791,0.44315362,0.6187168,0.40264472,0.66386765,0.00062690035,0.15864418,0.26316372,0.15429619,0.044505868,0.5448446,0.31130365,0.00012625806,0.09794977,0.00019022998,0.3975851,0.68935704,0.0029956833,0.18255304,0.72729295,0.09375275,0.008932391,0.55897623,0.21248594,0.102456756,0.28263858,0.18568611,0.38918364,0.8410356,0.24521987,0.33421376,0.35126567,0.21061102,2.0110141e-05,0.3724857,0.21577077,0.56948256,0.1435083,0.009191239,0.22572187,0.25017345,0.5063133,0.79602194,0.60033166,0.04211038,0.7944196,0.7421962,0.023627095,0.23505963,0.12345691,0.31065568,0.5531175,0.004361893,0.037987586,0.12427848,0.20779423,0.4300574,0.25313646,0.32804528,0.09213321,0.27663034,0.5780817,0.17721805,0.016382167,0.41671246,0.11400043,0.3503475,0.9033606,0.42849907,0.37614733,0.87496316,0.37161228,0.25210696,0.5948573,0.18583134,0.20265616,0.60996747,0.27255023,0.3727756,0.021246964,0.5830283,0.25814795,0.35969803,0.38287455,0.32696232,0.1452766,0.5114622,0.0034358453,0.005782874,0.533825,0.40206414,0.3536837,0.011709185,0.3575582,0.32462034,0.1551983,0.14781754,0.2450293,0.03625684,0.14960654,0.44607732,0.082847975,0.3177132,0.05851313,0.08832497,0.62967706,0.6939484
BC2026_Train_0008_S09_20250831_000000_10,0.000867798,6.109113e-05,0.015743477,0.00019584234,1.4757496e-08,0.25909406,0.011809233,0.06948385,1.0462424e-07,2.797965e-06,6.185635e-05,0.012358736,0.0023200945,3.1051022e-09,5.1232644e-07,5.707683e-06,0.0010106995,0.000263281,1.6484013e-05,0.020343222,0.036890298,9.236952e-09,0.06671665,1.0249519e-06,5.1661596e-07,1.245183e-05,7.5405694e-08,0.121352874,5.300544e-05,0.022844717,0.00048111755,2.1917338e-05,0.00013547624,1.7759858e-05,1.7021411e-07,1.6915395e-07,1.0235538e-05,1.0486857e-05,3.2635384e-05,2.0255125e-06,2.1062708e-05,7.67977e-05,1.3516939e-05,3.64996e-05,0.0001943462,0.0001943462,2.1329442e-06,4.2772735e-05,2.3492371e-11,2.7433693e-05,2.5775174e-07,3.4562595e-07,3.4562595e-07,2.6067664e-07,1.33562735e-05,4.802805e-08,0.12448089,5.9154168e-08,5.626622e-05,0.018544555,2.5904905e-05,0.00050220836,1.1309943e-08,1.366139e-05,3.5534407e-09,3.91066e-09,1.8608112e-08,0.00028966667,0.0032261615,0.0040219254,2.0081909e-05,0.0034129634,0.34245905,0.33368918,0.015634207,0.78455645,0.3695681,0.7584508,0.3029098,0.13578776,0.23663938,0.20083576,0.13087021,0.036821175,0.1898617,0.5943854,0.11584161,0.33248973,0.64695835,0.1946199,0.57179344,0.19007176,0.18606791,0.05813214,0.009477145,0.7609864,0.18593182,0.10558035,0.42958805,0.29258606,0.0064871456,0.091473594,0.5419034,0.017790148,0.23277125,0.37519845,0.35937008,0.069309,0.63072103,0.5016124,0.29832911,0.51304024,0.11315329,0.45252788,0.19761187,0.09058224,0.12614802,0.31190106,0.30253536,0.4252049,0.20050837,0.68323356,0.78862315,0.6903593,0.1938302,0.34881988,0.630403,0.18121792,0.35686415,0.6837833,0.61018264,0.74666065,0.0012216015,0.2092298,0.23162378,0.16917548,0.043882422,0.5608593,0.3755219,0.00019015632,0.078310594,0.00028058593,0.37991938,0.62195987,0.0061513525,0.22253805,0.58926225,0.09800737,0.02034153,0.7359365,0.17866851,0.13678846,0.41356114,0.1620727,0.48335347,0.84034574,0.4873153,0.49923724,0.34890887,0.1873559,5.756477e-05,0.4177653,0.23829386,0.37051964,0.11356058,0.011790274,0.37654987,0.24077863,0.4501692,0.7674021,0.632538,0.053848565,0.65615994,0.48676565,0.020122265,0.2562227,0.17604798,0.22343749,0.84592485,0.0041106897,0.03887091,0.13225505,0.24336962,0.510177,0.3700148,0.21872088,0.12724307,0.31149435,0.5274093,0.23604819,0.027842533,0.5095741,0.15789971,0.32651928,0.9084616,0.540211,0.3635715,0.7608755,0.77661455,0.26304886,0.5204515,0.15344314,0.20138003,0.5268707,0.29047343,0.37579575,0.021259077,0.7110715,0.2911514,0.31120488,0.24333501,0.42277652,0.1159185,0.56896484,0.004618347,0.00627317,0.7749911,0.5408002,0.39682668,0.032863677,0.54478824,0.36123973,0.1442827,0.10661136,0.2511977,0.050300077,0.12335918,0.36310607,0.09845761,0.3995263,0.0814851,0.14996433,0.6267861,0.6146329
BC2026_Train_0008_S09_20250831_000000_15,0.0014067315,8.171145e-05,0.011199152,0.00021398538,1.5146853e-08,0.27112246,0.010892586,0.04882346,2.0809689e-07,2.565174e-06,5.449076e-05,0.011380466,0.0034987575,3.2483711e-09,5.5087406e-07,1.6883027e-05,0.0009222548,0.00025315734,2.2794844e-05,0.027104026,0.03323621,1.713722e-08,0.08459783,7.731602e-07,6.3449204e-07,1.2411878e-05,2.7017367e-07,0.123650685,5.1657807e-05,0.020405445,0.00022438943,2.0019066e-05,9.3567345e-05,1.0663998e-05,1.703127e-07,2.050413e-07,7.3041033e-06,1.1389871e-05,2.3986046e-05,2.2081117e-06,2.348376e-05,3.054924e-05,1.30246135e-05,2.790416e-05,0.0001679188,0.0001679188,2.5716718e-06,3.9605377e-05,4.0377767e-11,3.3901797e-05,3.0076538e-07,3.8310998e-07,3.8310998e-07,2.9066493e-07,1.3889279e-05,4.626826e-08,0.12276133,9.2030646e-08,5.8858754e-05,0.022856856,3.892484e-05,0.0005365598,9.061325e-09,2.4754958e-05,6.9736226e-09,4.12687e-09,1.5358507e-08,0.0003305545,0.0037550847,0.007100712,2.0103698e-05,0.002629451,0.29557416,0.33145353,0.018820895,0.44849268,0.42965755,0.5793498,0.23329076,0.1995239,0.32363877,0.1891517,0.27334553,0.056798924,0.37764007,0.36660808,0.13414344,0.22523448,0.63142765,0.27467427,0.8890516,0.17493013,0.23831129,0.027513368,0.006716322,0.76820403,0.17462191,0.08493493,0.58250403,0.63740283,0.0054637496,0.09588661,0.44576225,0.012908694,0.1320164,0.41367838,0.5797973,0.11195768,0.6982339,0.45378608,0.46534562,0.4461853,0.09408823,0.5339098,0.17529006,0.0349585,0.1449844,0.3880368,0.45166257,0.49623522,0.15825233,0.52179354,0.75078046,0.58539003,0.23687355,0.46491137,0.31785953,0.17098951,0.44437215,0.811669,0.5455159,0.83295697,0.001105059,0.15395184,0.17925407,0.18985714,0.037488244,0.5323015,0.4159734,0.00020770084,0.10814707,0.00067772367,0.5670136,0.8755243,0.006475285,0.4760047,0.79041857,0.104637146,0.0097024385,0.55829066,0.12953955,0.075458094,0.5307415,0.12856485,0.33195955,0.5423612,0.43440422,0.4157577,0.27820864,0.19278951,5.284157e-05,0.31462094,0.2655562,0.46285632,0.14245938,0.015992474,0.27177817,0.22726198,0.4471605,0.5931534,0.5821516,0.046132896,0.5337178,0.7827119,0.026332824,0.3735357,0.10389483,0.19121939,0.7143524,0.007331326,0.020050338,0.14481616,0.38935894,0.8634556,0.3335736,0.23947367,0.26421192,0.2096624,0.41666257,0.1688884,0.048352662,0.4907982,0.111386344,0.4757324,0.7940704,0.7997378,0.46497256,0.61936015,0.545815,0.3277227,0.4986875,0.11062848,0.50126976,0.5755819,0.17137259,0.35189486,0.05604811,0.6379657,0.46836716,0.35007772,0.23847325,0.24947493,0.10017735,0.479917,0.0044394243,0.0037632862,0.52418816,0.75168633,0.18650788,0.043688934,0.29588205,0.52258706,0.18056858,0.09507633,0.20727298,0.02921249,0.11237201,0.3469129,0.1420727,0.3860916,0.15519693,0.09660799,0.79393613,0.57681835
BC2026_Train_0008_S09_20250831_000000_20,0.0007702375,9.409588e-05,0.008158413,0.00017633311,1.4874239e-08,0.19017528,0.011711901,0.069645435,3.985137e-07,4.9323157e-06,7.487982e-05,0.0061941985,0.002816754,3.1808938e-09,4.220787e-07,9.010971e-06,0.0012146212,0.00023379,1.698541e-05,0.024746837,0.0420928,1.6262023e-08,0.08878811,1.0938978e-06,3.9298382e-07,1.100353e-05,1.2502059e-07,0.11406599,5.734242e-05,0.019088304,0.00048800703,3.7381236e-05,0.00022781367,2.0147514e-05,1.7036638e-07,2.7194963e-07,1.095856e-05,1.3321752e-05,3.8715756e-05,2.85256e-06,2.6671572e-05,6.668085e-05,1.685349e-05,5.533769e-05,0.00019956745,0.00019956745,2.777941e-06,5.2821808e-05,4.1769456e-11,3.179275e-05,3.6138417e-07,4.6712466e-07,4.6712466e-07,3.3628874e-07,1.8692746e-05,3.7631413e-08,0.12209464,9.16121e-08,6.388812e-05,0.021746898,2.2323455e-05,0.0005500126,1.161768e-08,3.5197958e-05,3.7761803e-09,4.1360444e-09,1.5530622e-08,0.00040823544,0.0029731814,0.002956032,1.9924535e-05,0.003111061,0.623955,0.19023304,0.029342357,0.52419406,0.30645797,0.627313,0.26335284,0.1239898,0.46974415,0.18556233,0.21891683,0.03809331,0.15440436,0.43902382,0.08057857,0.29973733,0.66487914,0.16052018,0.65078133,0.2520396,0.120530926,0.012916929,0.007203018,0.3668786,0.34198275,0.0563708,0.58648396,0.73716307,0.007682938,0.12865296,0.45968726,0.012921207,0.26046488,0.27071568,0.5803396,0.08012755,0.62924105,0.58539826,0.5738989,0.49850973,0.06989538,0.4446514,0.20034495,0.08085249,0.17224257,0.30815458,0.44581777,0.49055701,0.1478921,0.37671384,0.8117615,0.6871414,0.1569259,0.5053326,0.55353,0.17237006,0.42101172,0.5160342,0.30240715,0.7688724,0.0010685112,0.18996838,0.37784517,0.15641561,0.052568346,0.3908287,0.260968,0.000282591,0.12711339,0.0003255333,0.47748902,0.89219433,0.0051620104,0.24413423,0.819295,0.12231134,0.011047459,0.763746,0.241148,0.11709954,0.40646335,0.15377308,0.19074656,0.8930823,0.36558676,0.35511538,0.35645765,0.1798049,3.8833834e-05,0.3956377,0.17655692,0.49213347,0.1490252,0.010084249,0.19785841,0.22742024,0.67305136,0.64012164,0.73141754,0.084894426,0.7379009,0.85754436,0.043564156,0.26372355,0.09954084,0.18711534,0.8437842,0.0033410517,0.04627512,0.17761989,0.28015172,0.7759862,0.24358976,0.65232724,0.20231475,0.32222548,0.58868045,0.23182209,0.020803258,0.3203506,0.19072513,0.3317419,0.8260139,0.75148916,0.5434077,0.88802356,0.3194628,0.19866627,0.430141,0.10375291,0.4389795,0.58576983,0.19380794,0.397445,0.02009168,0.51486063,0.28282082,0.24717733,0.26905292,0.24772573,0.13932715,0.5831059,0.00412192,0.004781873,0.48904654,0.3321071,0.26633283,0.08096547,0.32416636,0.31773397,0.15057552,0.15768059,0.20639116,0.036311287,0.15006144,0.30009598,0.10532669,0.5104754,0.06695201,0.13020544,0.55568635,0.8071427
BC2026_Train_0008_S09_20250831_000000_25,0.0010305274,7.124195e-05,0.009863259,0.00022169862,1.5700689e-08,0.21516882,0.011311306,0.04245999,1.2050077e-07,2.7928209e-06,5.7248253e-05,0.0074289776,0.0023832389,3.16395e-09,4.7734494e-07,6.276649e-06,0.0010453269,0.00029231218,2.0305717e-05,0.029982213,0.06001302,8.903113e-09,0.105650805,8.6087283e-07,2.2174653e-07,1.1867442e-05,1.4050204e-07,0.09343349,3.8659957e-05,0.019267065,0.00027969823,2.3219858e-05,0.000117992466,1.8688283e-05,1.7427527e-07,1.8759849e-07,7.2581715e-06,1.0391268e-05,2.3737784e-05,1.9613506e-06,2.1437832e-05,4.3607313e-05,1.3305113e-05,3.686614e-05,0.00014846116,0.00014846116,2.0431876e-06,3.6482423e-05,2.6238785e-11,2.5836767e-05,2.4500147e-07,3.268054e-07,3.268054e-07,2.578601e-07,1.2393314e-05,5.4826057e-08,0.12312057,4.3405365e-08,4.994992e-05,0.025063898,2.4039775e-05,0.00048797758,1.2473068e-08,2.3927496e-05,4.044173e-09,3.1877874e-09,2.3565756e-08,0.00034770503,0.005704402,0.0029670594,1.9869636e-05,0.0022187987,0.48081633,0.3065473,0.017984271,0.53224504,0.29150915,0.6946909,0.27301618,0.22537988,0.3211672,0.25046834,0.26403275,0.038881242,0.19962439,0.42987695,0.10842237,0.39019826,0.55201006,0.24074832,0.612415,0.22357355,0.10074177,0.042984176,0.0073249987,0.5978012,0.2625164,0.07782982,0.44547984,0.43356314,0.00590042,0.09564074,0.5878085,0.01588905,0.22444029,0.27823064,0.53218174,0.10632367,0.6936972,0.5710047,0.46967363,0.5088774,0.09874478,0.45452318,0.3477713,0.07781057,0.13132994,0.22359161,0.25386533,0.47902143,0.21349905,0.54106456,0.8191788,0.64153594,0.24595842,0.32172668,0.50645185,0.16175117,0.3672487,0.7736878,0.49595785,0.6982187,0.00075377297,0.2666998,0.3274675,0.21255037,0.07020688,0.5153991,0.385456,0.00018082099,0.09426482,0.0002611439,0.41912097,0.75678027,0.006078994,0.15163977,0.68991226,0.07528746,0.009928656,0.50826705,0.2910828,0.122813925,0.30400428,0.16586164,0.36807185,0.8768527,0.3257516,0.41259426,0.35134825,0.18154559,2.4285275e-05,0.44609565,0.14266154,0.37465283,0.14743304,0.007961455,0.2778211,0.29437992,0.49476007,0.7304241,0.6271061,0.11387655,0.82074165,0.43190908,0.032580458,0.20199853,0.15941237,0.25225142,0.5264723,0.0050285314,0.028949438,0.12346945,0.25412044,0.48057547,0.45207494,0.5820983,0.090717874,0.323323,0.5039927,0.16822408,0.027162636,0.4248803,0.10469627,0.4002532,0.87422925,0.7051571,0.46295685,0.7752122,0.43486312,0.23779488,0.4483549,0.14439175,0.29659557,0.5588108,0.2747961,0.47109708,0.027077464,0.58871794,0.21131495,0.31933454,0.28050998,0.31898743,0.1104689,0.5895943,0.0030645456,0.0052846526,0.5942375,0.6065989,0.2951209,0.06531256,0.23408079,0.38149986,0.16508666,0.14915805,0.22230528,0.037436407,0.13693956,0.27309138,0.0762248,0.5031354,0.06220218,0.11298856,0.377809,0.60783887
BC2026_Train_0008_S09_20250831_000000_30,0.0009080731,5.924105e-05,0.014724126,0.00019171256,1.4821404e-08,0.2027884,0.011044843,0.043691993,2.3376931e-07,2.796092e-06,3.0086721e-05,0.007492139,0.0023653205,3.246299e-09,3.6904748e-07,3.4263999e-06,0.0007795649,0.0002858312,1.461292e-05,0.03488635,0.029526943,4.775745e-09,0.069984704,1.4735036e-06,3.4183114e-07,1.3265758e-05,4.5591452e-08,0.11115834,2.1222304e-05,0.013088244,0.00045389196,1.8757835e-05,0.00013091914,9.361221e-06,1.7319924e-07,1.235876e-07,6.0924367e-06,8.546362e-06,2.3177643e-05,1.4361098e-06,1.7327173e-05,6.430392e-05,1.2170641e-05,3.1043677e-05,0.000137286,0.000137286,1.5347667e-06,4.4082135e-05,1.9504282e-11,2.2847233e-05,2.0363132e-07,2.716987e-07,2.716987e-07,2.0047023e-07,9.275925e-06,4.2558124e-08,0.12411726,8.285058e-08,5.3488875e-05,0.052051876,1.909186e-05,0.00067494833,5.6795066e-09,1.1041656e-05,3.1486362e-08,4.1021657e-09,2.4477554e-08,0.00037765948,0.0018955824,0.0032172645,2.0059391e-05,0.0036473088,0.33494475,0.23286116,0.008307795,0.5628213,0.35200518,0.6315286,0.3274417,0.21256064,0.21498919,0.43999776,0.24080372,0.0450041,0.1775058,0.56425065,0.12645675,0.36577773,0.46354476,0.22975555,0.77256453,0.18417978,0.08100005,0.013233699,0.009778619,0.5762456,0.21902455,0.04288722,0.41800323,0.333752,0.005755303,0.17514823,0.5296538,0.0153677175,0.28539634,0.2430305,0.36497265,0.08098796,0.48209772,0.49554405,0.27782464,0.52700853,0.05899077,0.5105072,0.19395146,0.069762796,0.15508439,0.31667593,0.25251356,0.33376598,0.13012825,0.57865715,0.624102,0.5655508,0.22119772,0.34192705,0.427982,0.22136562,0.5783527,0.6445489,0.16784255,0.7297841,0.0014863273,0.17930302,0.30594012,0.32951564,0.057985988,0.49571207,0.32649094,0.00025176397,0.09867997,0.00014306125,0.51438564,0.6195699,0.0047047352,0.4494892,0.5992193,0.08489792,0.00497329,0.55501425,0.22763109,0.13175538,0.4575887,0.1408394,0.32988545,0.56040466,0.46712103,0.25309816,0.3181857,0.26036736,2.4710142e-05,0.46947968,0.1650113,0.47010723,0.14630452,0.008790313,0.20146483,0.4079887,0.5066325,0.7731131,0.6014705,0.05481252,0.5893435,0.7333253,0.08297037,0.20105095,0.17505527,0.3141184,0.475724,0.0052029686,0.047866657,0.18371424,0.24705236,0.42425802,0.24128415,0.33510494,0.09203524,0.26530746,0.55370504,0.16769105,0.05846641,0.4109761,0.09412896,0.34346405,0.8363602,0.64218795,0.2735557,0.8474467,0.51377195,0.21037608,0.53531426,0.21441993,0.13732342,0.5861619,0.31264254,0.3815105,0.030176222,0.5546406,0.31285352,0.35301828,0.3617522,0.33858228,0.1512269,0.52451015,0.0037879213,0.0060011316,0.56613225,0.3003981,0.38108608,0.016060319,0.3002594,0.31858844,0.19730821,0.14454232,0.3153051,0.04586048,0.20081145,0.5556058,0.071413,0.41732895,0.06266386,0.09520637,0.46107405,0.6472886
BC2026_Train_0008_S09_20250831_000000_35,0.0007967147,5.4008833e-05,0.009858859,0.0005277865,1.5320216e-08,0.1845024,0.011520697,0.0696292,2.6979868e-07,3.230833e-06,4.1962292e-05,0.007171118,0.0032765104,3.140306e-09,3.8021884e-07,4.3826603e-06,0.00078848447,0.0002762909,1.6850629e-05,0.024564236,0.036751814,4.7573545e-09,0.078230225,7.1104944e-07,1.8771485e-07,1.221817e-05,3.159036e-08,0.13932061,2.0669795e-05,0.014085081,0.00039934972,1.9099156e-05,0.000103797276,1.1102085e-05,1.7452938e-07,1.3556918e-07,6.063097e-06,6.20644e-06,2.4726092e-05,1.4566461e-06,1.5720841e-05,6.449838e-05,1.2358806e-05,3.0436278e-05,8.7943255e-05,8.7943255e-05,1.5808231e-06,3.781874e-05,1.6960643e-11,1.805268e-05,2.190883e-07,2.8828626e-07,2.8828626e-07,2.1357837e-07,9.141513e-06,3.8280614e-08,0.1233472,8.95122e-08,5.3389027e-05,0.025071803,1.9536823e-05,0.00084564247,2.7784692e-08,1.50502065e-05,8.012381e-09,4.708406e-09,2.0465837e-08,0.00040823128,0.0016073866,0.003949817,2.0073498e-05,0.0040668915,0.31728923,0.19250193,0.0069938553,0.49936372,0.31665954,0.5699825,0.40866512,0.18611608,0.20109563,0.21998812,0.21124826,0.077464476,0.21061116,0.589931,0.110835224,0.33289465,0.470171,0.20383307,0.8316566,0.18043867,0.10918194,0.008105609,0.011038209,0.49705675,0.17369892,0.051490787,0.46437788,0.39668366,0.0042214226,0.09874721,0.572478,0.01852808,0.30138075,0.23433003,0.27992645,0.07053447,0.47188526,0.3489346,0.29204705,0.453957,0.065222405,0.506464,0.3551952,0.033800673,0.1546343,0.27151132,0.25016928,0.34398618,0.15293634,0.5349677,0.38097957,0.5426839,0.18652554,0.2654787,0.32804558,0.17860606,0.27239585,0.5427641,0.30570546,0.737762,0.001037034,0.14798188,0.28877395,0.19727182,0.02406196,0.4817849,0.37485,0.00015489549,0.10113707,0.00020820183,0.28248915,0.57325774,0.0044661155,0.328008,0.6703348,0.10678095,0.0059966394,0.51125896,0.19389436,0.12543055,0.25232068,0.16159357,0.24171248,0.36639684,0.2600336,0.22764651,0.2183327,0.273877,2.6651964e-05,0.48984227,0.12125156,0.40881723,0.11289933,0.007538862,0.24884659,0.31169146,0.35803786,0.7208117,0.62604135,0.044862177,0.51941115,0.68122333,0.040482875,0.16549022,0.14504468,0.30177477,0.5743171,0.0059629125,0.04420731,0.13639955,0.22567035,0.3219006,0.23717208,0.32347125,0.10435515,0.26421037,0.5566181,0.18511447,0.02325257,0.43866962,0.11429986,0.30162108,0.63641566,0.6413979,0.3025406,0.7789797,0.4053564,0.30860582,0.48851705,0.14411761,0.22407702,0.5504081,0.26898253,0.32002547,0.03208617,0.5971225,0.25849566,0.35620284,0.3594359,0.3545243,0.2061594,0.3695778,0.004392053,0.0061233756,0.648984,0.36860403,0.33556294,0.009156327,0.32398993,0.27477944,0.13168871,0.115528844,0.2496728,0.033108875,0.14204615,0.40327552,0.06289627,0.2910294,0.052174248,0.1618591,0.47477174,0.4150592
BC2026_Train_0008_S09_20250831_000000_40,0.00082503544,5.949418e-05,0.008348866,0.00017323635,1.4084635e-08,0.23823862,0.01007519,0.04597323,9.6526314e-08,2.4264411e-06,3.1205105e-05,0.0064475667,0.0024748829,3.6989143e-09,4.0370773e-07,3.8992434e-06,0.0007624259,0.0002623268,1.43358075e-05,0.02679436,0.03727592,7.2505095e-09,0.054117948,7.788105e-07,1.4589371e-07,1.1240925e-05,5.819802e-08,0.12992625,1.4061184e-05,0.017779943,0.0003092727,2.0199865e-05,9.4664596e-05,1.0191774e-05,1.7578024e-07,1.206771e-07,5.345461e-06,7.4934346e-06,2.207334e-05,1.3213837e-06,1.6384573e-05,5.2917465e-05,1.0289038e-05,3.186991e-05,8.011017e-05,8.011017e-05,1.4217144e-06,3.1420448e-05,2.0423807e-11,2.029885e-05,1.9323977e-07,2.5396133e-07,2.5396133e-07,1.8701478e-07,8.61291e-06,4.138903e-08,0.12329382,9.44145e-08,5.2154603e-05,0.031609982,1.5765252e-05,0.0005082823,6.202902e-09,1.0522856e-05,3.3764618e-09,2.4635134e-09,2.3538085e-08,0.00029533397,0.0020361398,0.0047769435,1.9987054e-05,0.0066742995,0.26464966,0.15668882,0.010950752,0.5222014,0.31320214,0.525241,0.49989668,0.21898958,0.19251366,0.18353274,0.22852074,0.053836774,0.20850612,0.58152664,0.08663792,0.355091,0.48454002,0.17808641,0.7218879,0.21298906,0.14239845,0.007995651,0.021168426,0.4664067,0.21591309,0.047057226,0.39705858,0.33730087,0.004557304,0.116785064,0.5891755,0.012256765,0.26397118,0.24489146,0.24227414,0.06825884,0.40736258,0.31529716,0.25843653,0.40819952,0.07634974,0.42778775,0.14185473,0.042302445,0.11013239,0.2656119,0.290829,0.28705266,0.20946027,0.38424534,0.47350886,0.49020958,0.32934484,0.26544285,0.30265874,0.17788726,0.2451137,0.5296077,0.46373767,0.7254563,0.0012120935,0.1258436,0.26168627,0.18429898,0.048592836,0.42470932,0.32607007,0.00013327437,0.09728538,0.0002008295,0.22493267,0.6285814,0.0030834812,0.24365537,0.4962943,0.09657515,0.0047931606,0.58670974,0.17929271,0.10250272,0.19595297,0.15755127,0.2690083,0.42538714,0.21965818,0.18178153,0.39423084,0.19473486,1.3005815e-05,0.37812808,0.1470822,0.42306155,0.08742271,0.0071558333,0.19390537,0.36122695,0.28589994,0.72528106,0.43153217,0.03380208,0.593271,0.5336119,0.031878367,0.20521657,0.11804666,0.21093418,0.44824868,0.006275784,0.03229158,0.10500521,0.22791816,0.37184364,0.24498214,0.25405127,0.13029812,0.23543249,0.5145349,0.17058574,0.015290602,0.44784445,0.11520404,0.28706846,0.5843469,0.5259393,0.2632788,0.8376368,0.40768695,0.17196864,0.4213321,0.13806102,0.20085567,0.46290296,0.24516208,0.27834076,0.0674194,0.5122202,0.2604198,0.33266187,0.34259194,0.23871724,0.15071322,0.3967208,0.0027671212,0.0037051935,0.43206027,0.33405405,0.25465092,0.01011072,0.27895346,0.3027556,0.15299271,0.11599606,0.3555161,0.028453548,0.11162216,0.34359,0.06862989,0.3869768,0.0675546,0.10454224,0.47295427,0.49682826
BC2026_Train_0008_S09_20250831_000000_45,0.0009446941,4.7460577e-05,0.0101136025,0.0003016988,1.4685222e-08,0.19022292,0.011252589,0.033973556,7.362146e-08,2.5467773e-06,3.953656e-05,0.0069405916,0.0027759238,2.9424787e-09,4.977405e-07,3.9010984e-06,0.00086960685,0.00027195478,9.7070615e-06,0.021129683,0.04208215,7.261939e-09,0.06109916,8.115006e-07,2.556219e-07,1.2975646e-05,4.553782e-08,0.10619101,2.3243903e-05,0.01321918,0.00030990414,1.7419326e-05,9.357108e-05,8.839063e-06,1.7162019e-07,1.3841222e-07,6.4815013e-06,5.9184003e-06,2.1301179e-05,1.525043e-06,1.49167945e-05,4.4947235e-05,1.0054394e-05,2.8234674e-05,8.7755165e-05,8.7755165e-05,1.5418851e-06,3.0499648e-05,1.8277954e-11,1.4894889e-05,2.1315387e-07,2.7816543e-07,2.7816543e-07,2.0627704e-07,9.1371385e-06,3.9189754e-08,0.12500724,7.683063e-08,5.268568e-05,0.02812165,1.6384294e-05,0.0005938374,1.0068634e-08,1.4636268e-05,4.222532e-09,2.080694e-09,2.123644e-08,0.0003402175,0.0033319427,0.0044414876,2.0082054e-05,0.0031536263,0.31143773,0.22872211,0.016292982,0.6375831,0.3424548,0.5802696,0.3859787,0.1801734,0.25243977,0.23115794,0.20870097,0.043722916,0.18603627,0.5332769,0.11779199,0.2745106,0.53042823,0.20475546,0.60505176,0.21963297,0.1059166,0.020821858,0.0074546183,0.5756793,0.13567495,0.058161896,0.4886891,0.45649707,0.006532837,0.108071044,0.45528454,0.013379492,0.18200383,0.2971989,0.4894351,0.17855331,0.51473176,0.32518348,0.2270976,0.4789714,0.09732683,0.43021828,0.19739063,0.054334145,0.091019414,0.44234097,0.2715733,0.45960447,0.15518261,0.4900091,0.73870707,0.47575286,0.22339962,0.26203337,0.48223007,0.1397926,0.32692176,0.80614406,0.44152078,0.79753494,0.0010958046,0.16299404,0.18210553,0.14584821,0.07067042,0.5393712,0.49713552,7.442522e-05,0.12588692,0.00046435304,0.2476792,0.6636316,0.003906115,0.17812984,0.5163087,0.09799673,0.0056108423,0.6832287,0.25910705,0.090465,0.34025276,0.15327124,0.37618253,0.86636716,0.2148781,0.44758645,0.31039205,0.20142141,1.5957641e-05,0.3570824,0.17160062,0.37328026,0.11981944,0.009487752,0.30954364,0.24317889,0.41170248,0.6982611,0.52039605,0.040554747,0.84894586,0.4847652,0.017966984,0.30029783,0.14595078,0.2652732,0.68030316,0.0067681433,0.029646615,0.114603914,0.29459003,0.49795824,0.37379217,0.20722313,0.1609335,0.2039643,0.49249327,0.22641483,0.018949887,0.41653174,0.110159084,0.32326686,0.90443367,0.67506814,0.517793,0.7510383,0.7012778,0.35157523,0.42377833,0.17487356,0.45203716,0.56178415,0.22520839,0.29096958,0.03007569,0.38148275,0.31541923,0.31630623,0.30648807,0.33190167,0.107373655,0.50863254,0.0035786622,0.005313859,0.48564327,0.89247525,0.3130578,0.017094791,0.31359273,0.26729056,0.18342756,0.13067874,0.31733596,0.02732266,0.11718355,0.42733094,0.100586385,0.3413621,0.06142487,0.09127901,0.53753203,0.67316943
BC2026_Train_0008_S09_20250831_000000_50,0.0009776757,5.165382e-05,0.013817014,0.00021241125,1.4372143e-08,0.27705082,0.013124731,0.039224457,1.2171907e-07,3.6066576e-06,5.0243318e-05,0.010481041,0.002296302,3.071639e-09,5.267605e-07,1.0642897e-05,0.0009385594,0.0002683924,1.5635305e-05,0.029238643,0.045262158,8.031435e-09,0.06337981,6.920347e-07,1.8918244e-07,1.3843571e-05,1.05724986e-07,0.121802,3.4615783e-05,0.020535069,0.00016020284,1.9097584e-05,6.8751375e-05,8.799845e-06,1.7397672e-07,1.8353485e-07,5.6099407e-06,3.8313433e-06,2.4043058e-05,1.9327936e-06,1.5149009e-05,4.77856e-05,9.525687e-06,3.0583964e-05,6.649236e-05,6.649236e-05,1.8224531e-06,2.8441047e-05,2.3850031e-11,1.1455884e-05,2.7337214e-07,3.3184648e-07,3.3184648e-07,2.7434066e-07,1.0589814e-05,3.962255e-08,0.123835295,3.350697e-07,4.116791e-05,0.03730804,4.6196812e-05,0.00049948815,1.7474054e-08,1.7223776e-05,3.973881e-09,2.8252436e-09,2.0253507e-08,0.00039335593,0.0028187654,0.0084212525,2.0359446e-05,0.004235588,0.3269361,0.4054764,0.011791792,0.6983611,0.30079174,0.5363956,0.30458596,0.24097419,0.2748515,0.21389607,0.20615196,0.04913417,0.2721709,0.3636982,0.106232174,0.29804164,0.35727376,0.18523368,0.6303102,0.1766554,0.17487936,0.013544034,0.0061048307,0.639415,0.17604569,0.028504666,0.4456177,0.38021612,0.0033130492,0.099206045,0.48439205,0.013629734,0.15321745,0.2777965,0.23294939,0.09721476,0.45816794,0.38749698,0.24206942,0.4735211,0.0568232,0.33045426,0.16649903,0.03483752,0.119241,0.34748757,0.24254593,0.3682022,0.21221079,0.4001936,0.4886675,0.46268404,0.18658662,0.20672615,0.5486063,0.16168843,0.30013242,0.80052996,0.4154125,0.75322276,0.0008842386,0.1689132,0.25129142,0.120226525,0.054736745,0.42814988,0.5173744,0.00017134711,0.18369284,0.00015140494,0.32054174,0.5272367,0.008854406,0.17375906,0.47531995,0.10482694,0.004730087,0.71260375,0.1885386,0.09792759,0.31871223,0.12898095,0.33555886,0.39117804,0.2695308,0.16312368,0.5137845,0.17686668,3.604258e-05,0.3451615,0.24868178,0.36507383,0.117214255,0.009245538,0.18951496,0.28359926,0.3301666,0.724451,0.540102,0.03565242,0.36130768,0.55057186,0.016131356,0.19515127,0.12733333,0.2537687,0.4457348,0.0047191717,0.03434303,0.09918401,0.24473438,0.37695855,0.46396148,0.38936743,0.1078456,0.19358431,0.4907792,0.18985829,0.023187142,0.370595,0.18690996,0.35557395,0.70466894,0.47349238,0.40753013,0.5893875,0.7709648,0.25031263,0.2888924,0.19333877,0.12688121,0.5939343,0.30284524,0.30169588,0.05498927,0.52424604,0.2377158,0.34980804,0.2718191,0.3232016,0.11383302,0.39237067,0.0037255436,0.003100843,0.3586289,0.9190047,0.23186523,0.013705518,0.23500355,0.25575247,0.14528055,0.092173256,0.5190416,0.023443075,0.11816601,0.5546989,0.081682436,0.2502535,0.11329556,0.14884195,0.5256732,0.40417933
BC2026_Train_0008_S09_20250831_000000_55,0.0009592532,5.4828753e-05,0.008432136,0.00016307828,1.3945339e-08,0.18693599,0.020766445,0.05187145,2.0017025e-07,3.6049505e-06,6.144603e-05,0.0065900125,0.003046475,3.3374314e-09,3.4938083e-07,4.8115544e-06,0.0008369634,0.00027345354,3.3182812e-05,0.018446578,0.03370694,4.9526574e-09,0.055942874,7.8889434e-07,1.3259724e-07,1.14931645e-05,7.65512e-08,0.14125018,2.2751103e-05,0.02075566,0.00041498654,1.9905308e-05,9.817328e-05,1.0140266e-05,1.7885493e-07,1.4798152e-07,6.2133404e-06,5.5808287e-06,2.9608862e-05,1.5395808e-06,1.6593973e-05,7.1327995e-05,1.3499915e-05,3.0879666e-05,6.587858e-05,6.587858e-05,1.5981053e-06,2.901071e-05,1.894686e-11,1.7311217e-05,2.3040161e-07,2.9779557e-07,2.9779557e-07,2.5281298e-07,9.251122e-06,3.877046e-08,0.123979084,9.767388e-08,5.085982e-05,0.024535073,2.6556334e-05,0.00060203776,8.076885e-09,1.2433458e-05,3.5520418e-09,5.3071902e-09,1.7930024e-08,0.00029795725,0.0018062033,0.0042321775,1.9895251e-05,0.0037018661,0.2590201,0.19725713,0.014795743,0.5090034,0.28863096,0.46551633,0.41953686,0.22157596,0.20726629,0.19860213,0.17201363,0.039814916,0.1947959,0.5430206,0.1331396,0.3357641,0.41683182,0.18309614,0.846152,0.15952219,0.16686991,0.0063964855,0.0075264676,0.5363525,0.16655143,0.07700403,0.41102332,0.266106,0.0037374177,0.09004816,0.5345148,0.027282044,0.33449125,0.22608817,0.28948605,0.06719097,0.39219433,0.39309874,0.25608388,0.5011377,0.07606444,0.49262267,0.14978546,0.054808583,0.112978876,0.21286942,0.23047481,0.3148057,0.16682927,0.4601287,0.41817695,0.4234386,0.20685925,0.3381417,0.44709477,0.19306228,0.31826404,0.5214678,0.1702263,0.7260184,0.0024952402,0.13182244,0.27448994,0.1782646,0.030290652,0.43631014,0.2290747,0.00024236737,0.1242874,0.00022110427,0.22578266,0.61807764,0.0036307322,0.34101337,0.609319,0.0833056,0.0041270843,0.59107465,0.1619064,0.103501156,0.2424296,0.14635743,0.2756002,0.52655876,0.27471647,0.22045927,0.36345267,0.1694485,4.4049513e-05,0.3971971,0.13685833,0.4353661,0.09605123,0.0065227128,0.1693634,0.23647587,0.39204022,0.753265,0.45327848,0.03273153,0.495019,0.5791986,0.03983878,0.36574966,0.1103657,0.2704676,0.4859763,0.0041729645,0.03393631,0.111086056,0.2169586,0.40962934,0.23721819,0.27178612,0.10020065,0.24139291,0.5367194,0.24103414,0.017222049,0.35501453,0.11235731,0.27889678,0.5600017,0.4845956,0.18919781,0.8774094,0.37476802,0.19905175,0.5194216,0.12583472,0.120709725,0.56214255,0.20308045,0.33330446,0.030966142,0.5922794,0.30627424,0.30006844,0.35073075,0.24513246,0.14664327,0.38218957,0.0040690587,0.004931634,0.42997545,0.42998034,0.28054953,0.009807369,0.2688417,0.29563382,0.12900214,0.11630693,0.24609213,0.031331252,0.13508447,0.32871556,0.06591942,0.31987524,0.09693881,0.08327295,0.5058736,0.43116316
BC2026_Train_0008_S09_20250831_000000_60,0.0010005581,6.844103e-05,0.010098289,0.00017056987,1.5156093e-08,0.22648837,0.010246051,0.04413177,3.2408093e-07,3.387999e-06,4.657211e-05,0.0056215175,0.0026498558,3.2021676e-09,4.0083103e-07,6.07759e-06,0.00091993,0.00028919138,1.6014854e-05,0.018432627,0.059812102,5.2880655e-09,0.069153436,9.108408e-07,3.53968e-07,1.336798e-05,2.929124e-07,0.11016164,2.4246483e-05,0.023735696,0.0003390474,1.8536435e-05,9.330534e-05,1.1423494e-05,1.774665e-07,1.6247665e-07,6.527052e-06,6.9250204e-06,2.621265e-05,1.7387887e-06,1.979711e-05,6.3980624e-05,1.4114288e-05,2.7975786e-05,9.19702e-05,9.19702e-05,1.9989002e-06,3.140679e-05,2.5392593e-11,1.8322395e-05,2.7466723e-07,3.5511053e-07,3.5511053e-07,2.713341e-07,1.0914419e-05,4.7385107e-08,0.1238231,5.512126e-08,6.1337036e-05,0.024981715,1.7087365e-05,0.00059306837,1.2065443e-08,1.9811907e-05,4.228553e-09,4.2303547e-09,2.0657632e-08,0.00037540877,0.002589059,0.004203289,1.9840396e-05,0.0031458682,0.29441527,0.17874055,0.010866696,0.6297576,0.32676047,0.56970733,0.34879866,0.19488248,0.22525391,0.18156587,0.1755319,0.056070272,0.18619163,0.5336143,0.10857054,0.37450182,0.50282896,0.18405871,0.791294,0.16217934,0.12818262,0.0068038106,0.005123755,0.6128756,0.22016315,0.050121345,0.42222896,0.4009066,0.0035209178,0.14996886,0.56825703,0.015635118,0.2969368,0.25223678,0.235538,0.08241566,0.47980818,0.40360042,0.33242068,0.44391632,0.06411975,0.44449228,0.20617029,0.050449762,0.09396448,0.22024803,0.25808546,0.33266452,0.11457638,0.45795983,0.4337084,0.4875006,0.1837404,0.24313843,0.46920776,0.15327483,0.28535247,0.42699006,0.4154353,0.826711,0.0011253196,0.15336826,0.3295946,0.20097929,0.021843456,0.44907576,0.30660176,0.0001844672,0.11768156,0.00018399318,0.28343365,0.5718018,0.005567568,0.26408878,0.4764863,0.08711246,0.0037740027,0.66085345,0.20193681,0.09680058,0.3072692,0.14795862,0.32598913,0.41989762,0.21449937,0.15731834,0.31487533,0.21483842,1.8060635e-05,0.44903398,0.18643782,0.42145753,0.10125679,0.009299442,0.16235557,0.23965421,0.29868048,0.6387566,0.60784656,0.03623436,0.46680737,0.56259435,0.033228166,0.16362283,0.09794231,0.38577184,0.48716635,0.0032106326,0.035813317,0.101991,0.22710389,0.5572436,0.31541643,0.37060192,0.1604261,0.25131172,0.53268874,0.1701291,0.018901546,0.41040134,0.10982598,0.3125505,0.6995474,0.6159964,0.39732075,0.66082406,0.46461922,0.25552025,0.3924855,0.13567615,0.16112857,0.45327115,0.21392585,0.33384678,0.037204396,0.55996513,0.20689449,0.34108737,0.301137,0.26094383,0.16392149,0.38374537,0.0036359688,0.0048764627,0.46464095,0.36633176,0.29793534,0.012985776,0.24011688,0.2507848,0.14503619,0.11496257,0.24350902,0.02737135,0.1150358,0.30578205,0.09883377,0.33655423,0.055619404,0.1118678,0.44638976,0.46667346
BC2026_Train_0009_S09_20250828_000000_5,0.010786984,2.984324e-05,0.009584991,0.00017274648,1.8511818e-08,0.37863728,0.033852,0.095859624,2.4000315e-08,5.538479e-06,0.004348359,0.008092701,0.007964786,2.7543068e-09,4.354137e-07,2.8924867e-06,0.0013690806,0.00037035986,9.505197e-06,0.041519035,0.22319283,1.4465835e-09,0.14159304,1.2099572e-05,2.7889698e-07,2.0206904e-05,7.3822164e-08,0.27030343,1.42445915e-05,0.026745385,8.908054e-05,1.1946886e-05,5.7462126e-05,3.6159815e-06,1.753056e-07,6.449025e-08,3.3681288e-06,1.2099244e-05,1.3371196e-05,7.2259957e-07,1.5589565e-05,1.3642017e-05,8.624691e-06,2.7512959e-05,2.6385815e-05,2.6385815e-05,6.2230936e-07,3.1376272e-05,9.812165e-12,1.4925872e-05,9.538492e-08,1.2040445e-07,1.2040445e-07,1.249118e-07,3.2965181e-06,8.073447e-08,0.12319651,8.500285e-09,0.0001077129,0.03796715,8.943927e-05,0.0005746379,2.5383754e-08,1.6703052e-05,4.286796e-10,1.4465418e-08,8.246622e-08,0.00070930546,0.0073714014,0.0014346165,2.0018037e-05,0.0017121953,0.39542818,0.4699416,0.0037274912,0.52055323,0.30190963,0.7513414,0.6716625,0.5836625,0.26990703,0.14851254,0.37216604,0.15488744,0.21090187,0.5196601,0.43342015,0.4495986,0.6676491,0.18251051,0.49611875,0.5028215,0.5335832,0.044931747,0.014796814,0.6920769,0.20305169,0.6086604,0.57676595,0.4214535,0.0038286373,0.32310554,0.6799267,0.12398358,0.5683145,0.5411065,0.21872468,0.085283875,0.6081402,0.46889257,0.24077922,0.8008689,0.21895297,0.5012905,0.12688154,0.11028893,0.19765222,0.78038377,0.22948745,0.7079591,0.3851312,0.6851788,0.5653536,0.92042893,0.3093763,0.46561918,0.4721542,0.18368642,0.2472665,0.9356974,0.34934536,0.67724603,0.002636936,0.5111673,0.34934387,0.11718207,0.32192352,0.6243713,0.76568717,0.00024349359,0.2979598,0.00024281451,0.3219584,0.42062366,0.01684917,0.22119354,0.7151128,0.49440983,0.018997263,0.6104996,0.3234677,0.40435204,0.3688931,0.19383624,0.32506332,0.39510518,0.40280145,0.13872497,0.54548174,0.6989851,0.00022978656,0.29935536,0.47140887,0.38221076,0.3016781,0.014912229,0.5019857,0.4099813,0.37136295,0.9237372,0.82340264,0.21029133,0.22306082,0.5372299,0.41514271,0.34662533,0.4466365,0.26004037,0.43131265,0.028086068,0.32888922,0.22400783,0.3905707,0.44675708,0.3552958,0.3991581,0.09775076,0.50455946,0.39478034,0.6225683,0.02422759,0.67682844,0.30759972,0.5136424,0.70955855,0.5408731,0.53274107,0.6279071,0.8071796,0.41014314,0.34931713,0.17117234,0.14565209,0.7233893,0.54964596,0.53158367,0.037367463,0.62085605,0.15280889,0.5826811,0.34691092,0.42724758,0.27729395,0.4411359,0.015644094,0.16785228,0.43662024,0.78518593,0.49214032,0.008070785,0.20613047,0.15093763,0.3083936,0.25064337,0.6499769,0.12740305,0.27934197,0.7608092,0.092409864,0.47132063,0.21682027,0.42970496,0.37374237,0.5672114
BC2026_Train_0009_S09_20250828_000000_10,0.010406997,3.3767894e-05,0.008642698,8.4073465e-05,1.6272292e-08,0.3478086,0.02388867,0.30106068,6.1932965e-08,8.781605e-06,0.0059681553,0.0050169737,0.011192709,3.043731e-09,3.7300285e-07,1.5892039e-06,0.000803999,0.00037738128,2.0221929e-05,0.03655535,0.08321263,1.8320138e-09,0.22080414,1.9343145e-06,1.4713025e-07,1.8094834e-05,4.732424e-08,0.3255408,2.1007296e-05,0.024658011,0.00014486806,1.03464445e-05,6.8131056e-05,6.5471836e-06,1.8237625e-07,4.1637634e-08,2.3926054e-06,9.363531e-06,1.08119375e-05,5.580236e-07,1.2345643e-05,1.0507467e-05,7.789334e-06,2.2354816e-05,2.7099304e-05,2.7099304e-05,4.28423e-07,3.2915592e-05,4.638404e-12,1.2476319e-05,6.335306e-08,8.278648e-08,8.278648e-08,7.84427e-08,2.6990656e-06,7.149623e-08,0.12230402,1.3697221e-08,0.0001154401,0.030814823,5.3503813e-05,0.00047203072,1.0174974e-08,5.5856863e-06,1.987443e-10,1.909191e-08,4.8251863e-08,0.00061533786,0.0028138561,0.0011428548,1.9771578e-05,0.0017196893,0.33297384,0.374698,0.005657393,0.45893994,0.2984346,0.81550485,0.43686092,0.43167067,0.3090275,0.12734787,0.48797536,0.07431657,0.22343269,0.63218683,0.41274324,0.71941197,0.5678918,0.23525932,0.4968137,0.4154102,0.21200927,0.024232006,0.0077742357,0.44759762,0.39872566,0.4108148,0.41148752,0.6119974,0.003534951,0.13630076,0.7788968,0.08920308,0.5207164,0.3456786,0.24313536,0.07039039,0.80004364,0.67232746,0.28953233,0.8566078,0.1981439,0.55758226,0.15083964,0.1685611,0.28622606,0.49881494,0.20977163,0.78466743,0.46653792,0.7118553,0.7452873,0.9176067,0.3869405,0.60729414,0.6204885,0.21826768,0.3387267,0.7149419,0.31688496,0.6339086,0.0011669626,0.60302013,0.45604882,0.105257325,0.19865993,0.6350739,0.574272,0.00028468875,0.20432948,0.0001259397,0.45984313,0.5124169,0.0063200216,0.19956647,0.70972615,0.44962716,0.013619474,0.6328361,0.2878311,0.41605994,0.47587433,0.35429808,0.34040308,0.87494534,0.3170781,0.20997195,0.42127275,0.36321586,0.00018814126,0.42722392,0.27227396,0.5348496,0.3691725,0.00817607,0.43706632,0.40986007,0.41976663,0.90847605,0.85192424,0.24035814,0.3575127,0.5249035,0.21524364,0.40298572,0.36413673,0.29325634,0.6787429,0.030391168,0.29400808,0.15962243,0.36721417,0.53351825,0.28907368,0.3515171,0.07808912,0.6556416,0.33587694,0.70673,0.030865358,0.9097196,0.4787677,0.6278415,0.8834658,0.6295465,0.64028704,0.86020887,0.48410255,0.29788235,0.44758424,0.19394386,0.15109725,0.67119557,0.57012385,0.7032787,0.022933424,0.6496239,0.17925923,0.410935,0.48305154,0.43936807,0.19793288,0.4301204,0.015412976,0.13482171,0.5128099,0.4507033,0.59073573,0.009793817,0.24074751,0.14505245,0.3468806,0.40580174,0.3881522,0.09718138,0.2584542,0.56826764,0.09812257,0.65870625,0.13744833,0.27352223,0.4682633,0.5322825
BC2026_Train_0009_S09_20250828_000000_15,0.0085692415,3.1583946e-05,0.008723514,8.488136e-05,1.6259134e-08,0.26336062,0.033922784,0.14805797,6.890846e-08,1.687914e-05,0.012853341,0.006122672,0.008701104,2.6254148e-09,4.7052407e-07,1.5933161e-06,0.00091369625,0.00038493253,1.5039866e-05,0.030376133,0.07978545,1.3280285e-09,0.080713145,2.8006102e-06,2.5560766e-07,1.7239863e-05,5.6727608e-08,0.2541226,2.4917608e-05,0.016856274,0.00015923352,1.014938e-05,9.6335665e-05,5.990564e-06,1.8105543e-07,5.9586938e-08,4.17271e-06,2.02344e-05,1.8866578e-05,7.4462844e-07,1.961885e-05,1.6188367e-05,1.16302745e-05,2.3350301e-05,3.4226305e-05,3.4226305e-05,6.620927e-07,4.9471568e-05,1.0188454e-11,2.0827983e-05,9.870765e-08,1.211953e-07,1.211953e-07,1.3470898e-07,3.3907645e-06,7.914692e-08,0.12276435,1.7456856e-08,0.00019123274,0.028562877,8.0068174e-05,0.00048250784,6.086204e-09,7.85807e-06,3.529001e-10,5.3070764e-08,6.097607e-08,0.0005638558,0.0027647186,0.0010381263,1.9790054e-05,0.0016084781,0.3812373,0.3024851,0.0042578285,0.40142724,0.3699292,0.78085244,0.5248488,0.44813973,0.20937286,0.15345654,0.45128393,0.087059915,0.23095608,0.6538743,0.5119169,0.7636518,0.6571683,0.26161775,0.48479626,0.51892483,0.17956118,0.028559733,0.012344362,0.39670935,0.34201872,0.42177668,0.41706526,0.23210885,0.007339934,0.22273909,0.8424574,0.14436954,0.5420451,0.37568337,0.27802697,0.059331615,0.6805374,0.63578165,0.3466622,0.8334113,0.2482202,0.75907224,0.1764072,0.14882414,0.29853615,0.5663602,0.18842058,0.7959615,0.4840929,0.6178996,0.6859923,0.8623361,0.47885087,0.352339,0.46483454,0.22159329,0.39159572,0.8404335,0.3069643,0.65916216,0.00068770035,0.56383175,0.44288358,0.1382485,0.27902573,0.6700894,0.8140851,0.0005747737,0.20230882,8.361929e-05,0.33815327,0.4963461,0.013870382,0.22446707,0.68010426,0.5815059,0.01801671,0.6338638,0.29881084,0.4913549,0.49898866,0.27451584,0.37698838,0.5588752,0.2372497,0.20074666,0.5725195,0.5866363,0.00018767054,0.4235815,0.38196263,0.5121812,0.5312854,0.0121873645,0.44925448,0.48218358,0.40591124,0.8981381,0.8821978,0.11457687,0.2908014,0.57692665,0.16697304,0.2908642,0.31211752,0.32715636,0.50711966,0.057859764,0.32104674,0.40740627,0.51868194,0.6122916,0.2485554,0.22834283,0.16528715,0.5414434,0.30893058,0.8669572,0.056118064,0.97424704,0.22797489,0.58131593,0.6923057,0.65540326,0.80012065,0.7995291,0.5856764,0.4254116,0.49779433,0.2035396,0.28112155,0.6857333,0.55045307,0.68032855,0.0468905,0.6193537,0.295057,0.4546046,0.4534629,0.36693874,0.22200832,0.37863895,0.022613673,0.41651523,0.53268033,0.6940153,0.7200113,0.004161285,0.2625554,0.20042361,0.22672348,0.38666785,0.600708,0.10553694,0.31624642,0.5659034,0.20260847,0.6357919,0.13388726,0.20394582,0.42164847,0.5959838
BC2026_Train_0009_S09_20250828_000000_20,0.0071790894,2.8900527e-05,0.0070421216,4.482159e-05,1.6918268e-08,0.27133155,0.021645226,0.09141738,2.2811022e-08,4.3267514e-06,0.0023314636,0.0059389356,0.0059512113,2.58812e-09,4.3832955e-07,9.374707e-07,0.00088831113,0.00031611996,4.487007e-06,0.029724868,0.15222746,1.3578939e-09,0.07870546,2.3247196e-06,1.7836238e-07,2.100962e-05,2.8110367e-08,0.275082,1.2657844e-05,0.017942347,0.00013461223,1.0350183e-05,4.7251706e-05,6.1611067e-06,1.798314e-07,4.2973596e-08,3.147518e-06,1.2930284e-05,9.832202e-06,5.439589e-07,1.3787641e-05,9.955468e-06,9.911862e-06,2.3623737e-05,2.589946e-05,2.589946e-05,4.839278e-07,3.4376513e-05,6.142726e-12,1.39570775e-05,7.436354e-08,9.359483e-08,9.359483e-08,8.777906e-08,2.6221335e-06,6.275248e-08,0.12240312,6.071944e-09,0.0001221078,0.034634124,5.1209172e-05,0.00047100763,5.6392317e-09,5.924037e-06,1.8168653e-10,3.142741e-08,4.3439265e-08,0.00055454863,0.0026559713,0.0012513212,1.9885885e-05,0.0016431597,0.36080906,0.50649947,0.0051250774,0.45329332,0.36616367,0.79334974,0.43646392,0.30145928,0.2512847,0.11409191,0.42727235,0.07578309,0.19414009,0.6060327,0.36625686,0.6015493,0.688754,0.24376756,0.5542066,0.43837103,0.22028212,0.009293108,0.004841786,0.57060766,0.3344808,0.34671453,0.4827426,0.3488906,0.0072024195,0.15321513,0.8585144,0.19624962,0.6426366,0.42326874,0.28232437,0.080089904,0.6307338,0.5381821,0.3228601,0.6686566,0.24580123,0.68813473,0.17978796,0.14012495,0.22145492,0.51481944,0.22192521,0.84504604,0.39667103,0.6283181,0.77093714,0.80032206,0.4298195,0.40621492,0.52349705,0.18073419,0.32474607,0.64600366,0.21150853,0.7397258,0.0007627883,0.49158657,0.44515347,0.0909276,0.32922846,0.6591903,0.7133221,0.00039885845,0.21678802,9.0832975e-05,0.44031516,0.39963213,0.007491672,0.22874041,0.6239412,0.4233499,0.015856335,0.57071024,0.3584562,0.5442967,0.54560906,0.26331106,0.2953806,0.47463882,0.28310043,0.1641989,0.3709798,0.35534832,0.00028019884,0.39548808,0.18433736,0.5283354,0.40717798,0.008884574,0.24024224,0.48840272,0.3640476,0.8535586,0.74447334,0.12043339,0.24087138,0.6425416,0.25124347,0.45024714,0.26028723,0.26809728,0.5779356,0.041847654,0.19700937,0.2633771,0.34883088,0.559614,0.33978477,0.3527705,0.13487017,0.60890096,0.3513781,0.7743942,0.11946292,0.67820925,0.27158138,0.5636624,0.73163015,0.79355514,0.77517706,0.7863999,0.4145803,0.29825443,0.42473662,0.17048861,0.35668594,0.7313042,0.5548736,0.6420715,0.025447926,0.7010515,0.35297823,0.4473869,0.48631296,0.41675544,0.185914,0.4524837,0.016541,0.3043748,0.5993693,0.3606362,0.5474919,0.004519308,0.27889872,0.21409892,0.23808004,0.37651077,0.35257176,0.0846814,0.31088346,0.56312084,0.21509957,0.61482036,0.12389564,0.33782166,0.36117196,0.5485805
BC2026_Train_0009_S09_20250828_000000_25,0.008027169,3.7144262e-05,0.00935584,0.00011567895,1.6684396e-08,0.33974016,0.023138277,0.10553779,3.9022783e-08,6.0577554e-06,0.023607945,0.007835544,0.006120078,3.055738e-09,4.8813524e-07,1.5119589e-06,0.00095973635,0.00038657864,8.977805e-06,0.026363993,0.18179074,1.4152345e-09,0.106842384,3.0506637e-06,3.2807876e-07,1.9010737e-05,4.7998775e-08,0.30061862,2.6121605e-05,0.019421268,0.000106424406,1.1221244e-05,6.912841e-05,5.9282015e-06,1.8532438e-07,6.123483e-08,3.303924e-06,2.0913034e-05,1.6077502e-05,6.778859e-07,2.1320491e-05,1.4147943e-05,1.187053e-05,2.6848225e-05,2.4901226e-05,2.4901226e-05,5.652635e-07,2.8328053e-05,1.1555562e-11,2.1050031e-05,8.5823054e-08,1.04828736e-07,1.04828736e-07,1.2650139e-07,3.2360583e-06,7.7866495e-08,0.122629255,1.8992605e-08,0.00013767625,0.031962495,0.000111043875,0.00047436982,6.8142865e-09,1.1617957e-05,3.125486e-10,2.763222e-08,4.648024e-08,0.0005961851,0.0029850658,0.0013202694,2.0015572e-05,0.0015467807,0.3558236,0.37008986,0.0057370286,0.45930532,0.33981612,0.70233786,0.66040915,0.6313178,0.25533327,0.19181062,0.5270644,0.19155294,0.1690249,0.46490967,0.3468896,0.82020307,0.7907327,0.21317095,0.52696925,0.4945386,0.44723263,0.025466306,0.014308153,0.46367794,0.3708404,0.57241577,0.39431366,0.2597252,0.004839764,0.34708408,0.8186168,0.18442771,0.63351554,0.4504192,0.26256898,0.06615283,0.6737125,0.48118836,0.30734655,0.8599399,0.24571519,0.5744289,0.15141833,0.13793725,0.29469258,0.6628155,0.18663841,0.78526217,0.38376442,0.56269825,0.64469165,0.75040275,0.5112647,0.38132277,0.50293475,0.17903346,0.42501068,0.9096031,0.24151051,0.71408254,0.002172448,0.4992091,0.613883,0.123127185,0.17387983,0.67994237,0.8186161,0.00038506222,0.31577224,0.00020063644,0.3832309,0.36846533,0.013226978,0.18395673,0.65855676,0.5346125,0.032446783,0.6802434,0.29158854,0.36875406,0.48464134,0.29308742,0.36023134,0.37590382,0.35462308,0.15098701,0.61702466,0.62764794,0.0004249672,0.38622272,0.51896226,0.61584103,0.44076017,0.01649335,0.36432034,0.5232529,0.33764106,0.8964337,0.8516939,0.19668616,0.2658897,0.5732059,0.18488334,0.3419744,0.26667365,0.29823604,0.64938205,0.046777207,0.30379674,0.2528352,0.33762085,0.44574717,0.22615229,0.5509314,0.15974882,0.5020919,0.33923495,0.78389376,0.05894967,0.9886712,0.35919562,0.58213073,0.5886827,0.58035666,0.7890172,0.7455479,0.8703503,0.3167359,0.4481893,0.2493052,0.19550335,0.72065985,0.55220103,0.6517189,0.039746504,0.68698925,0.33121333,0.5677229,0.3972641,0.48589045,0.2548263,0.4562611,0.039380014,0.7371512,0.54957134,0.77319235,0.72484666,0.0060428022,0.17189509,0.18306853,0.2518431,0.5465612,0.588212,0.111390896,0.34529626,0.76654804,0.14969687,0.5444035,0.31347913,0.2586136,0.3873166,0.59639496
BC2026_Train_0009_S09_20250828_000000_30,0.009915166,4.667675e-05,0.008439934,0.00010356088,1.6387236e-08,0.49412605,0.029843085,0.13852797,2.7921857e-08,8.660524e-06,0.0048058718,0.0075760423,0.0060413736,2.7725229e-09,4.2616446e-07,1.8890553e-06,0.0009968391,0.00037462363,2.0143983e-05,0.02656399,0.096421614,1.149596e-09,0.12815179,1.5210795e-06,2.8439572e-07,2.0499057e-05,4.917989e-08,0.35788405,2.1609449e-05,0.034348562,0.00012010222,1.458334e-05,0.00011030417,5.166717e-06,1.7701991e-07,6.702461e-08,4.089724e-06,1.2040251e-05,1.4839757e-05,8.2139536e-07,1.4253054e-05,1.6909129e-05,8.8466e-06,3.2756023e-05,1.7135515e-05,1.7135515e-05,6.2492245e-07,3.799481e-05,1.0917255e-11,1.3675057e-05,9.8928304e-08,1.2304724e-07,1.2304724e-07,1.2569022e-07,3.5039732e-06,1.0382415e-07,0.122666724,1.32835725e-08,0.00012781982,0.026713798,6.394376e-05,0.0005509296,9.013596e-09,8.716754e-06,4.723405e-10,2.2383409e-08,6.427196e-08,0.0007163733,0.0042273193,0.0015457808,1.9969078e-05,0.0016132162,0.33916914,0.3886889,0.004607614,0.5202077,0.33459613,0.8194951,0.637733,0.71231914,0.23697214,0.11332749,0.3553271,0.20574002,0.1658919,0.5103267,0.4821793,0.49280772,0.7208526,0.2214471,0.4958643,0.54531837,0.49748617,0.025229087,0.00944522,0.5265166,0.24606346,0.72300094,0.5743998,0.3260716,0.0058208485,0.2253879,0.71773887,0.07730225,0.5987756,0.56358886,0.27637622,0.08306106,0.607975,0.5396078,0.2940649,0.835118,0.23769102,0.56564665,0.15769853,0.22198555,0.29944867,0.7658108,0.22724107,0.6921809,0.3815271,0.7020485,0.6484961,0.84458923,0.50050354,0.31134677,0.6773203,0.24699894,0.3096266,0.92055225,0.3691017,0.6699788,0.0031159008,0.37630695,0.41361123,0.0981703,0.21740887,0.6609043,0.79669493,0.00036497408,0.31859952,0.00019152359,0.29733253,0.3437097,0.01192227,0.35796392,0.55856156,0.58419186,0.015728137,0.6061523,0.2440379,0.48028034,0.38542348,0.25907153,0.40374306,0.641624,0.37439725,0.15687612,0.6324311,0.69063365,0.00023467866,0.4035545,0.5237765,0.5148698,0.52330613,0.016419275,0.42576563,0.3568979,0.38867003,0.86305016,0.86880535,0.20771429,0.26779535,0.5780411,0.16823022,0.28617102,0.20775509,0.27017182,0.3772034,0.03721396,0.21014813,0.15196916,0.35851067,0.40599668,0.40053746,0.4574218,0.10802574,0.70157534,0.35610813,0.7932028,0.032324076,0.72034407,0.31573448,0.5900051,0.68157995,0.49588302,0.5332978,0.8035806,0.80713314,0.47670257,0.48070577,0.16649121,0.16335627,0.7142598,0.60821545,0.7248639,0.031052459,0.59972787,0.18161443,0.5620481,0.53982115,0.38029116,0.26564497,0.47183603,0.03674375,0.39953092,0.46884274,0.8362064,0.5313611,0.010127116,0.19508973,0.17601359,0.24326913,0.2358275,0.6056671,0.14922628,0.42340222,0.66102314,0.14942345,0.5482507,0.24460194,0.25469694,0.37681273,0.59124106
BC2026_Train_0009_S09_20250828_000000_35,0.007951618,2.6863376e-05,0.009152541,4.7895228e-05,1.8327848e-08,0.2709944,0.03288914,0.23793118,3.4767943e-08,3.8644207e-06,0.0038025836,0.008627697,0.0065054116,2.9147251e-09,3.6775677e-07,2.0517816e-06,0.0014772512,0.00035896804,9.572854e-06,0.038939595,0.10449985,9.2918817e-10,0.17194974,1.0107676e-06,2.7777355e-07,2.6487825e-05,1.5100878e-07,0.29272884,1.4304581e-05,0.018037237,0.00012921661,1.0273102e-05,5.549342e-05,3.1390805e-06,1.8186212e-07,3.6013244e-08,2.3922732e-06,1.0299257e-05,9.834765e-06,4.0671927e-07,1.1502121e-05,1.2134034e-05,7.423123e-06,2.0747391e-05,2.0483978e-05,2.0483978e-05,3.6915827e-07,2.9768333e-05,4.910894e-12,1.2118282e-05,5.606871e-08,7.393766e-08,7.393766e-08,7.050122e-08,1.96687e-06,7.439234e-08,0.12313544,1.0026908e-08,0.000112160764,0.053847812,6.0715152e-05,0.00044091308,5.7127796e-09,6.8021627e-06,2.368144e-10,2.7074451e-08,5.5293604e-08,0.00071751134,0.0031713818,0.0011321848,1.9948415e-05,0.0019557178,0.546927,0.28950483,0.0021373478,0.3876343,0.33062434,0.79426175,0.43983197,0.42720893,0.40026206,0.15916444,0.4171845,0.15681338,0.15990074,0.64099187,0.5529225,0.49808192,0.7818286,0.39879453,0.54538673,0.4844345,0.28399867,0.0069181765,0.009727121,0.46283206,0.25478676,0.33657637,0.51899767,0.5656481,0.00547901,0.21887375,0.7282152,0.08298012,0.59293723,0.39188346,0.36344972,0.119436786,0.7168898,0.6932449,0.4871211,0.8467285,0.19287087,0.67776215,0.2425304,0.19727613,0.31707093,0.4668451,0.2677247,0.744706,0.31019023,0.69637436,0.72202426,0.92125535,0.37656203,0.69420725,0.43608224,0.2720322,0.38081992,0.72033924,0.21831577,0.6886124,0.0005603862,0.5423156,0.550843,0.1325995,0.24486376,0.6446066,0.49611413,0.00041052478,0.24975856,0.000120245946,0.34079346,0.5267578,0.0034906524,0.2687952,0.7225925,0.2975619,0.013845967,0.4936887,0.3790586,0.5265372,0.36500907,0.27757728,0.34882402,0.57191634,0.2692989,0.1256574,0.4477401,0.4696189,0.00018719884,0.44458184,0.20490232,0.52969354,0.525905,0.007064067,0.3448467,0.3646014,0.4718693,0.89446676,0.7336903,0.21034485,0.34745243,0.647037,0.6275338,0.32070738,0.5514116,0.29362932,0.63595194,0.029025482,0.28494266,0.17353983,0.30904666,0.49699464,0.32978126,0.4372072,0.11031094,0.7137831,0.3712064,0.5670652,0.0459052,0.6391962,0.35993835,0.593918,0.7911619,0.7588088,0.7090437,0.8392371,0.5297165,0.29777157,0.4564366,0.16277282,0.17632289,0.6495882,0.65949464,0.6719363,0.021051195,0.69478863,0.17089008,0.44866166,0.56295305,0.42206526,0.2523487,0.47910547,0.0146819325,0.109761976,0.5179896,0.36797303,0.63548994,0.011970918,0.22723496,0.17489249,0.28652287,0.30935013,0.4238261,0.09215015,0.31732407,0.5636654,0.13148771,0.7239261,0.12464192,0.31507918,0.38774353,0.64244473
BC2026_Train_0009_S09_20250828_000000_40,0.010253264,3.0796844e-05,0.009594511,8.921249e-05,1.594807e-08,0.2864138,0.043364376,0.24610941,3.8522924e-08,2.9320702e-06,0.0009827352,0.0053352523,0.0074491063,2.887651e-09,3.8979806e-07,2.9012347e-06,0.0007793906,0.000363999,1.1903051e-05,0.024269216,0.13574678,1.0119964e-09,0.12647091,2.4251228e-06,1.545493e-07,1.842436e-05,1.1928388e-07,0.27331337,1.7466158e-05,0.020395583,0.00010470117,9.698698e-06,5.5295255e-05,3.6288097e-06,1.7951128e-07,4.139004e-08,2.4552833e-06,1.0077467e-05,9.725725e-06,4.771017e-07,1.1906499e-05,9.587377e-06,7.747007e-06,1.983831e-05,1.5615715e-05,1.5615715e-05,4.2814773e-07,4.0007115e-05,6.073291e-12,1.0696549e-05,7.108244e-08,9.144913e-08,9.144913e-08,8.548281e-08,2.356916e-06,7.140096e-08,0.1220328,1.0462138e-08,9.8279575e-05,0.03617834,0.00012569608,0.0004585581,3.3561025e-09,7.808777e-06,1.6926467e-10,1.3762662e-08,5.6374034e-08,0.00062005105,0.0027129275,0.0011953169,2.0228143e-05,0.0019156495,0.4019734,0.43231753,0.0040514115,0.4841763,0.31617212,0.6448796,0.2945376,0.3070291,0.38520357,0.124884784,0.40752283,0.100008816,0.25805402,0.57241744,0.49323222,0.64432794,0.67287254,0.16893688,0.60860837,0.47840843,0.23898613,0.01575115,0.010384923,0.5729186,0.35862118,0.26717588,0.4429235,0.54531,0.0039473535,0.2960508,0.7466316,0.10077578,0.5763251,0.48169568,0.23142701,0.06677786,0.55458444,0.76616603,0.33538255,0.81083393,0.43245983,0.42201272,0.133465,0.17005876,0.18548568,0.48960778,0.23533227,0.62826663,0.26156127,0.5798312,0.5729822,0.6039909,0.40349957,0.6502356,0.863499,0.21461798,0.326127,0.69559914,0.19186041,0.6629087,0.00048159307,0.5427468,0.46055263,0.115877286,0.10446785,0.69764906,0.55200016,0.00037671626,0.2654014,6.6952314e-05,0.287674,0.4764722,0.007918047,0.28528616,0.59013206,0.2832889,0.03235851,0.84728694,0.25887516,0.9818352,0.40989345,0.24787834,0.33081996,0.67213655,0.26827368,0.11556411,0.34439874,0.40463722,0.00028531687,0.41972426,0.23283803,0.5490685,0.3362455,0.007984702,0.2738154,0.44446832,0.3285057,0.9285004,0.6003133,0.18869065,0.24775079,0.5784015,0.71861047,0.39208087,0.19616151,0.30348787,0.68483216,0.034138262,0.440344,0.18707272,0.34273392,0.33939108,0.21961688,0.47693977,0.060165353,0.85822594,0.39482495,0.75569403,0.0447516,0.6527559,0.23308712,0.5310269,0.8450086,0.74431854,0.54637647,0.8190549,0.8868297,0.23623407,0.48280048,0.13855338,0.20885886,0.75879204,0.8275107,0.51444215,0.017748602,0.65702885,0.30102167,0.5407455,0.4583737,0.42519334,0.20213646,0.4246502,0.018182589,0.16638377,0.3799897,0.47619838,0.9151471,0.003947851,0.218443,0.18951195,0.3850135,0.36945236,0.31077063,0.077497974,0.29729062,0.5402011,0.113411725,0.47908112,0.14070342,0.5554596,0.46038088,0.5978008
BC2026_Train_0009_S09_20250828_000000_45,0.0053690807,3.991e-05,0.00996581,8.793127e-05,1.646372e-08,0.27174106,0.021107648,0.3052041,2.3810534e-08,5.910929e-06,0.0012991532,0.008473195,0.007345532,2.7581533e-09,3.473901e-07,1.568463e-06,0.00086787343,0.00037541526,1.118416e-05,0.03093576,0.08383058,7.012147e-10,0.14242984,1.7327768e-06,1.3739559e-07,1.7496488e-05,8.3912035e-08,0.20013899,1.3866758e-05,0.012658398,8.008873e-05,9.832901e-06,5.0904735e-05,3.1678799e-06,1.7912984e-07,5.0575913e-08,2.5545028e-06,1.28610445e-05,1.0840359e-05,5.909803e-07,1.4700275e-05,1.0722209e-05,8.34049e-06,2.0283791e-05,1.9744572e-05,1.9744572e-05,5.9395023e-07,3.91427e-05,9.961048e-12,1.341002e-05,8.2456815e-08,1.06951575e-07,1.06951575e-07,1.0301714e-07,2.8364846e-06,5.9327174e-08,0.12287819,1.1998453e-08,0.00012636754,0.026320219,9.4870215e-05,0.00056564785,5.435065e-09,7.3274696e-06,1.7046332e-10,2.5344509e-08,5.696629e-08,0.00044983055,0.0024160165,0.0012256799,1.9983507e-05,0.0016467919,0.5198835,0.29194987,0.0055277664,0.35086414,0.25312623,0.6825507,0.29830033,0.3035148,0.32729945,0.13056125,0.41243556,0.22542635,0.24021266,0.5359859,0.33424348,0.83585626,0.85189897,0.17937644,0.56211483,0.47342825,0.43424737,0.036387462,0.007544096,0.66575193,0.4438699,0.17869009,0.543719,0.38358355,0.004123032,0.21403517,0.8364875,0.04069305,0.24241741,0.33741808,0.17039339,0.053488728,0.4960545,0.6575964,0.34850183,0.7429692,0.23613316,0.5572419,0.13547634,0.14550227,0.20453778,0.5700226,0.24764924,0.47257057,0.2670949,0.6027611,0.5584069,0.74061126,0.21056502,0.7139006,0.9440955,0.19007502,0.27337915,0.77263767,0.28195164,0.7008189,0.000564135,0.5310601,0.3832632,0.09642931,0.2932329,0.57512915,0.44953883,0.0001829403,0.3595689,4.985343e-05,0.26561725,0.38337043,0.006302232,0.4649728,0.73436767,0.4013352,0.029480118,0.8047732,0.2833009,0.9900042,0.3727178,0.29509228,0.36499736,0.65133154,0.2370232,0.1286907,0.4318377,0.4215283,0.0007623228,0.49242947,0.25783306,0.41999063,0.35055664,0.010982206,0.49475265,0.5372156,0.2659796,0.8621757,0.7615402,0.41602358,0.17652963,0.5172577,0.6832292,0.19536088,0.23079023,0.29742718,0.5155451,0.018010568,0.29778892,0.18118772,0.38845634,0.2935185,0.2762204,0.41229397,0.05977843,0.7923432,0.4364205,0.7594528,0.025369678,0.59868467,0.35855734,0.5376589,0.71356076,0.6976477,0.39228436,0.64695555,0.9276596,0.43939173,0.4913887,0.15655969,0.13559784,0.74078864,0.839643,0.5168804,0.017866632,0.42698964,0.24936461,0.48253813,0.3944887,0.29154745,0.17690165,0.44091365,0.011282614,0.26664847,0.5879192,0.30832067,0.83661115,0.009639683,0.15938778,0.1485606,0.45576033,0.3392879,0.43346095,0.06939369,0.23893602,0.55296963,0.11298403,0.7146173,0.19941545,0.43644837,0.3889328,0.48242885
BC2026_Train_0009_S09_20250828_000000_50,0.009388064,4.0923467e-05,0.012232512,0.00017992634,1.6485961e-08,0.25408816,0.026178362,0.102366515,2.8530664e-08,4.1413987e-06,0.001774287,0.009101545,0.00701236,2.902949e-09,3.6218447e-07,1.5021548e-06,0.0012057777,0.00031240238,1.2478559e-05,0.023487102,0.21520995,1.5534679e-09,0.101605356,8.462989e-06,2.9294876e-07,1.7038585e-05,4.0155886e-08,0.31575355,1.2847108e-05,0.0152917905,8.458779e-05,1.002182e-05,5.7454792e-05,3.7568557e-06,1.7960338e-07,5.1742564e-08,3.386572e-06,8.84688e-06,1.1718946e-05,6.6039576e-07,1.2940621e-05,9.838019e-06,1.074907e-05,1.985624e-05,2.5781852e-05,2.5781852e-05,6.405727e-07,4.693366e-05,8.149654e-12,1.2014063e-05,8.685458e-08,1.1076176e-07,1.1076176e-07,1.0609902e-07,3.4001202e-06,6.844766e-08,0.123243146,1.7736411e-08,0.00010049235,0.040407706,0.00010295225,0.00040969191,7.082467e-09,8.06355e-06,2.5732358e-10,1.3804999e-08,4.080526e-08,0.000692905,0.0022895276,0.0013551438,2.015863e-05,0.0037007288,0.35150826,0.32704568,0.0063082105,0.45220265,0.2515785,0.68207103,0.35105765,0.30381718,0.30069172,0.16638288,0.47567627,0.27601817,0.20094547,0.5630931,0.34783033,0.8364536,0.6939658,0.17669412,0.5660742,0.6261545,0.44782525,0.068128206,0.01159877,0.5042426,0.3819533,0.23264375,0.59079444,0.3068879,0.0064312518,0.14079054,0.71290684,0.077031076,0.52879393,0.38111213,0.3328683,0.07195838,0.47370595,0.5596866,0.2124947,0.80439734,0.27032727,0.56885254,0.11401063,0.15051621,0.26502126,0.5152781,0.22849669,0.5389404,0.2668295,0.75374436,0.5776146,0.6466333,0.4570782,0.6223185,0.9483664,0.19992937,0.41129383,0.70090353,0.24919651,0.699423,0.0015291244,0.38580102,0.39690137,0.114640854,0.17355292,0.5813487,0.48992407,0.00023524862,0.32886082,0.0001849251,0.39697284,0.33632454,0.0075595095,0.35216698,0.66049343,0.29118308,0.048950735,0.802115,0.27164906,0.97487026,0.41262332,0.25676787,0.3515066,0.5700579,0.33249187,0.13037483,0.35651028,0.32173842,0.0019089738,0.54062164,0.32430992,0.48045242,0.32035938,0.0060590846,0.44152966,0.43023965,0.33586663,0.9040346,0.6339701,0.45198956,0.30429617,0.5706345,0.55720735,0.30442306,0.3775255,0.37485376,0.6958193,0.023300624,0.22646762,0.1638777,0.38425198,0.48041734,0.24896191,0.4664131,0.09858318,0.7222114,0.40294743,0.591575,0.033743188,0.5683232,0.45010754,0.46817052,0.6036523,0.8350106,0.58860695,0.8931852,0.9532245,0.20530191,0.4363051,0.16139172,0.2613502,0.6290399,0.865843,0.5197788,0.037165448,0.6511252,0.30370164,0.55612725,0.6151364,0.32225966,0.27379507,0.39556515,0.016781358,0.10838957,0.45363644,0.3235174,0.81991976,0.010636742,0.27853975,0.13953407,0.26304784,0.2397344,0.52574146,0.10544186,0.26981813,0.589759,0.15183552,0.67677253,0.19146667,0.34565258,0.4630012,0.5636644
BC2026_Train_0009_S09_20250828_000000_55,0.006154317,4.2387812e-05,0.008247443,7.610202e-05,1.7029116e-08,0.30418736,0.020848496,0.07080661,3.016171e-08,4.9705254e-06,0.001384691,0.008441253,0.004528998,2.7973421e-09,3.796219e-07,1.6857514e-06,0.0009361732,0.0003851563,8.126222e-06,0.025625383,0.07828832,1.0690069e-09,0.08923615,3.503133e-06,2.3857294e-07,2.2719634e-05,1.4986524e-07,0.29969934,2.2651237e-05,0.019496676,9.271296e-05,1.3157535e-05,4.6654113e-05,7.818932e-06,1.7636548e-07,6.745977e-08,3.839186e-06,1.2567489e-05,1.0652761e-05,7.334242e-07,1.3836949e-05,8.926585e-06,9.118614e-06,3.582588e-05,1.781709e-05,1.781709e-05,5.406754e-07,2.7858548e-05,7.724791e-12,1.2921103e-05,9.192599e-08,1.1867238e-07,1.1867238e-07,1.0660265e-07,3.2530054e-06,6.9193185e-08,0.12240486,1.1633926e-08,0.00014991601,0.026701672,6.481344e-05,0.00044430626,6.1816463e-09,6.8920713e-06,3.1042635e-10,2.5151056e-08,4.156101e-08,0.00075859466,0.002506131,0.0008947771,1.9894078e-05,0.0025206855,0.43425784,0.34263626,0.0055810665,0.42055994,0.33313304,0.7352317,0.6030715,0.44761884,0.4034447,0.14545336,0.41717297,0.07401738,0.21182978,0.5000711,0.56568503,0.5469764,0.7029736,0.20616361,0.5126739,0.47529778,0.2505368,0.010698509,0.006001898,0.48238125,0.3261215,0.27588284,0.49372366,0.34734824,0.004441212,0.140293,0.8193584,0.11407178,0.60173905,0.3588146,0.3088717,0.08269232,0.5049414,0.6060523,0.33402392,0.87465453,0.45989645,0.6947807,0.14140771,0.117513314,0.31166625,0.4119813,0.25104848,0.72258514,0.39756048,0.6651668,0.6658851,0.6260556,0.5286588,0.32351646,0.42156053,0.22245926,0.45385772,0.91749436,0.28841493,0.7626348,0.0009833989,0.40358147,0.4471811,0.10787537,0.123887494,0.68339056,0.5292744,0.00026413158,0.18926676,0.0001646636,0.4215501,0.5347548,0.0058367033,0.21481417,0.6075676,0.3573185,0.012556508,0.466424,0.22575276,0.44782135,0.4231789,0.36468968,0.41067946,0.83575284,0.2517209,0.18338682,0.33891362,0.22496963,0.00032785547,0.41278425,0.2795758,0.48571926,0.44359764,0.008949788,0.5474229,0.37645027,0.47460002,0.7979582,0.6590549,0.1502994,0.35147026,0.6191218,0.18621472,0.31351176,0.300641,0.27168474,0.7847486,0.03575861,0.13990776,0.30308798,0.34187642,0.51150006,0.24809009,0.20960595,0.07309312,0.61993957,0.40189153,0.8608811,0.03908872,0.83522886,0.21262921,0.59130484,0.7890947,0.7524349,0.5932701,0.87208176,0.64810777,0.3200848,0.46547425,0.1620501,0.16809402,0.71749604,0.5953381,0.6453962,0.023293253,0.69745094,0.3227987,0.41323033,0.46953946,0.34221733,0.20942171,0.55827653,0.018613312,0.82649094,0.4932294,0.34050962,0.5726997,0.012675355,0.2412687,0.1795811,0.18580417,0.27081206,0.29224867,0.08373238,0.28465995,0.5360754,0.10248159,0.5620887,0.14696443,0.25763178,0.4322452,0.6644418
BC2026_Train_0009_S09_20250828_000000_60,0.004636584,2.1938478e-05,0.009453486,6.399319e-05,1.8651551e-08,0.30614534,0.04927233,0.120616026,7.278225e-08,6.650056e-06,0.0022264398,0.008127554,0.009641924,2.9806493e-09,4.156071e-07,8.798824e-07,0.0011768594,0.00042626992,1.0043188e-05,0.044907115,0.1393032,9.818204e-10,0.19272734,4.1338035e-06,1.4695479e-07,1.738452e-05,5.045847e-08,0.2349757,1.897731e-05,0.017495828,8.234768e-05,6.806321e-06,3.5150937e-05,4.1054977e-06,1.8423933e-07,4.3625153e-08,2.6776306e-06,1.1179941e-05,9.560832e-06,4.875439e-07,1.2052199e-05,6.4625356e-06,9.686315e-06,1.668605e-05,2.0919912e-05,2.0919912e-05,4.0893025e-07,2.0885751e-05,5.8542086e-12,1.1432433e-05,6.477328e-08,7.980685e-08,7.980685e-08,9.237131e-08,2.2978272e-06,8.380278e-08,0.122440204,1.2065115e-08,0.00012846143,0.022999048,0.000104439256,0.0005818528,5.326673e-09,8.591966e-06,2.5927002e-10,4.3591672e-08,6.3699275e-08,0.000532075,0.0022636463,0.0008050613,1.9801451e-05,0.002751064,0.5481952,0.28091595,0.007483106,0.43334725,0.34607178,0.7421192,0.25567037,0.48719105,0.22872742,0.11041782,0.52581877,0.26200345,0.21570441,0.6415762,0.5977563,0.7672896,0.8166582,0.22298197,0.4082891,0.47916213,0.5759767,0.04546192,0.00939851,0.5972538,0.4136861,0.41605243,0.4515328,0.3108232,0.00344348,0.34843153,0.85978967,0.11013804,0.57781816,0.5078207,0.2950189,0.13142203,0.709964,0.47282326,0.23498885,0.81722087,0.24996226,0.5692149,0.15424901,0.19700575,0.3865957,0.61537963,0.26825497,0.8111145,0.36636052,0.6368673,0.5926033,0.8586472,0.41314727,0.39201325,0.4330091,0.1966726,0.4007448,0.7415377,0.16550235,0.67790264,0.0016270507,0.48636407,0.54346097,0.08959312,0.21681078,0.6636177,0.50592184,0.0005379747,0.288725,0.00015945708,0.27378485,0.37975466,0.0079681575,0.26916385,0.6182083,0.48652402,0.02741525,0.54895467,0.35672885,0.46382743,0.37890133,0.2852168,0.33033824,0.48730162,0.28534403,0.14528376,0.31503904,0.43454304,0.00024244476,0.44499344,0.49061742,0.6069955,0.264753,0.006270353,0.24360235,0.3779559,0.37308097,0.89755183,0.8627065,0.18005872,0.30133224,0.5799898,0.159445,0.45326078,0.31664312,0.29066494,0.5265851,0.04039403,0.26168457,0.19958937,0.2766951,0.44527152,0.20230483,0.3750309,0.08800985,0.7849541,0.41969413,0.8366247,0.034166504,0.9800662,0.26476318,0.49047303,0.7260123,0.5987217,0.43276837,0.85594964,0.5378327,0.36040118,0.4619557,0.2033407,0.14910834,0.67186093,0.552875,0.5186383,0.027364712,0.55398947,0.27800575,0.47191533,0.46941602,0.36452204,0.25918385,0.4280704,0.016025374,0.84980065,0.5299209,0.36408558,0.6974812,0.0052527683,0.24840604,0.17892744,0.40241757,0.59167564,0.2988986,0.092329025,0.36508086,0.7055659,0.15076387,0.5748853,0.36774653,0.39056805,0.4000895,0.6022036
BC2026_Train_0010_S09_20250828_000000_5,0.00541273,5.1640218e-05,0.008419077,0.0006842122,1.543962e-08,0.29838458,0.02179582,0.029607013,7.601474e-09,4.2025767e-05,3.5578905e-05,0.008293252,0.003714033,4.2005124e-09,5.1857546e-07,5.7692637e-07,0.0026139452,0.0008005225,1.3642775e-05,0.065030955,0.062175777,1.7021797e-09,0.0637171,1.1113498e-06,5.9707145e-07,2.5343477e-05,5.420515e-09,0.25070333,7.978177e-05,0.04955782,0.0001997128,1.7700242e-05,4.087025e-05,9.708137e-06,1.782813e-07,8.9473616e-08,4.5158326e-06,1.0272056e-05,1.2161903e-05,1.0792759e-06,1.33444355e-05,2.4358698e-05,6.876268e-06,2.667062e-05,1.37346615e-05,1.37346615e-05,1.0305189e-06,1.8001636e-05,1.7277376e-11,1.3253796e-05,1.3845298e-07,1.7924712e-07,1.7924712e-07,1.7336583e-07,6.16345e-06,5.76338e-08,0.12471798,3.7962803e-08,0.00012399345,0.042191364,2.8343416e-05,0.0005512633,1.5354444e-09,1.2701595e-05,4.5562573e-10,5.150233e-09,1.3508037e-07,0.0015159574,0.0027652027,0.006067531,2.0072213e-05,0.00074607675,0.1837187,0.24711004,0.01189434,0.6620245,0.34890634,0.83992416,0.33145183,0.2617642,0.25872558,0.124855176,0.25449553,0.102268025,0.18391505,0.48612827,0.39642662,0.82694227,0.5067544,0.113029644,0.62606186,0.42711034,0.06323688,0.3581887,0.01955285,0.7999351,0.20991097,0.16949901,0.86447215,0.12797318,0.0016752386,0.07153676,0.8282653,0.07280723,0.50945705,0.468561,0.29434913,0.04821053,0.2149205,0.44893157,0.1475427,0.8546582,0.18650724,0.5782502,0.21037887,0.3404436,0.12970212,0.50302863,0.21446754,0.474686,0.562882,0.7695392,0.38686603,0.41515565,0.34113702,0.2615341,0.5153755,0.24914739,0.21541534,0.8741822,0.19357881,0.631985,0.0026898233,0.2657802,0.25970167,0.06738899,0.33888453,0.7511055,0.80188197,0.0009985424,0.13410844,0.00023134395,0.22967273,0.3532231,0.005519962,0.2374408,0.6446908,0.39352426,0.012715803,0.6329488,0.22939616,0.94222623,0.47184807,0.47061452,0.3956356,0.51437825,0.53886265,0.19021887,0.27601576,0.20662741,7.184669e-05,0.4974785,0.36051205,0.49983105,0.14140233,0.045869295,0.8603465,0.13123773,0.20099948,0.68568027,0.66885257,0.09530858,0.18072367,0.4445424,0.08416178,0.5740421,0.17518462,0.30470687,0.51924324,0.021129506,0.0786433,0.11082046,0.18386024,0.2892881,0.34878746,0.06898628,0.028421862,0.35666293,0.2625967,0.8007482,0.035893984,0.4016121,0.6026797,0.57777154,0.49742326,0.50436854,0.26034743,0.48834008,0.57958806,0.6249166,0.58460915,0.18507162,0.14150341,0.7756275,0.778054,0.59706736,0.025485767,0.50043344,0.18612705,0.68063,0.71788585,0.28624552,0.12983666,0.48537353,0.039358612,0.66119295,0.6092177,0.3060564,0.606096,0.013482256,0.42977935,0.25786757,0.11564102,0.13499567,0.16907082,0.039987594,0.1454506,0.2998405,0.06643354,0.38222858,0.06328431,0.1743844,0.43440878,0.50495213
BC2026_Train_0010_S09_20250828_000000_10,0.0041515776,5.480653e-05,0.009849312,0.0012470646,1.7044107e-08,0.27749804,0.016778087,0.03109837,1.4768301e-08,2.6782818e-05,2.4692354e-05,0.009507355,0.0036390852,4.1933843e-09,4.7389335e-07,6.800624e-07,0.0030464784,0.0006491233,2.278134e-05,0.17470391,0.047644656,3.490438e-09,0.06804387,1.5669525e-06,2.3321736e-06,2.6771171e-05,8.794175e-09,0.22691546,0.00010720433,0.041859288,0.00025448058,3.0787367e-05,6.506665e-05,2.043239e-05,1.7979895e-07,1.2636069e-07,5.96556e-06,1.8887613e-05,1.3915591e-05,1.3851463e-06,1.8193641e-05,3.4757635e-05,9.844306e-06,5.3448814e-05,2.1955368e-05,2.1955368e-05,1.1683451e-06,1.8221697e-05,1.9495993e-11,2.2150069e-05,1.631302e-07,2.1326667e-07,2.1326667e-07,2.0341452e-07,8.114028e-06,6.083193e-08,0.1242692,2.3620002e-08,0.00011075506,0.1150448,3.142868e-05,0.00071282097,1.9259896e-09,1.8577904e-05,9.478802e-10,1.6904822e-08,1.2773263e-07,0.0014795152,0.0031770638,0.00423682,2.0010486e-05,0.0007094792,0.21184064,0.27845162,0.028689016,0.5594836,0.34257635,0.8210349,0.34075615,0.2738286,0.4974824,0.11745468,0.2505855,0.07743269,0.20366128,0.5049484,0.24815314,0.48675412,0.5032706,0.11685829,0.5292005,0.39526236,0.07439374,0.37372378,0.0128667345,0.50226873,0.18199581,0.18699254,0.6040792,0.16684711,0.0025409837,0.046549585,0.8777877,0.103944965,0.7577456,0.33707067,0.59376657,0.04687571,0.24292515,0.311361,0.12710309,0.9233286,0.10874675,0.49697554,0.2712646,0.20748042,0.0925767,0.5733684,0.28470275,0.58141655,0.64424056,0.7505775,0.5813103,0.53028786,0.33068934,0.1742099,0.43869972,0.20125227,0.24850896,0.91506594,0.2939056,0.6625002,0.00835225,0.23699896,0.23385707,0.080065005,0.35989007,0.7761691,0.7784697,0.0006368988,0.17689778,0.00017103736,0.43756106,0.47477287,0.005003021,0.19898427,0.6603545,0.37877488,0.02284392,0.6435554,0.29412866,0.34437084,0.64863276,0.35557428,0.3830348,0.5947749,0.55552274,0.45548874,0.32217476,0.17925124,5.0901104e-05,0.45311427,0.2354185,0.6028842,0.16519742,0.05076019,0.85881793,0.21430163,0.15981996,0.72299653,0.5775906,0.08175559,0.14311083,0.37599835,0.03606763,0.60199726,0.16785702,0.2745227,0.7673724,0.041515585,0.06203457,0.06555575,0.20104907,0.5595577,0.41982406,0.06915041,0.055852935,0.24499732,0.31175676,0.6526127,0.06028833,0.40984333,0.43567166,0.49389765,0.6400101,0.5270408,0.4541379,0.5565219,0.6716083,0.53241295,0.43666846,0.13949755,0.27407923,0.72323215,0.42789993,0.62041336,0.044269033,0.75509924,0.16205306,0.51149577,0.49054995,0.31538084,0.090764314,0.6119928,0.03147896,0.5276832,0.6766414,0.34625354,0.42560688,0.0644793,0.5900804,0.2242522,0.10605251,0.07846891,0.30047137,0.05588794,0.2171293,0.32618973,0.08624756,0.24371019,0.061634738,0.24747899,0.6847373,0.631755
BC2026_Train_0010_S09_20250828_000000_15,0.0059600933,3.482145e-05,0.009490669,0.0010082646,1.6397225e-08,0.25763103,0.016493162,0.02403273,1.2753276e-08,2.9955578e-05,1.6093623e-05,0.0073768804,0.0038235309,4.72615e-09,4.834763e-07,3.8069894e-07,0.0036606228,0.0009458861,9.2133505e-06,0.087525934,0.047716975,2.50098e-09,0.07868333,8.28143e-07,1.7475033e-06,2.4026773e-05,8.103547e-09,0.1994374,4.668806e-05,0.03175568,0.00011616188,1.0134926e-05,3.1685235e-05,1.8558603e-05,1.8428146e-07,9.108372e-08,3.2652613e-06,1.4319794e-05,9.135117e-06,1.0029164e-06,1.3957122e-05,1.7997136e-05,8.581721e-06,1.8771694e-05,2.0869486e-05,2.0869486e-05,8.563572e-07,1.3223332e-05,1.4002075e-11,1.5866623e-05,1.3139011e-07,1.6875443e-07,1.6875443e-07,1.603026e-07,5.4864595e-06,5.9283686e-08,0.12389297,3.3126923e-08,0.00014151917,0.075836465,3.9910163e-05,0.0006347269,2.2689743e-09,1.3159777e-05,2.9207034e-10,1.0311157e-08,1.17809336e-07,0.0017392677,0.0019023727,0.0054024253,1.9831477e-05,0.0008298472,0.17382812,0.2119306,0.011980444,0.44373557,0.2689617,0.7027439,0.22600444,0.21287823,0.38515735,0.22824912,0.39938086,0.0747326,0.235818,0.4442316,0.2361478,0.5235859,0.40770423,0.1492427,0.61014706,0.30975994,0.06286996,0.0637023,0.0108747315,0.8029629,0.20615646,0.091461256,0.45236135,0.18935826,0.0024384388,0.044723924,0.9019238,0.15366608,0.74834263,0.310266,0.2842064,0.06086657,0.28589198,0.28024328,0.14653057,0.8755375,0.09862621,0.4580892,0.45323074,0.15897477,0.10324234,0.47320047,0.19950704,0.6027809,0.5863325,0.5666487,0.51213,0.4493691,0.43599102,0.25051028,0.5740729,0.16597825,0.19273469,0.65657693,0.28729457,0.7453267,0.0018015106,0.19093974,0.3240721,0.09937026,0.29569522,0.6501389,0.67391616,0.00034330063,0.122794494,9.366842e-05,0.42241573,0.43121403,0.007014636,0.12661198,0.53211933,0.4224107,0.0075134467,0.5487736,0.62354165,0.45875198,0.3545436,0.44623765,0.3517457,0.30572382,0.3771961,0.22721577,0.21004139,0.10976438,4.7539535e-05,0.3508432,0.15509093,0.4907572,0.17142345,0.02983812,0.66107917,0.10641628,0.21544668,0.66483504,0.62895995,0.053132653,0.13937804,0.33120984,0.04800119,0.4010912,0.16087392,0.22912425,0.47566602,0.045784388,0.059657235,0.071539216,0.19862175,0.3923426,0.264791,0.06927495,0.047897946,0.21377878,0.26664066,0.95776355,0.13093153,0.45739222,0.27987272,0.62801045,0.50087076,0.41388503,0.3791156,0.5502532,0.50710505,0.40867287,0.3129642,0.2900249,0.16046914,0.49490067,0.47105494,0.65347755,0.052463446,0.6612636,0.14692447,0.5501851,0.39267778,0.277575,0.10087144,0.4515132,0.025710335,0.97336835,0.5742957,0.22981003,0.45075202,0.019322673,0.543305,0.21032971,0.080762856,0.18182696,0.23846251,0.045898452,0.14002676,0.4225234,0.0858055,0.29169345,0.042864934,0.38517764,0.40162227,0.48848203
BC2026_Train_0010_S09_20250828_000000_20,0.005483195,3.1276926e-05,0.008328616,0.0017950565,1.6839229e-08,0.19715181,0.018802734,0.036777176,5.3690536e-09,1.4844825e-05,2.0218618e-05,0.010775278,0.0034000904,3.9290113e-09,4.17533e-07,3.22015e-07,0.0030825918,0.00065423717,4.4471535e-06,0.054688253,0.041659318,2.1366706e-09,0.10244194,6.360607e-07,4.7983735e-07,2.0524809e-05,3.1074405e-09,0.20949113,3.39569e-05,0.023521887,9.022068e-05,9.4227025e-06,2.5169937e-05,6.765289e-06,1.82322e-07,5.434722e-08,2.6366852e-06,1.1486626e-05,5.5873916e-06,5.895628e-07,1.0192792e-05,1.0745915e-05,6.0011207e-06,1.486815e-05,8.662228e-06,8.662228e-06,5.651257e-07,1.1314957e-05,1.1137861e-11,1.1660046e-05,8.183366e-08,1.07086024e-07,1.07086024e-07,1.0028937e-07,3.4031423e-06,6.55775e-08,0.124622956,2.1830617e-08,0.00014359088,0.07538741,3.2665317e-05,0.0004965872,2.3543438e-09,1.0044697e-05,1.47549e-10,8.290017e-09,9.199594e-08,0.001193848,0.0014250451,0.002151575,2.0121315e-05,0.0007771938,0.15996696,0.36634767,0.0077314293,0.42673802,0.24672809,0.75552124,0.31947526,0.22540064,0.2354862,0.17784116,0.3328681,0.073910624,0.21742284,0.40825737,0.30525005,0.78920186,0.43633768,0.12119185,0.60737693,0.37029886,0.056035195,0.031736042,0.008965004,0.5446508,0.26122734,0.09127123,0.85904616,0.10495815,0.0014626754,0.052834712,0.8363135,0.089818135,0.6664075,0.42037132,0.34143072,0.0633808,0.25273848,0.38938087,0.18061514,0.8912347,0.12223202,0.71703905,0.24163875,0.32803175,0.08833757,0.47361526,0.2412797,0.54706764,0.4655824,0.5992813,0.3782885,0.42059594,0.43575808,0.30078968,0.649346,0.17729148,0.22651668,0.7606607,0.17815241,0.61904466,0.0015216749,0.31952044,0.33354902,0.08103428,0.17199963,0.62963456,0.5027847,0.00045449202,0.12321369,7.750372e-05,0.20248313,0.30240783,0.0027543826,0.20789114,0.5483437,0.51730835,0.006813799,0.739539,0.32936215,0.91854334,0.3979974,0.43322363,0.2813238,0.36074945,0.3846866,0.2602909,0.2291591,0.1843733,0.00024531895,0.3929944,0.15134947,0.39284042,0.19677675,0.015195032,0.50386965,0.22612283,0.21643078,0.7469945,0.6197284,0.08010723,0.14152645,0.386682,0.07894588,0.2530284,0.08777832,0.34410164,0.41511437,0.020173205,0.0353789,0.09781897,0.19324616,0.3631775,0.25176123,0.0836313,0.033452004,0.34638304,0.22188738,0.9570879,0.03484319,0.3314824,0.46473616,0.7817333,0.5099968,0.4304082,0.23236479,0.57814825,0.5473086,0.3254471,0.48517558,0.2381785,0.13679399,0.5158827,0.72307825,0.46165174,0.0283614,0.590114,0.16316737,0.6437781,0.5753517,0.24144037,0.092926964,0.49926737,0.018771125,0.9107583,0.5742175,0.2584115,0.64781505,0.012472322,0.35277078,0.4258776,0.077834114,0.13522191,0.19883929,0.02166321,0.23131214,0.30189532,0.07104503,0.30837607,0.055827554,0.20532162,0.49932894,0.4728919
BC2026_Train_0010_S09_20250828_000000_25,0.0067870044,3.3628367e-05,0.009827805,0.001766516,1.630931e-08,0.22834477,0.017113702,0.02894078,1.4497972e-08,2.319259e-05,2.4113235e-05,0.009104809,0.0045757573,4.648903e-09,4.3398308e-07,4.3010493e-07,0.010358836,0.0006555032,7.688539e-06,0.072794475,0.101087466,1.9895103e-09,0.066741526,1.0619306e-06,1.2282175e-06,2.140781e-05,6.436821e-09,0.1682285,5.2505668e-05,0.025040608,0.00010424495,1.6271206e-05,2.4183832e-05,8.793867e-06,1.864622e-07,7.794295e-08,2.9536677e-06,1.0703839e-05,8.325678e-06,8.1599427e-07,1.2018357e-05,1.1421313e-05,8.005027e-06,2.7582944e-05,1.5477213e-05,1.5477213e-05,7.035822e-07,1.3188597e-05,1.2859518e-11,1.2622579e-05,1.1305085e-07,1.4692944e-07,1.4692944e-07,1.3780901e-07,4.558788e-06,5.923661e-08,0.12461003,1.8586519e-08,0.00014137215,0.08337972,3.762197e-05,0.0008320182,1.6948922e-09,2.1122658e-05,4.7308846e-10,8.224005e-09,9.791608e-08,0.0016390977,0.0024305866,0.002340728,1.9803312e-05,0.0010036916,0.19207206,0.2845459,0.008013136,0.46125844,0.3291737,0.7515097,0.34337658,0.1747185,0.28605887,0.1636824,0.29930854,0.20848264,0.2436691,0.42670822,0.22086863,0.63754743,0.66459835,0.13712987,0.69747,0.48222283,0.07506708,0.02358057,0.011629827,0.861964,0.25199378,0.08417549,0.5154269,0.14526117,0.001654742,0.06555107,0.8979251,0.11635648,0.69549435,0.47318912,0.33246195,0.0967362,0.26774678,0.40142682,0.2282043,0.8029066,0.17459795,0.56861633,0.42068994,0.24735445,0.12204457,0.5658185,0.22513169,0.5057794,0.5793407,0.4335424,0.50858563,0.5520911,0.41874194,0.33017325,0.40891978,0.16729899,0.2883509,0.84528035,0.21587461,0.7528601,0.0010599892,0.28952166,0.3260172,0.07612897,0.32188076,0.60302955,0.4351833,0.00028495208,0.23478678,8.247589e-05,0.41616556,0.36631042,0.0045840517,0.37451586,0.52717704,0.30329812,0.004531944,0.6351483,0.46300775,0.5497825,0.5125156,0.2562975,0.38505057,0.3690525,0.33804715,0.32331824,0.23187232,0.14259942,0.00013429296,0.5442143,0.15135944,0.41254407,0.19775417,0.025413973,0.59356135,0.15647182,0.24171409,0.64036775,0.6222963,0.087438606,0.1523326,0.48371547,0.071935385,0.34567448,0.19887094,0.3103505,0.6210295,0.037182245,0.03898946,0.1138699,0.25592068,0.43809792,0.29603657,0.117321834,0.040981177,0.2288295,0.2610163,0.96524054,0.032330133,0.40603268,0.32887554,0.60152125,0.5755505,0.5739952,0.37984833,0.68651694,0.56247354,0.4741469,0.4397097,0.3297425,0.119972594,0.61066186,0.54764485,0.5005228,0.032716878,0.7575323,0.14844751,0.44327426,0.3932628,0.2793751,0.110714,0.5253691,0.028294548,0.7600082,0.5152869,0.26532775,0.49393037,0.016740793,0.32255936,0.30102047,0.16975756,0.14696111,0.30179915,0.032784756,0.16713278,0.37912676,0.07234731,0.31044605,0.0714846,0.33309582,0.5333734,0.57370913
BC2026_Train_0010_S09_20250828_000000_30,0.00498792,2.8888113e-05,0.007727879,0.00040530335,1.6795251e-08,0.2520074,0.016517427,0.026139233,1.1460688e-08,1.5518572e-05,2.595062e-05,0.010771921,0.0048068087,4.561957e-09,3.9230886e-07,3.4863197e-07,0.0024637156,0.00066303916,1.2293127e-05,0.067359224,0.07225094,1.8196188e-09,0.08461827,3.8574854e-06,9.588321e-07,2.1257974e-05,5.8411493e-09,0.22605202,4.349656e-05,0.026790408,0.00016242468,1.1986946e-05,2.8235503e-05,1.4376448e-05,1.841695e-07,7.1321445e-08,3.1398292e-06,1.19903925e-05,8.26619e-06,8.4270823e-07,1.0794903e-05,1.7346045e-05,7.6938595e-06,2.359339e-05,1.4384411e-05,1.4384411e-05,6.1948833e-07,1.21308585e-05,1.0034933e-11,1.1523965e-05,1.1294223e-07,1.4713179e-07,1.4713179e-07,1.2348049e-07,4.242759e-06,5.9368688e-08,0.12406287,2.5494074e-08,0.00013010847,0.08637489,2.8500952e-05,0.00062292826,1.2508415e-09,9.360049e-06,2.8033373e-10,8.9375565e-09,1.0770539e-07,0.002145912,0.0015229232,0.0027125846,1.990711e-05,0.0008176843,0.1737028,0.40249747,0.0152989635,0.51473534,0.28426847,0.73464483,0.32490212,0.22093457,0.22841085,0.18010882,0.28118956,0.04859881,0.18980175,0.5848823,0.3763075,0.6157406,0.4590483,0.15464379,0.56015676,0.42486984,0.06893786,0.05042209,0.0076483483,0.6294587,0.24365433,0.15421067,0.4808747,0.1229271,0.0016014576,0.07444005,0.9111059,0.102733694,0.64506817,0.33891886,0.36730024,0.057764594,0.2532298,0.35925746,0.16787599,0.93907076,0.14257881,0.57408035,0.23501548,0.1762054,0.11494586,0.6109168,0.28146362,0.5134116,0.39316362,0.6107054,0.49199548,0.39629826,0.41513735,0.19209816,0.40297893,0.18550393,0.21266736,0.7744052,0.14495848,0.69472396,0.0018101789,0.19325002,0.32063174,0.09305054,0.23615515,0.84706765,0.45664623,0.00031000952,0.13023071,0.00014711334,0.22352159,0.35399768,0.003515109,0.2136256,0.5433261,0.41077197,0.0051213643,0.52569455,0.3581085,0.46578166,0.31332695,0.44280243,0.29938358,0.33641437,0.3828551,0.22595549,0.2645213,0.09645512,5.20473e-05,0.36088344,0.1800675,0.55837154,0.18084536,0.023404576,0.7361909,0.19845064,0.2726474,0.70953435,0.5587347,0.071248114,0.17468064,0.43431002,0.04780709,0.29808542,0.117081076,0.3570252,0.5426597,0.039079107,0.049852952,0.07258539,0.19081983,0.34474245,0.25761995,0.09062774,0.057363678,0.33539513,0.2858921,0.94116557,0.029499376,0.33082345,0.3675195,0.6037502,0.57638603,0.50723267,0.25004476,0.73401415,0.39428997,0.40382853,0.50081646,0.19971418,0.13716224,0.70273775,0.57457554,0.59333634,0.025155742,0.69869757,0.1146956,0.5430278,0.51124656,0.32525536,0.10942949,0.41470778,0.019752823,0.9398574,0.68549293,0.2007406,0.52841854,0.013730823,0.49104142,0.30753425,0.12632124,0.15463653,0.23015812,0.036642473,0.19196934,0.33084852,0.073870316,0.27038705,0.04272897,0.23388548,0.43976137,0.63011473
BC2026_Train_0010_S09_20250828_000000_35,0.003536733,3.7563892e-05,0.0085354,0.00039070856,1.6295427e-08,0.24479008,0.032573383,0.049282316,8.424533e-09,2.429178e-05,3.4748624e-05,0.007970321,0.0066857133,5.1334403e-09,4.0727153e-07,3.5236516e-07,0.0043337033,0.00073175697,1.561227e-05,0.180959,0.06099324,4.0816013e-09,0.12913866,7.6576583e-07,8.3753133e-07,2.0465617e-05,9.330328e-09,0.22607803,4.4835455e-05,0.020860733,0.00012677073,1.5904276e-05,3.093429e-05,9.6995855e-06,1.8626704e-07,6.6438886e-08,3.1150282e-06,1.28507045e-05,8.375119e-06,7.8828555e-07,1.2721423e-05,1.6167714e-05,7.2599923e-06,2.5182902e-05,9.735103e-06,9.735103e-06,7.253814e-07,1.6653858e-05,1.2711297e-11,1.546044e-05,1.0800772e-07,1.4016898e-07,1.4016898e-07,1.202606e-07,4.5717356e-06,6.0978536e-08,0.123924404,2.4701523e-08,0.00014161288,0.13469571,4.8647402e-05,0.0006498735,1.2393767e-09,9.666875e-06,3.2393277e-10,1.124277e-08,2.6297823e-07,0.002443752,0.0013322253,0.0029601464,2.00143e-05,0.0008113782,0.13748613,0.18639638,0.014952717,0.46393552,0.27261442,0.60323,0.44783747,0.3437146,0.26323166,0.13301876,0.29277375,0.10051204,0.25669804,0.52967125,0.2732305,0.7981297,0.43962833,0.10049013,0.6941985,0.42811054,0.055046465,0.027961325,0.020593679,0.56430936,0.31204432,0.09699254,0.7131964,0.11654585,0.0012713724,0.049713574,0.84315795,0.061489068,0.7131704,0.5725658,0.29119602,0.072496176,0.21774618,0.35586777,0.14702772,0.94150317,0.100280754,0.55277216,0.18199912,0.2473817,0.13105364,0.3841352,0.22123599,0.49860865,0.7708356,0.589031,0.44895878,0.40682414,0.5095677,0.3026503,0.69445324,0.19448805,0.19875029,0.8762864,0.14229777,0.6234669,0.002563175,0.18459037,0.36815253,0.06529015,0.36721066,0.71972936,0.46934307,0.00024997734,0.18075116,6.808735e-05,0.19898902,0.32767308,0.005198254,0.2915768,0.48858476,0.32593295,0.00791804,0.70280325,0.3930077,0.9378184,0.32328075,0.37168553,0.3113167,0.37839726,0.2776207,0.23864383,0.25966546,0.18315732,0.00040841536,0.40788287,0.23719265,0.44416118,0.16509284,0.024232386,0.77661484,0.14260224,0.17112413,0.7272336,0.6443737,0.13359505,0.1748846,0.339037,0.054487556,0.33646607,0.10040308,0.39289188,0.44874626,0.026855756,0.030893235,0.07955176,0.14398499,0.30036622,0.26748267,0.089295566,0.033476878,0.29240155,0.21784617,0.89238936,0.027381975,0.39030713,0.65022814,0.53077525,0.46421728,0.38045686,0.27586251,0.51593745,0.6648166,0.38913837,0.44734752,0.23686895,0.1675597,0.6365292,0.7727787,0.5449557,0.039240032,0.70356375,0.13136369,0.52104145,0.5688735,0.27256057,0.17809534,0.38708597,0.02024273,0.7678033,0.5155268,0.1701293,0.5503594,0.014020547,0.37214574,0.24253882,0.14106964,0.13339588,0.20011277,0.040237043,0.22882837,0.44459236,0.062197857,0.32577094,0.047933407,0.24552995,0.44758275,0.4712535
BC2026_Train_0010_S09_20250828_000000_40,0.005567016,2.3167433e-05,0.008612409,0.00025355807,1.593618e-08,0.21442202,0.022164322,0.055912696,6.2911045e-09,1.4455624e-05,1.3584044e-05,0.008532674,0.0044700936,4.110992e-09,4.285448e-07,4.595946e-07,0.002923555,0.0005834451,5.112811e-06,0.06904704,0.06578191,2.191772e-09,0.08704182,1.0921062e-06,5.2673084e-07,2.1239923e-05,7.2325066e-09,0.19412845,5.9106063e-05,0.028645268,0.00013026824,2.2255777e-05,2.1425734e-05,9.3342005e-06,1.8544584e-07,6.0869226e-08,3.0715194e-06,9.66059e-06,8.627156e-06,7.153767e-07,1.0845126e-05,1.44985e-05,6.8566846e-06,3.0093404e-05,7.3167835e-06,7.3167835e-06,6.278021e-07,1.4712556e-05,1.04541115e-11,1.0493706e-05,9.7833485e-08,1.2776378e-07,1.2776378e-07,1.1355724e-07,3.8661383e-06,6.04363e-08,0.12472263,1.7149581e-08,0.00018107983,0.05874997,3.6124813e-05,0.0005710179,1.2349759e-09,7.5027074e-06,3.0567904e-10,5.6800586e-09,2.256755e-07,0.0012922096,0.0016458051,0.003315666,2.005895e-05,0.00072637794,0.1145243,0.39401662,0.019923162,0.65898854,0.32122386,0.6587029,0.479459,0.1925098,0.21761546,0.13302138,0.25375777,0.113784015,0.18972081,0.53297645,0.2753079,0.70204985,0.34407163,0.09809584,0.64568263,0.4022558,0.066641465,0.046425145,0.026662411,0.79312295,0.27702194,0.06754847,0.7538282,0.16975082,0.0013866934,0.058682863,0.7761882,0.12306646,0.6833014,0.65836173,0.27953866,0.063888885,0.26303324,0.43495506,0.2527542,0.8436246,0.1222823,0.6423937,0.18727009,0.24391109,0.117776185,0.63376987,0.23480281,0.40841937,0.7500976,0.82187855,0.42535356,0.40959698,0.39314985,0.2595367,0.6057996,0.20218644,0.20519246,0.7851449,0.26888907,0.6654024,0.0011761882,0.21877734,0.40046257,0.06495419,0.62598497,0.82714725,0.5689056,0.00024253225,0.11413037,4.121384e-05,0.25875238,0.31760675,0.010232374,0.26251096,0.54837656,0.5011314,0.010220369,0.7516984,0.32549706,0.88846344,0.48234743,0.44999212,0.305778,0.44179192,0.42631826,0.24119465,0.39134747,0.15902972,0.00018558677,0.44684547,0.17667447,0.48094347,0.1815001,0.02355247,0.6511843,0.19806226,0.19747251,0.70411134,0.64955074,0.064414576,0.15625618,0.46171772,0.06275376,0.5581941,0.16256939,0.30531865,0.4351413,0.031683527,0.03773767,0.078532316,0.19059095,0.3189721,0.56972927,0.09354511,0.04964667,0.34958863,0.30650312,0.9090428,0.04523913,0.4061574,0.5768256,0.7412396,0.4379085,0.40094668,0.27062863,0.5677687,0.5979483,0.44151214,0.46336848,0.18365087,0.19034132,0.49167645,0.64911765,0.52474123,0.083266035,0.7426303,0.16131404,0.5132564,0.60162944,0.36993203,0.09879697,0.33553258,0.023066696,0.5908738,0.51787895,0.17440856,0.64943904,0.009288212,0.38976952,0.26457685,0.15248092,0.14230797,0.34005663,0.02730249,0.16658315,0.3601464,0.06653654,0.33801806,0.10700959,0.18386246,0.44284266,0.5388552
BC2026_Train_0010_S09_20250828_000000_45,0.004565797,3.837333e-05,0.006876193,0.00025058628,1.6158692e-08,0.21708609,0.015129424,0.030179631,9.684693e-09,1.8153843e-05,1.7807157e-05,0.007911116,0.00323519,4.8586792e-09,3.9249107e-07,4.4758985e-07,0.0034776458,0.0006714201,6.8944128e-06,0.08157674,0.057501614,1.7422181e-09,0.15170369,1.6703652e-06,9.4219894e-07,2.2090428e-05,1.1047286e-08,0.22363953,0.00012790512,0.04215384,0.00016259936,2.0519234e-05,3.2447155e-05,1.795406e-05,1.8490493e-07,9.66486e-08,3.9138854e-06,1.5520915e-05,8.760066e-06,1.0248662e-06,1.4033645e-05,1.8795272e-05,9.816857e-06,3.2983953e-05,1.7612692e-05,1.7612692e-05,8.547472e-07,1.5650707e-05,1.5347444e-11,1.528184e-05,1.4436766e-07,1.8195844e-07,1.8195844e-07,1.6234475e-07,5.601869e-06,5.7966588e-08,0.12346383,1.7916909e-08,0.00011678479,0.083069146,2.802835e-05,0.00055966486,1.9566457e-09,9.332853e-06,5.144166e-10,1.0605271e-08,1.3232089e-07,0.0019597493,0.0015563063,0.0033136941,1.9905516e-05,0.0008430274,0.17576708,0.22209346,0.017957328,0.5860448,0.29834658,0.58336866,0.3284922,0.3056709,0.2170063,0.10154248,0.32224137,0.10639076,0.1738048,0.4655946,0.21160896,0.5882192,0.41406244,0.103207044,0.5747863,0.29792833,0.06576373,0.10704966,0.012905362,0.39623344,0.24518189,0.12837143,0.51496,0.17072593,0.0021351501,0.047517028,0.75777304,0.08658502,0.66335666,0.39136714,0.33621505,0.06900695,0.2777365,0.32390985,0.1582381,0.94789743,0.08981238,0.45981252,0.2566071,0.13370891,0.11519236,0.37695065,0.20162871,0.4427365,0.6347284,0.5341837,0.39064887,0.3636818,0.45895562,0.1890564,0.44063556,0.2541171,0.20437,0.8029714,0.19359073,0.62221485,0.002052609,0.24388142,0.30403927,0.0791688,0.4985765,0.6985255,0.3797079,0.00028011753,0.13831814,7.497261e-05,0.19642119,0.44624847,0.009107557,0.24834488,0.5226122,0.36665115,0.0109039415,0.50913966,0.41354698,0.28890637,0.27777594,0.4224581,0.36734697,0.35744667,0.24769951,0.31817374,0.2957929,0.11999284,3.258424e-05,0.3297179,0.21794435,0.4085738,0.16269904,0.02989874,0.75379467,0.22815835,0.20651522,0.7398458,0.502518,0.051639125,0.17524713,0.3590532,0.04183817,0.3214271,0.109691955,0.31449872,0.40310997,0.028655224,0.039078664,0.09138472,0.16091582,0.30312848,0.3459485,0.0713224,0.03634266,0.32199025,0.25543642,0.75020695,0.024946287,0.43400148,0.2505386,0.59756666,0.47286323,0.3519357,0.27029273,0.51584285,0.4440914,0.427362,0.39900017,0.17388454,0.13276349,0.6021253,0.5381751,0.49253076,0.046014275,0.7256458,0.16046213,0.479766,0.4283496,0.2948491,0.0818079,0.4177062,0.022597006,0.9509391,0.42559475,0.268362,0.43255892,0.009720937,0.31959262,0.20934664,0.1427173,0.11649806,0.18326195,0.051670585,0.17901227,0.3665627,0.06851545,0.2967867,0.045952734,0.30380905,0.45893022,0.3974984
BC2026_Train_0010_S09_20250828_000000_50,0.0043506254,3.696823e-05,0.008931946,0.00036007003,1.6866954e-08,0.2002304,0.015928108,0.028609712,1.5461143e-08,2.3112385e-05,2.3595878e-05,0.010959871,0.003190129,4.2887587e-09,4.006796e-07,3.4593236e-07,0.0028937138,0.00066482066,1.2233647e-05,0.075856015,0.08360249,1.5480853e-09,0.10679187,8.5001585e-07,7.99011e-07,1.8606377e-05,6.7659376e-09,0.23255652,5.4598957e-05,0.02892135,0.000119712946,1.2620238e-05,2.8639679e-05,1.9079504e-05,1.8381306e-07,1.04970944e-07,4.126575e-06,1.5475936e-05,9.900021e-06,1.0328303e-06,1.4439311e-05,1.7913375e-05,9.125334e-06,2.4054909e-05,1.8994571e-05,1.8994571e-05,8.354553e-07,1.43776215e-05,1.3775463e-11,1.6068334e-05,1.4127464e-07,1.7979353e-07,1.7979353e-07,1.656367e-07,5.3924e-06,5.895366e-08,0.12394948,3.680877e-08,0.00015724558,0.101192236,2.5233798e-05,0.00059410086,1.5614005e-09,8.615583e-06,4.7047144e-10,1.2431247e-08,1.0623448e-07,0.0013930348,0.0015722,0.0025362738,1.983947e-05,0.00078380655,0.1796425,0.2134974,0.010593731,0.54327565,0.3016647,0.7385593,0.3007135,0.21498688,0.18643667,0.15741412,0.32457322,0.046957098,0.1867788,0.46516457,0.26381707,0.48002177,0.32542017,0.11002847,0.59662527,0.41803205,0.061707065,0.06667639,0.014015292,0.46637562,0.2256849,0.119525366,0.5004463,0.17956492,0.0019593548,0.055163775,0.9304971,0.09460129,0.6582105,0.3133698,0.3317086,0.05871125,0.20456278,0.38175693,0.16069534,0.87962234,0.14559767,0.49490324,0.19400814,0.13411905,0.11099551,0.42732322,0.17057209,0.46752867,0.41920042,0.56906736,0.4084732,0.32616553,0.4131011,0.15939485,0.49688855,0.16301107,0.24052304,0.6850738,0.15045203,0.63338095,0.0016760202,0.20207058,0.27269012,0.06664241,0.19087182,0.76845646,0.56478024,0.0002171523,0.15363319,0.00012086236,0.18945317,0.41356063,0.0045530153,0.1385276,0.60445464,0.43121743,0.0075965025,0.495197,0.29537386,0.37899107,0.3050449,0.4145994,0.26606038,0.26186362,0.37235367,0.22282906,0.24795827,0.1505574,4.092291e-05,0.3025103,0.20079298,0.54739887,0.19728516,0.02556126,0.7458262,0.14981411,0.23565547,0.6843473,0.5836634,0.062122595,0.15531419,0.3761703,0.031523027,0.34838712,0.0940592,0.2952256,0.34166694,0.035350215,0.10455727,0.069437,0.17016187,0.315751,0.24178869,0.0729701,0.038547024,0.26609275,0.28867382,0.8655537,0.031549092,0.36175784,0.31436682,0.6001722,0.4845121,0.36612713,0.2519126,0.66747236,0.4475273,0.35721266,0.45267105,0.17037085,0.14780328,0.63090205,0.5369149,0.5297889,0.054004695,0.695137,0.15446073,0.5389439,0.49965048,0.32773513,0.13317294,0.3972401,0.020979093,0.9561108,0.64309144,0.20662001,0.5023544,0.010277759,0.5093343,0.205739,0.082916,0.12223574,0.26642692,0.04316168,0.20704448,0.3341308,0.07599313,0.23931304,0.038361046,0.27353814,0.4064842,0.54258126
BC2026_Train_0010_S09_20250828_000000_55,0.0057253414,3.0688672e-05,0.008470774,0.00019967045,1.6915417e-08,0.22383106,0.018474339,0.04153336,6.324908e-09,1.8177228e-05,2.1011705e-05,0.0111430455,0.0034865967,4.3732884e-09,5.003043e-07,2.9082983e-07,0.003421362,0.0006454977,1.4286233e-05,0.05508594,0.07372986,1.6358682e-09,0.09129273,5.455228e-07,6.016365e-07,1.992751e-05,4.171653e-09,0.24413869,3.0452145e-05,0.02179965,0.00012485187,1.188269e-05,2.0932112e-05,7.2938506e-06,1.8318575e-07,5.1855476e-08,2.5445236e-06,1.0927512e-05,6.4350725e-06,5.62126e-07,1.0238457e-05,1.3729866e-05,5.929816e-06,1.8559322e-05,7.96741e-06,7.96741e-06,5.448221e-07,1.2780017e-05,9.348245e-12,1.1144074e-05,7.9891954e-08,1.0315177e-07,1.0315177e-07,9.498095e-08,3.408554e-06,7.124887e-08,0.12455974,2.0605677e-08,0.00012764687,0.05604944,3.0573243e-05,0.00060551777,8.2507473e-10,6.7943915e-06,2.0119628e-10,8.934902e-09,1.2461936e-07,0.0012505663,0.0016690202,0.0027071945,1.9927138e-05,0.00088508986,0.14809757,0.19294775,0.0059939274,0.44886947,0.26810867,0.6343074,0.42343646,0.25746408,0.23820443,0.13311496,0.22664763,0.08201638,0.25786197,0.5192005,0.3602277,0.8371058,0.35887957,0.107445866,0.74520695,0.4511956,0.074422084,0.02652743,0.010827433,0.6197932,0.35812598,0.08606551,0.80265445,0.12787312,0.0011276227,0.05273455,0.8971103,0.060841504,0.6354756,0.39472744,0.30402383,0.058501277,0.23679458,0.43836993,0.15751003,0.86798805,0.114201136,0.5477112,0.19492567,0.36776274,0.10459128,0.59814286,0.20870627,0.5864027,0.39397317,0.6753194,0.383843,0.4144628,0.49686816,0.3067034,0.68767554,0.17903815,0.17253654,0.8786446,0.24268726,0.63548464,0.0009852923,0.33754724,0.28735918,0.09464756,0.32221228,0.6360039,0.39337465,0.00039721365,0.11813843,0.00011094244,0.20553759,0.32832757,0.0038408623,0.2620318,0.70208555,0.323169,0.010880008,0.69243586,0.31325367,0.9480951,0.31191236,0.3190233,0.2788572,0.39261073,0.28316173,0.21555066,0.24019024,0.13312176,0.00034747596,0.43280765,0.13941671,0.46839336,0.14810559,0.023916725,0.7003326,0.15697028,0.2351512,0.7730056,0.6332757,0.1027253,0.16323683,0.3918476,0.109180436,0.33944207,0.12970169,0.2675792,0.51160693,0.029122083,0.0511721,0.092296764,0.15176713,0.274522,0.18375821,0.10632579,0.041323528,0.27925295,0.26438734,0.9601143,0.029415485,0.3822102,0.48371175,0.5576359,0.47129166,0.38574967,0.22129536,0.54341155,0.66494673,0.57649374,0.47177684,0.25527287,0.12282846,0.6362905,0.79642403,0.48742068,0.03034517,0.7074681,0.1487728,0.6536024,0.66609013,0.31229898,0.14102358,0.46834785,0.014663887,0.75104326,0.7092318,0.2954947,0.70827526,0.011151087,0.4718846,0.2340364,0.13496724,0.15601355,0.2795328,0.021887602,0.15863234,0.36147404,0.07903895,0.33485267,0.041522183,0.2164691,0.47489113,0.6140173
BC2026_Train_0010_S09_20250828_000000_60,0.005774996,4.100863e-05,0.009030775,0.0003560244,1.6149961e-08,0.23807277,0.030742006,0.031194359,1.073063e-08,3.0448937e-05,1.9855184e-05,0.014344498,0.0036174916,5.8012213e-09,4.6932112e-07,5.8532186e-07,0.0028852557,0.00075764285,1.943508e-05,0.06422474,0.052780144,3.0055156e-09,0.12749623,8.485722e-07,5.3714444e-07,2.159388e-05,1.4285076e-08,0.21140537,0.00015120271,0.03161651,0.00013364908,1.5163619e-05,3.111848e-05,6.9972125e-06,1.7990604e-07,7.660898e-08,3.866111e-06,1.7852562e-05,8.405991e-06,7.677353e-07,1.4169636e-05,1.7033331e-05,7.021152e-06,2.4633106e-05,1.7616889e-05,1.7616889e-05,8.0776215e-07,2.0106281e-05,1.5105901e-11,2.0692e-05,1.1002049e-07,1.4154334e-07,1.4154334e-07,1.4487884e-07,4.761188e-06,6.365996e-08,0.12476878,2.8161544e-08,0.00017869406,0.06680303,3.5759193e-05,0.0005253441,1.9754343e-09,1.0644259e-05,5.161746e-10,1.4130028e-08,1.9678383e-07,0.0015309027,0.002190364,0.0035828028,1.999076e-05,0.0009094031,0.14745168,0.37213713,0.010380585,0.45264095,0.26960248,0.6590569,0.27263865,0.18464305,0.28371167,0.16955072,0.2223332,0.0804659,0.18695901,0.479314,0.33846578,0.8435702,0.48130104,0.14417812,0.52886593,0.42952046,0.04965373,0.04161305,0.021540778,0.66155124,0.22245945,0.114446245,0.8963644,0.14555779,0.0018728685,0.044411164,0.7767703,0.093885005,0.6524794,0.51533353,0.39379853,0.09931416,0.26927018,0.42641246,0.22111541,0.7256192,0.078699365,0.52888715,0.20369564,0.36581782,0.10349976,0.4122611,0.22238421,0.63913006,0.7137028,0.6091698,0.42255545,0.39925423,0.38558882,0.29722115,0.51766276,0.18242314,0.19641593,0.84920526,0.30290174,0.63606286,0.0014294903,0.32147807,0.29131,0.06741142,0.5966259,0.6288672,0.5064001,0.0003637774,0.10521101,0.00012856776,0.2136696,0.36580405,0.007831256,0.26043463,0.48840523,0.4085004,0.009898976,0.7169355,0.28914222,0.9054659,0.4840868,0.29954123,0.3180262,0.42309842,0.28212997,0.20376799,0.21003094,0.16505381,0.00023116668,0.36402237,0.14543614,0.34110814,0.174931,0.033712212,0.6635922,0.18042026,0.2353264,0.683396,0.6526762,0.061498433,0.16148254,0.37178308,0.054792143,0.26680142,0.09236506,0.24756956,0.49096677,0.024619356,0.0322997,0.08348511,0.18534714,0.27327433,0.25671053,0.10521515,0.057749193,0.35387522,0.24288686,0.9068146,0.0317216,0.37863344,0.45513546,0.64178437,0.50337124,0.4506048,0.3201199,0.6245806,0.50576454,0.45168707,0.43318382,0.21452725,0.21312529,0.5973272,0.68665516,0.444065,0.044518117,0.65997845,0.23855141,0.70115185,0.56715643,0.32714352,0.14304803,0.40114883,0.019305483,0.88559014,0.4816174,0.24581514,0.6833546,0.01253884,0.3710164,0.23538294,0.1359735,0.1359927,0.1681794,0.030546334,0.18879376,0.3761235,0.09053558,0.3502021,0.056727532,0.16614155,0.42187646,0.5215178
BC2026_Train_0011_S03_20211114_200000_5,0.029732665,7.2430726e-06,0.017740622,0.75510776,1.8081405e-08,0.20827232,0.18905377,0.34806225,2.0795602e-05,0.57985175,0.9826252,0.058949906,0.016542448,5.741734e-09,1.6948057e-07,1.5248488e-05,0.021431737,0.00085264473,3.0181686e-06,0.17297186,0.3771507,9.135429e-08,0.21565646,0.0007183347,0.025157055,2.9728239e-05,1.8409398e-08,0.33022845,3.8832583e-05,0.039912395,2.448482e-05,3.5227429e-06,3.1438017e-06,2.0556001e-06,1.7175077e-07,3.297376e-08,1.0788608e-06,9.4573767e-07,1.8470875e-05,3.6987632e-07,3.460515e-06,1.2113217e-05,3.3143049e-06,3.579687e-06,1.1108821e-06,1.1108821e-06,3.2445251e-07,1.6891049e-06,4.5624446e-12,1.6779088e-06,4.7816794e-08,5.892689e-08,5.892689e-08,1.1319497e-07,2.4365463e-06,3.0534224e-08,0.0019290351,0.02135406,6.711009e-05,0.14210583,0.00036859085,0.0018213394,1.1202656e-06,0.005589831,4.4747546e-07,1.8995994e-08,1.9555543e-07,0.0039364235,0.0012562763,0.0010274209,2.10085e-05,0.000713384,0.20520619,0.3087045,0.01252349,0.34326375,0.29455486,0.629079,0.37772614,0.3957555,0.41109085,0.10583616,0.8813266,0.062377058,0.34057897,0.48311266,0.44683158,0.3501662,0.4283767,0.16711137,0.7052214,0.4434199,0.17356639,0.06288658,0.11480961,0.6322434,0.71850663,0.048661713,0.29253694,0.44929996,0.0015885949,0.4610666,0.6029665,0.051319,0.5478973,0.46576855,0.13043438,0.04749469,0.4291447,0.4987977,0.2159612,0.9295441,0.169294,0.2839875,0.34052014,0.041527204,0.26196915,0.5486151,0.2125026,0.61309785,0.76559454,0.4517555,0.22398677,0.04920043,0.597756,0.32222566,0.290192,0.23051019,0.279683,0.86933476,0.31826097,0.6538768,0.00093178375,0.25326192,0.32940325,0.10385926,0.07912761,0.9101828,0.3937567,0.033051256,0.25056404,0.00012338725,0.2842873,0.26506087,0.020246364,0.18123555,0.40478423,0.15472054,0.055947352,0.34426862,0.3197556,0.116348594,0.43044263,0.29898757,0.1506746,0.4256707,0.26491478,0.22013094,0.024436949,0.36408582,3.560229e-06,0.49035388,0.5797063,0.56118894,0.29076526,0.038618896,0.7277818,0.5012955,0.20785387,0.7336456,0.54572016,0.016403977,0.30137005,0.2641533,0.0068816883,0.56638384,0.08120814,0.645818,0.34921724,0.1392375,0.08304141,0.07442142,0.14503582,0.27071857,0.18866335,0.140288,0.019072147,0.42725697,0.25125968,0.82999754,0.01904456,0.8015394,0.28653267,0.63828754,0.36367735,0.51614314,0.13897528,0.2348289,0.19404696,0.17933495,0.50925493,0.28335282,0.11100601,0.528431,0.4321644,0.650502,0.14889102,0.75150156,0.14120342,0.24004778,0.3565145,0.20693105,0.32367745,0.51858497,0.07659991,0.07624329,0.44601807,0.4889797,0.2178867,0.0042536315,0.067215316,0.14943938,0.20986773,0.22767921,0.14062701,0.024748921,0.4378067,0.5322569,0.07007891,0.4856908,0.08970283,0.15055373,0.37270945,0.5843728
BC2026_Train_0011_S03_20211114_200000_10,0.03159209,6.284188e-06,0.022368038,0.77420276,1.9330239e-08,0.18479629,0.20163867,0.30316937,1.9962317e-05,0.59293616,0.9650332,0.044097144,0.020056153,5.4704854e-09,1.48342e-07,1.2785416e-05,0.011544786,0.00084003253,1.4548204e-06,0.12635963,0.4006854,7.162706e-08,0.16319858,0.0005674529,0.015928319,2.852953e-05,8.157537e-09,0.31422016,3.9034658e-05,0.026879622,2.893695e-05,4.4134276e-06,3.0916972e-06,2.8226523e-06,1.71623e-07,3.5053716e-08,1.0964859e-06,1.0463001e-06,2.025423e-05,4.0047834e-07,3.7159707e-06,1.3276928e-05,3.2792227e-06,4.4899525e-06,1.2298315e-06,1.2298315e-06,3.4302215e-07,1.738754e-06,4.0588483e-12,1.9218173e-06,4.759466e-08,5.991443e-08,5.991443e-08,1.0879862e-07,2.6536595e-06,3.325487e-08,0.0019320505,0.03658316,6.296268e-05,0.15363151,0.00027813725,0.0018583331,9.086791e-07,0.003156768,6.31034e-07,1.2708109e-08,1.7302497e-07,0.004110494,0.0017511604,0.0009005193,2.0971496e-05,0.0007746009,0.29026774,0.2640985,0.010960902,0.35557655,0.3159356,0.64146894,0.27258515,0.2576405,0.4297423,0.08554905,0.86425865,0.06118625,0.33485126,0.50855374,0.30232933,0.38115874,0.5588244,0.16314127,0.731449,0.39594856,0.19617446,0.10582955,0.110311136,0.6245568,0.6365042,0.038062032,0.29065314,0.47604138,0.0017183516,0.31640804,0.60053945,0.04901799,0.45252013,0.49970186,0.21445268,0.040119655,0.40699717,0.41346604,0.21434,0.9603148,0.23388289,0.29241988,0.26075464,0.053210273,0.34611526,0.52427393,0.26191756,0.49699062,0.72027004,0.4829193,0.22105728,0.061932623,0.60436165,0.3312463,0.26189327,0.21445405,0.32134724,0.88070285,0.2840953,0.67043716,0.0007895466,0.27079773,0.3028209,0.1229058,0.056202184,0.8685165,0.40457773,0.010900604,0.22158277,0.00018914766,0.31526613,0.28600892,0.019026816,0.17303154,0.50868213,0.109622896,0.06521969,0.39138922,0.25687003,0.14951439,0.43760145,0.27500138,0.12617841,0.35969192,0.3004355,0.25087628,0.015481557,0.3425976,2.7543763e-06,0.4739211,0.56659114,0.54745865,0.2763925,0.042034872,0.716639,0.4694936,0.22968724,0.7532376,0.57019866,0.019488472,0.3262682,0.21925944,0.0060755224,0.61556983,0.09415834,0.52557963,0.34258172,0.09392797,0.1130861,0.07737088,0.22141966,0.24703503,0.2602451,0.14081697,0.023597926,0.3534142,0.27548543,0.90742224,0.019043881,0.83537585,0.3220263,0.5479962,0.33741683,0.4704771,0.17121065,0.23509404,0.19750926,0.18971352,0.5679312,0.24058604,0.10229636,0.5439479,0.4915492,0.63758725,0.16134737,0.75634277,0.18319927,0.2417265,0.3868592,0.18452582,0.17713559,0.5241241,0.07570027,0.065297835,0.41554028,0.46623966,0.21430255,0.0038503334,0.09270311,0.14913405,0.17432338,0.24630061,0.118470915,0.01765114,0.81573004,0.36240277,0.098441646,0.37476593,0.069288485,0.12726407,0.346161,0.6688191
BC2026_Train_0011_S03_20211114_200000_15,0.03296683,7.714682e-06,0.02560613,0.77657205,1.8438682e-08,0.19676147,0.21365839,0.32822505,1.8407047e-05,0.60687596,0.9708118,0.07205264,0.01545585,5.505313e-09,1.3852642e-07,1.3980125e-05,0.016359268,0.0008311584,2.87119e-06,0.12415167,0.33997893,6.2503695e-08,0.22127154,0.000566799,0.022900097,3.09362e-05,1.0724194e-08,0.36378664,4.74949e-05,0.03746939,3.4778135e-05,4.498899e-06,3.6134143e-06,2.6991406e-06,1.7138153e-07,3.442475e-08,1.1498073e-06,1.1966961e-06,2.0194071e-05,4.106118e-07,4.000549e-06,1.44007545e-05,3.4159812e-06,4.6636687e-06,1.2574764e-06,1.2574764e-06,3.5274036e-07,1.9767544e-06,3.960209e-12,2.0927714e-06,4.992333e-08,6.234825e-08,6.234825e-08,1.1311714e-07,2.697985e-06,3.119345e-08,0.0019316756,0.03489305,6.02681e-05,0.1459352,0.000356816,0.0018151485,7.3624403e-07,0.003444445,7.875807e-07,1.6249679e-08,1.6449152e-07,0.003954441,0.001841609,0.00095476146,2.0972022e-05,0.0007808556,0.17674169,0.271411,0.015125261,0.44174206,0.35591096,0.6672131,0.29793596,0.3974066,0.36494777,0.10031112,0.9063496,0.054587424,0.34657696,0.47888118,0.3643867,0.3706668,0.346476,0.16793014,0.6006193,0.4550274,0.21134147,0.16014224,0.07421316,0.66007894,0.64859945,0.06142878,0.256624,0.5395743,0.0015096216,0.28837344,0.61007446,0.06535523,0.5036858,0.54604346,0.12850723,0.045943994,0.34059486,0.42033282,0.24895492,0.95120883,0.18955103,0.25248364,0.2988421,0.06523715,0.2891495,0.6021456,0.2526635,0.52620333,0.7939901,0.4942295,0.23999295,0.042056315,0.5869113,0.29480425,0.25024778,0.22406507,0.34855723,0.9247999,0.38007224,0.6083532,0.00046707122,0.28058255,0.3101443,0.11667418,0.101296276,0.8641527,0.39106876,0.025743606,0.2074153,0.00015289911,0.26115647,0.26534253,0.01830115,0.18139158,0.44905734,0.12234032,0.071050175,0.35190144,0.29765758,0.13246882,0.35818127,0.31453863,0.15865871,0.46998078,0.39476103,0.25166848,0.013380614,0.3230751,5.6464905e-06,0.56704,0.5712687,0.50368834,0.28667325,0.04704536,0.75492096,0.500311,0.2262534,0.6831716,0.50525343,0.017890718,0.36528373,0.2677666,0.0058676153,0.6070965,0.07381579,0.64735585,0.43721944,0.17808877,0.09724136,0.079019286,0.16395803,0.25822172,0.2026835,0.15175508,0.022421015,0.3582698,0.237392,0.92935103,0.015679805,0.7146429,0.2889935,0.60741675,0.3149474,0.52099735,0.19013606,0.2227074,0.2602152,0.27400982,0.56802434,0.2574662,0.1294912,0.64668244,0.4982316,0.66257113,0.1471886,0.7859403,0.15494806,0.24917264,0.31662014,0.20860964,0.18391187,0.42917892,0.09026047,0.10310651,0.3371943,0.53792256,0.20560192,0.003973457,0.09121086,0.15008804,0.19914337,0.20743126,0.11424627,0.019349996,0.45712116,0.42862052,0.1046398,0.4556158,0.06930841,0.11597659,0.43647742,0.5534599
BC2026_Train_0011_S03_20211114_200000_20,0.03732337,7.0384394e-06,0.023479555,0.7571192,1.9265839e-08,0.20206028,0.28849116,0.37140027,2.9973786e-05,0.5654083,0.9507707,0.052506573,0.019695861,5.1048166e-09,1.569687e-07,1.61812e-05,0.014034534,0.00087212556,3.2260314e-06,0.122058384,0.41121912,7.405437e-08,0.2520073,0.00035241278,0.023543878,2.8693705e-05,1.0816954e-08,0.35452026,3.91986e-05,0.033341423,3.331905e-05,4.059036e-06,3.1353727e-06,2.614918e-06,1.6975335e-07,2.914424e-08,1.0166233e-06,8.975475e-07,1.8319657e-05,3.413021e-07,2.9462983e-06,1.37770285e-05,2.9143591e-06,4.4181465e-06,1.3845773e-06,1.3845773e-06,2.890585e-07,1.9524045e-06,2.9932326e-12,1.7262668e-06,4.12984e-08,5.143727e-08,5.143727e-08,9.0775885e-08,2.1985538e-06,3.325218e-08,0.0019209959,0.032624584,5.9288333e-05,0.17241621,0.0004349018,0.0022083821,9.360231e-07,0.003749904,7.5610257e-07,1.6523193e-08,1.4107097e-07,0.0040495573,0.0013764184,0.0008798944,2.094781e-05,0.0006413769,0.23378962,0.28343597,0.010698322,0.3685608,0.34862623,0.68013597,0.29486346,0.26270255,0.44973478,0.09142962,0.88313454,0.060272463,0.3474474,0.53657067,0.52397144,0.37683246,0.45176747,0.13121675,0.6549328,0.56690973,0.15285717,0.076284096,0.11557126,0.5684724,0.6952201,0.021124383,0.31138587,0.46025068,0.0013898134,0.4386347,0.697769,0.05374578,0.57722676,0.56652653,0.18385859,0.041508958,0.4031438,0.5457377,0.25309733,0.95409584,0.28294757,0.31545258,0.21871851,0.08163461,0.22677006,0.57177985,0.2287023,0.570863,0.7586422,0.5185166,0.255404,0.050407793,0.6460721,0.2912067,0.2905558,0.23730482,0.39440396,0.9190037,0.31389782,0.67293364,0.00087365636,0.27513555,0.33107242,0.16304563,0.052888863,0.9213616,0.42926908,0.031682756,0.24994345,0.00019837337,0.33358783,0.30810058,0.014653024,0.14311871,0.59211445,0.15374221,0.034009308,0.34025642,0.30310667,0.15285031,0.3122531,0.3092389,0.17595197,0.4608255,0.4163671,0.2179764,0.012540889,0.28654546,2.1696894e-06,0.49143007,0.3678712,0.5714722,0.30373222,0.033604555,0.7197511,0.48201612,0.25604877,0.6955478,0.5722435,0.016418168,0.3203891,0.2946259,0.0074815736,0.679097,0.07772843,0.7288392,0.46738172,0.11354137,0.10527747,0.07381738,0.17545952,0.29183888,0.13806224,0.11576385,0.023384059,0.4282567,0.2227703,0.91448486,0.0212424,0.730114,0.2754325,0.5969422,0.35823292,0.5020746,0.21626417,0.23153971,0.27677265,0.1470225,0.5995391,0.29934996,0.11649927,0.59994423,0.5519012,0.6355382,0.18391287,0.78105605,0.15568466,0.24353927,0.41740748,0.25858667,0.2985292,0.52091044,0.06739849,0.06860468,0.383058,0.5153058,0.23281063,0.004567943,0.09767251,0.15751097,0.17348608,0.25459328,0.13818087,0.019068113,0.5603344,0.42283848,0.08394365,0.45286867,0.058460023,0.12570037,0.5171593,0.6310854
BC2026_Train_0011_S03_20211114_200000_25,0.0453627,5.624538e-06,0.019755118,0.7240218,2.0289402e-08,0.20132954,0.26653147,0.25334215,1.4213439e-05,0.56225187,0.9445322,0.06418956,0.016302956,5.2916183e-09,1.759138e-07,1.311968e-05,0.011353228,0.00080763595,2.5932172e-06,0.12683114,0.4587355,5.795973e-08,0.17922191,0.00023888586,0.010201828,2.1829397e-05,6.1151706e-09,0.30389675,3.8454455e-05,0.02817275,2.0773494e-05,3.1996192e-06,2.5602915e-06,1.7864604e-06,1.6783744e-07,2.3611584e-08,7.347625e-07,9.315569e-07,1.5521544e-05,2.719908e-07,2.3893606e-06,1.1826124e-05,1.8887683e-06,3.497923e-06,8.846118e-07,8.846118e-07,2.2944646e-07,1.7881166e-06,3.602436e-12,1.5249386e-06,3.300163e-08,4.1594298e-08,4.1594298e-08,6.836436e-08,1.7570804e-06,3.1043726e-08,0.0019310967,0.056464765,6.623349e-05,0.16250193,0.00039579303,0.0013811662,3.3760145e-07,0.0028504732,3.1481625e-07,1.0739423e-08,1.3419334e-07,0.003610537,0.0012296648,0.000725859,2.1072789e-05,0.00092610787,0.1707381,0.35503036,0.004916263,0.3399427,0.3762443,0.6872749,0.34581494,0.28417042,0.30098572,0.08643572,0.87088233,0.07671525,0.31815407,0.51346594,0.46412423,0.50415146,0.3787499,0.117634416,0.4812798,0.4559984,0.25170073,0.20728804,0.21598716,0.670902,0.6167384,0.031764034,0.31769383,0.6338558,0.001208645,0.31062117,0.5607778,0.07331594,0.46495292,0.58202225,0.18556353,0.050808884,0.3078698,0.40113991,0.23579793,0.9487376,0.21500959,0.301386,0.20875813,0.055682868,0.32361764,0.54706836,0.23166364,0.42968637,0.8104705,0.47934818,0.2249162,0.03282041,0.5569612,0.36246237,0.3087894,0.21192974,0.4597393,0.8958164,0.31539997,0.64739174,0.0006149156,0.20801187,0.24130462,0.12653574,0.19131796,0.8740238,0.4328487,0.021008283,0.22523464,0.00033096538,0.30628052,0.30212897,0.013181384,0.16645744,0.50497174,0.09923593,0.07030879,0.38038543,0.28650048,0.14752689,0.2794613,0.23520279,0.14785495,0.36232573,0.43718436,0.1890133,0.016415223,0.31179893,2.8858935e-06,0.6151437,0.4837796,0.5186726,0.25463945,0.03411221,0.6881035,0.42056924,0.2536023,0.6654165,0.4578332,0.019195432,0.27490914,0.23169805,0.0048370813,0.7066688,0.06791532,0.7770802,0.33857986,0.07679441,0.09166161,0.15391031,0.17408767,0.22930083,0.137225,0.15859675,0.022032784,0.29125682,0.2643553,0.9269869,0.014000138,0.7495175,0.32504082,0.58556587,0.29303968,0.3917051,0.1767786,0.25804782,0.34263003,0.22438347,0.6776355,0.2676439,0.08830487,0.62391657,0.6149826,0.58344483,0.27202037,0.7157648,0.19966196,0.26605344,0.45730096,0.24538822,0.27858284,0.49388373,0.062668234,0.058211815,0.48050708,0.5102552,0.23550992,0.004100549,0.06962518,0.12046966,0.21398176,0.21102561,0.13232401,0.015750304,0.704669,0.47940084,0.07708969,0.41012764,0.093265265,0.13471036,0.3871283,0.5730365
BC2026_Train_0011_S03_20211114_200000_30,0.0402044,4.0343157e-06,0.017656563,0.75184196,1.864139e-08,0.22393404,0.16138422,0.27208632,9.975563e-06,0.5366435,0.95942444,0.07517141,0.01735425,5.1653406e-09,1.5885318e-07,9.315889e-06,0.0137114655,0.000900127,1.7298906e-06,0.09073773,0.47671184,4.1346347e-08,0.24059273,0.0002110853,0.008639325,2.8873725e-05,6.0866876e-09,0.3165942,2.059944e-05,0.027635483,1.9535086e-05,3.7348768e-06,1.9409606e-06,1.7138169e-06,1.6897683e-07,2.4858586e-08,7.324936e-07,6.2835994e-07,1.4012539e-05,2.922792e-07,2.3324815e-06,9.8413975e-06,1.945976e-06,4.047945e-06,1.1077951e-06,1.1077951e-06,2.33589e-07,1.3417496e-06,3.1295194e-12,1.4031189e-06,3.459318e-08,4.3997954e-08,4.3997954e-08,7.174448e-08,1.8486596e-06,3.2209115e-08,0.001926454,0.07122849,4.8788952e-05,0.14748412,0.00020485182,0.0018551747,9.907591e-07,0.0025001413,2.5945428e-07,5.459078e-09,1.5028436e-07,0.0033878807,0.0016413487,0.00077281805,2.1045462e-05,0.00079642446,0.20683363,0.32455963,0.0061799483,0.3453197,0.30090183,0.6681647,0.45036733,0.19646972,0.27278772,0.08960544,0.83638984,0.06690999,0.3681527,0.4514501,0.431725,0.5423457,0.38703886,0.11476895,0.50336075,0.558868,0.15878694,0.037222438,0.34692782,0.6281036,0.54271775,0.022835666,0.30231032,0.7090738,0.00080418476,0.38481942,0.63000333,0.040263887,0.5041399,0.5058584,0.1306915,0.045431755,0.3488633,0.46829006,0.3005674,0.91973424,0.35916576,0.32339418,0.24905819,0.040939845,0.27895266,0.47445956,0.19290033,0.49259982,0.80150354,0.4933787,0.18027583,0.04012116,0.6116083,0.30349305,0.244663,0.24330029,0.34125477,0.90572286,0.3821837,0.63245034,0.00046903107,0.25014022,0.23697242,0.11843344,0.13557637,0.93542004,0.41036823,0.017117267,0.17306109,0.00068117713,0.27568582,0.31061763,0.011825987,0.1551203,0.5197746,0.10547875,0.01765305,0.39632228,0.3097238,0.14087537,0.30073285,0.30624652,0.120793484,0.40128225,0.40981683,0.20057613,0.01236113,0.35045886,1.0676533e-06,0.5853077,0.43057454,0.52400327,0.21953368,0.03309792,0.663589,0.42816728,0.25926313,0.68001723,0.47334877,0.017995264,0.2579889,0.26125395,0.0059726946,0.6626232,0.080855556,0.8713406,0.34744442,0.11784725,0.074767,0.10128514,0.14636622,0.23670393,0.14323929,0.10975109,0.019665416,0.3725961,0.19916314,0.9255392,0.013217212,0.74492544,0.3787332,0.5995367,0.29740754,0.42394128,0.1590211,0.19284122,0.19956218,0.17224795,0.55402154,0.19641772,0.10835706,0.5607936,0.555516,0.5855009,0.3342483,0.7299541,0.13032928,0.23071323,0.39528972,0.23519924,0.27467284,0.44442737,0.072411746,0.09922785,0.35266334,0.64700234,0.25534737,0.005638032,0.06460212,0.11763399,0.1890707,0.23853256,0.12426347,0.013801339,0.68392456,0.50492823,0.085553505,0.3302527,0.04369539,0.11949815,0.42229736,0.58883697
BC2026_Train_0011_S03_20211114_200000_35,0.027202602,3.7450304e-06,0.018461129,0.7604954,1.7770866e-08,0.18777744,0.18542866,0.19182824,1.0789675e-05,0.51492405,0.9331727,0.058544144,0.013458194,4.962676e-09,1.747232e-07,7.6247557e-06,0.010412598,0.0011927275,1.4934516e-06,0.085595906,0.33099255,1.05020355e-07,0.14739308,0.00013924889,0.008168364,2.4779998e-05,5.2717986e-09,0.33987913,1.909992e-05,0.023255615,1.8775852e-05,4.978816e-06,2.3201696e-06,1.8021333e-06,1.6755766e-07,2.2214628e-08,7.5800034e-07,7.293931e-07,1.5064031e-05,2.5239584e-07,2.5618247e-06,1.1614515e-05,2.0302073e-06,5.431866e-06,9.2089374e-07,9.2089374e-07,1.9442288e-07,1.5098009e-06,2.828788e-12,1.5869745e-06,3.02309e-08,3.760688e-08,3.760688e-08,7.016533e-08,1.4269759e-06,3.1081328e-08,0.0019242102,0.07899605,4.6623645e-05,0.14673024,0.00021033884,0.001734046,1.3722106e-06,0.0021417853,2.7343168e-07,1.0122873e-08,1.3907145e-07,0.0032444212,0.0015360037,0.00073926285,2.0983989e-05,0.0010150129,0.19405428,0.42421618,0.007699279,0.40792406,0.32277006,0.59118253,0.50877553,0.24099854,0.36838642,0.07897376,0.8668545,0.056346625,0.33350852,0.41930988,0.5094287,0.6394389,0.42620254,0.1659515,0.51752484,0.45438364,0.16357376,0.027044887,0.21236722,0.5942263,0.3403406,0.008024621,0.44574645,0.5528069,0.0008873962,0.30515528,0.64885986,0.04987872,0.48735535,0.5452115,0.23116526,0.04043506,0.38837963,0.43000853,0.24024834,0.9367679,0.32249588,0.2843811,0.2765078,0.04049917,0.20319849,0.39837235,0.22472255,0.45083812,0.69465715,0.51098585,0.24697733,0.058532685,0.56252,0.27525178,0.28915977,0.24136437,0.38935545,0.924298,0.35360825,0.66087526,0.00020638043,0.20694254,0.21526296,0.10939258,0.13401516,0.8678712,0.43942207,0.008908377,0.26528963,0.0007604998,0.39151654,0.33946735,0.014297658,0.12829976,0.5273154,0.14464392,0.01724466,0.36653045,0.21306281,0.1911977,0.2985518,0.29231313,0.13945596,0.45289594,0.40320095,0.22547396,0.013519214,0.4128247,1.5529694e-06,0.5732491,0.36066362,0.5653518,0.22642602,0.03241792,0.6336097,0.46047103,0.24451157,0.71101505,0.4359834,0.026251938,0.2645308,0.308861,0.0082447585,0.691588,0.068902075,0.8306219,0.3902641,0.09317058,0.07268259,0.092086464,0.124155946,0.21498291,0.15086545,0.18147032,0.030146094,0.4022223,0.25529101,0.94676006,0.026283616,0.54664457,0.46974295,0.5984928,0.34349802,0.5514898,0.16102563,0.22280447,0.18461129,0.1489269,0.5622862,0.1731233,0.12603882,0.557226,0.59722584,0.56569123,0.23166032,0.73226637,0.19758733,0.27794078,0.44542366,0.3535806,0.2661859,0.64312536,0.051225584,0.09426992,0.30979303,0.5959951,0.2751554,0.004291299,0.0665162,0.14676946,0.1521803,0.24379939,0.15244363,0.013847071,0.52514225,0.4591062,0.08316324,0.36956555,0.053708658,0.13530733,0.48098153,0.79242563
BC2026_Train_0011_S03_20211114_200000_40,0.053197794,4.2748834e-06,0.016255211,0.7704136,1.8423673e-08,0.20747913,0.19451968,0.19348861,1.2781219e-05,0.5458986,0.9355353,0.046614103,0.018093638,5.443178e-09,1.6301114e-07,9.451288e-06,0.018237537,0.0014959252,3.1627405e-06,0.087982185,0.5101187,6.829226e-08,0.13137875,0.00028394937,0.009087679,3.077321e-05,5.6426823e-09,0.33393887,1.5591204e-05,0.01776513,1.7639864e-05,4.048396e-06,2.1732142e-06,1.6927157e-06,1.6729713e-07,2.9201592e-08,7.9810184e-07,6.667696e-07,1.4775411e-05,3.2776424e-07,2.431006e-06,1.0564433e-05,2.2855438e-06,4.53041e-06,9.2792226e-07,9.2792226e-07,2.6411539e-07,1.7094387e-06,3.8691494e-12,1.4924273e-06,4.267561e-08,5.1918096e-08,5.1918096e-08,8.0330736e-08,1.994053e-06,2.9418093e-08,0.0019298615,0.07978762,5.5208224e-05,0.13308178,0.00034977208,0.0018692062,8.674457e-07,0.0025434839,2.6904056e-07,8.155461e-09,1.6170183e-07,0.0040600398,0.0014077665,0.00084783963,2.1095124e-05,0.00076285977,0.24662565,0.3740998,0.004981217,0.3733816,0.30212116,0.615798,0.49333203,0.27173564,0.39068514,0.06810227,0.84637815,0.066906616,0.31560543,0.44070876,0.44777662,0.5032295,0.5138248,0.15289263,0.6251781,0.50332785,0.17105561,0.029762654,0.1256425,0.5753389,0.4748533,0.01587573,0.31594986,0.43776342,0.0009389239,0.39394143,0.63082844,0.04343329,0.4425572,0.567353,0.14859031,0.04468372,0.37342936,0.38982245,0.2199429,0.94007033,0.27697,0.3600058,0.26101872,0.036348592,0.2258093,0.41457945,0.18981333,0.38000727,0.80356914,0.48492363,0.21147855,0.05635858,0.65882915,0.32499117,0.26820087,0.2401175,0.31181207,0.895802,0.25153622,0.6258037,0.00060757366,0.26322028,0.22982073,0.10883406,0.17145962,0.89983433,0.5057124,0.007881788,0.263567,0.0006072894,0.32714888,0.33811858,0.013215164,0.122296035,0.42835236,0.10122099,0.017865045,0.38985175,0.28936747,0.17041236,0.33286652,0.29975325,0.16125685,0.3894709,0.34901026,0.20866758,0.0132256,0.2729973,1.6719729e-06,0.57175076,0.35833094,0.51106673,0.26779035,0.03525115,0.70014095,0.3599227,0.22396953,0.75309885,0.43634284,0.02250938,0.2841988,0.2621973,0.0036984447,0.55952686,0.07394177,0.85755366,0.39267477,0.08777392,0.07409855,0.09962813,0.15927464,0.24153613,0.14854552,0.14936027,0.016308207,0.4027786,0.31744722,0.9360645,0.039349496,0.53669566,0.36459166,0.5393568,0.36584058,0.46197563,0.17181039,0.17273822,0.24331717,0.18941279,0.61542445,0.17885979,0.12096732,0.5871075,0.47768748,0.48784214,0.2640619,0.77470773,0.1324322,0.21131837,0.3440571,0.2924072,0.34298083,0.48916608,0.07182221,0.12887871,0.3684004,0.67019624,0.23127502,0.0034462092,0.06114829,0.14962938,0.2096487,0.22649698,0.12625599,0.013561148,0.45076495,0.4404901,0.074250214,0.37229186,0.056103162,0.09838452,0.37136972,0.6521901
BC2026_Train_0011_S03_20211114_200000_45,0.039696816,4.8302286e-06,0.015695777,0.751915,1.7104657e-08,0.20725816,0.20305176,0.26984966,1.2441551e-05,0.5174801,0.93485034,0.058944758,0.019413296,5.5886225e-09,1.6500395e-07,1.3935776e-05,0.011678177,0.0009368347,2.852158e-06,0.16609402,0.3705574,8.307778e-08,0.19019793,0.00022105387,0.010560979,2.9825977e-05,7.89488e-09,0.32861817,2.1939448e-05,0.024184182,2.9892664e-05,4.463181e-06,3.1644709e-06,2.6247117e-06,1.6698083e-07,2.441948e-08,8.1317637e-07,1.0633289e-06,1.4957773e-05,2.749715e-07,3.211011e-06,1.709566e-05,2.1680958e-06,5.300347e-06,1.039392e-06,1.039392e-06,2.1055412e-07,2.289517e-06,3.086259e-12,2.1516923e-06,3.327752e-08,4.081955e-08,4.081955e-08,7.40801e-08,1.629614e-06,3.1728984e-08,0.0019306503,0.0734371,5.6117085e-05,0.18124016,0.00041129877,0.0017915058,6.589491e-07,0.0024254106,4.812989e-07,1.3460592e-08,1.5214029e-07,0.0038395124,0.0012831332,0.0007668131,2.0928108e-05,0.0008685915,0.21818496,0.40888065,0.0070023993,0.3525834,0.3320264,0.6710374,0.48813593,0.22931127,0.29794085,0.07505571,0.8281904,0.066788286,0.33328292,0.46133187,0.45554033,0.41610724,0.3800034,0.121170335,0.6164584,0.5027258,0.21742469,0.040433425,0.18689339,0.6291251,0.45178902,0.018340318,0.27973142,0.6272642,0.0008893689,0.35167804,0.6025513,0.04238546,0.4561481,0.4577904,0.13382542,0.046102088,0.31375408,0.39410454,0.23971002,0.94015515,0.28414872,0.32332703,0.2464955,0.05462863,0.2466179,0.5165581,0.22090368,0.538574,0.77095175,0.5770757,0.22903089,0.037659172,0.6457913,0.36423746,0.2573777,0.24741453,0.38824248,0.91650426,0.31614694,0.6129294,0.00047197822,0.2474151,0.30509198,0.15149072,0.1412606,0.89353925,0.42023647,0.012025181,0.19911268,0.00079222897,0.27940962,0.30856028,0.013524878,0.16297816,0.5091444,0.1389072,0.02561873,0.34315857,0.252296,0.17130399,0.29304937,0.3288417,0.16355945,0.43859333,0.42570776,0.17531477,0.017205477,0.3040568,1.7219345e-06,0.47798896,0.36759073,0.50509703,0.22323672,0.03076917,0.7449544,0.3936694,0.28897154,0.70260936,0.47841275,0.016739389,0.24205227,0.31128642,0.0064626457,0.6457055,0.07531061,0.73003805,0.3980366,0.10456199,0.098400086,0.11822444,0.13761799,0.20388967,0.18684426,0.10130948,0.028526714,0.40447325,0.260245,0.92968094,0.021023156,0.54498315,0.49620754,0.5395444,0.32860956,0.4789955,0.17112823,0.22398724,0.20394975,0.20995319,0.55841607,0.20445642,0.11446858,0.55457085,0.47577035,0.63154346,0.2802832,0.76708406,0.16792825,0.30882236,0.52961147,0.4194947,0.36582068,0.4151562,0.072438926,0.1415379,0.37363303,0.5362528,0.2425372,0.003265955,0.07976338,0.13980412,0.19800907,0.19493508,0.12672028,0.01295891,0.49604106,0.47874978,0.06952727,0.370523,0.061010804,0.100429006,0.46699414,0.5472204
BC2026_Train_0011_S03_20211114_200000_50,0.026809964,5.8339906e-06,0.031253975,0.7745741,1.959218e-08,0.18935643,0.3154572,0.25791785,3.2083062e-05,0.5728207,0.97075003,0.10288378,0.017284637,5.0631157e-09,1.4910373e-07,1.6620188e-05,0.016196972,0.0009348381,2.9085954e-06,0.13109076,0.40930155,1.03959685e-07,0.23292504,0.0005178821,0.013023706,2.7210188e-05,1.0119768e-08,0.3932333,4.5196935e-05,0.046692967,2.1036169e-05,5.6380904e-06,2.0831783e-06,1.9713282e-06,1.7056004e-07,2.7939235e-08,8.358634e-07,9.710388e-07,1.6181199e-05,2.933809e-07,3.4357843e-06,1.1041004e-05,2.748731e-06,6.262569e-06,1.0304904e-06,1.0304904e-06,2.3360775e-07,1.6850556e-06,4.078235e-12,1.8685926e-06,3.632302e-08,4.5690893e-08,4.5690893e-08,8.7754486e-08,1.8354306e-06,2.9891268e-08,0.0019204554,0.05698378,5.7489884e-05,0.16247112,0.0003267521,0.0016902355,6.162305e-07,0.00433213,3.0976824e-07,1.4466445e-08,1.2642175e-07,0.00454643,0.0015125585,0.0008172709,2.0890431e-05,0.0009304075,0.17105326,0.24209048,0.01053436,0.32087412,0.37069276,0.5959116,0.526313,0.24911253,0.44336087,0.09480488,0.8734101,0.061700422,0.30760756,0.39189503,0.41720423,0.5447415,0.42050812,0.11023923,0.5855613,0.6029527,0.15441032,0.06083033,0.26697057,0.61585945,0.59694505,0.021432715,0.35270238,0.56127685,0.001174152,0.2715493,0.6591213,0.054580774,0.49935567,0.48467565,0.124042355,0.044941332,0.3560843,0.46654984,0.2072223,0.9507472,0.3671736,0.24717507,0.19781679,0.033782735,0.2639204,0.47084835,0.21926428,0.37471807,0.6498925,0.47732544,0.19647376,0.05786882,0.5906525,0.2576707,0.24349298,0.19412996,0.35641268,0.8918357,0.41029894,0.6489528,0.00069423486,0.2490497,0.25235412,0.09249026,0.14013898,0.8519904,0.3546043,0.008673546,0.2534763,0.001379779,0.29823872,0.31262508,0.012890722,0.14893088,0.48235995,0.14256935,0.026631769,0.3821639,0.3560133,0.18080746,0.37175906,0.27362266,0.117713824,0.41501185,0.33042765,0.16844022,0.018060628,0.35235,1.1184904e-06,0.520874,0.4102462,0.4835428,0.24291451,0.032784775,0.7640364,0.32370424,0.18893346,0.75729686,0.43189216,0.019318236,0.2758473,0.25091386,0.00485244,0.5832693,0.093658864,0.6976002,0.3749716,0.07711644,0.071764916,0.10213046,0.17073902,0.24816614,0.17538074,0.15931946,0.026154857,0.39800853,0.24544738,0.9286762,0.018032633,0.74114615,0.31617755,0.5632751,0.3101868,0.44941288,0.12641744,0.20412086,0.23296115,0.22110012,0.5380516,0.15009645,0.106493406,0.62636805,0.49908,0.4699719,0.2351919,0.7247458,0.14558232,0.3153753,0.2551524,0.2592785,0.28276575,0.43351156,0.072389126,0.09933347,0.30987322,0.5323244,0.24285007,0.004785229,0.058238763,0.14547569,0.2323484,0.24051632,0.12964018,0.015243177,0.36219248,0.45292565,0.09333529,0.3562706,0.056852784,0.10969109,0.37350205,0.6686367
BC2026_Train_0011_S03_20211114_200000_55,0.036911905,4.313675e-06,0.019470207,0.76867616,1.8055461e-08,0.19986789,0.2293188,0.23673311,2.070471e-05,0.5392799,0.97118324,0.054774188,0.019449962,6.1252954e-09,1.5844456e-07,1.1359684e-05,0.018274836,0.0008707175,1.18059e-06,0.10644236,0.4047652,7.379878e-08,0.13259067,0.00042103857,0.012853971,2.5936151e-05,7.3488007e-09,0.3555339,1.7615226e-05,0.031204723,2.0213172e-05,4.230188e-06,2.379139e-06,1.7699042e-06,1.7100416e-07,2.4087582e-08,7.6897277e-07,7.4056646e-07,1.5236207e-05,2.8167804e-07,2.797079e-06,1.1125595e-05,2.4428552e-06,4.8078073e-06,1.0371313e-06,1.0371313e-06,2.1870922e-07,1.477502e-06,2.9449737e-12,1.7594423e-06,3.240262e-08,3.992039e-08,3.992039e-08,8.077364e-08,1.5753479e-06,3.063714e-08,0.001919861,0.06617909,5.668973e-05,0.2344833,0.00031662255,0.0019269286,5.66365e-07,0.0031456829,3.6948427e-07,1.889431e-08,1.8411355e-07,0.005353321,0.0016040109,0.00071306614,2.09043e-05,0.0008538414,0.21777016,0.36992896,0.008765263,0.4303736,0.32754737,0.60962963,0.5453109,0.36150795,0.3480068,0.07735837,0.8786982,0.07386505,0.31363854,0.45440835,0.4462562,0.58109057,0.4008417,0.10912178,0.5368943,0.5450344,0.15502624,0.026230238,0.23113915,0.66603935,0.5177145,0.024183238,0.35173368,0.510821,0.0010690424,0.25116494,0.6013507,0.05608653,0.47477302,0.62460965,0.14593829,0.04421188,0.33452848,0.44376677,0.24237576,0.9545562,0.4190336,0.28180465,0.2071343,0.038715884,0.2282104,0.45229858,0.19243225,0.4480528,0.68116045,0.49500594,0.1774791,0.05643155,0.62981445,0.36808002,0.24308752,0.22962223,0.40274605,0.86833817,0.35954946,0.5975562,0.0012497386,0.21304835,0.21241568,0.107295126,0.15096858,0.8739702,0.38087982,0.015171707,0.24943942,0.0006296461,0.284928,0.29429612,0.0155669665,0.16575827,0.60187906,0.17749763,0.018947786,0.3529555,0.2646692,0.1843885,0.29516062,0.30431908,0.11566987,0.4753888,0.4190068,0.21086708,0.016456667,0.31460512,1.1102443e-06,0.51379573,0.49339384,0.4751292,0.26567572,0.03510365,0.74670637,0.43037894,0.19184572,0.7085041,0.47069103,0.02204388,0.24760957,0.23140074,0.006764244,0.65924335,0.07869082,0.7964866,0.35729322,0.09653665,0.076268956,0.098814376,0.15232016,0.23230016,0.16237406,0.12035391,0.018515807,0.4432056,0.21200301,0.9383284,0.014888253,0.7663171,0.48683295,0.6493298,0.29444036,0.38540873,0.12182514,0.2092844,0.24462353,0.1747998,0.5817204,0.23304342,0.102201015,0.654743,0.5003111,0.549493,0.2358544,0.73724025,0.22585514,0.32403538,0.4463483,0.31869283,0.28424045,0.4541279,0.07157957,0.0716439,0.32701048,0.61576813,0.21362305,0.0041342876,0.060535625,0.18311563,0.15171862,0.22810909,0.17177369,0.012944823,0.40921816,0.5318757,0.08595994,0.36544624,0.06413807,0.108822905,0.42688295,0.54009193
BC2026_Train_0011_S03_20211114_200000_60,0.026229808,5.805987e-06,0.021055724,0.7676841,1.8559161e-08,0.1812515,0.28408688,0.26775563,3.0019733e-05,0.5351885,0.9523207,0.08556911,0.016234292,5.238615e-09,1.5273956e-07,1.4521516e-05,0.016136706,0.0009423308,2.8178624e-06,0.15578724,0.44005492,9.303476e-08,0.20486683,0.0014398511,0.033220306,3.142712e-05,7.140564e-09,0.31186762,4.397631e-05,0.031352364,3.023962e-05,5.197597e-06,3.3142753e-06,3.8094427e-06,1.6994603e-07,3.363428e-08,1.026325e-06,1.1586969e-06,1.8423518e-05,3.685791e-07,3.5312746e-06,1.6737586e-05,3.175195e-06,5.594598e-06,1.3531634e-06,1.3531634e-06,3.0563154e-07,2.180442e-06,4.2382803e-12,2.3929892e-06,4.5570197e-08,5.567194e-08,5.567194e-08,9.961658e-08,2.4135213e-06,3.158273e-08,0.0019327252,0.052531958,4.8590784e-05,0.12674472,0.00027982693,0.0019681307,9.365199e-07,0.0042037372,4.5995247e-07,2.1176952e-08,1.9579605e-07,0.0038447964,0.0011706301,0.00078765256,2.0965645e-05,0.0009643392,0.22196963,0.29809985,0.010382599,0.4334067,0.419495,0.6238697,0.50722545,0.24784152,0.41380614,0.08378278,0.799834,0.057603512,0.3336297,0.5169942,0.3670126,0.50573426,0.3404984,0.13102907,0.58125967,0.52840596,0.12688065,0.07573346,0.1683318,0.5748827,0.7558003,0.04234013,0.3104969,0.6267095,0.001491784,0.31680477,0.6368549,0.047270473,0.44461262,0.6895736,0.16113819,0.055821426,0.37442967,0.50450784,0.28612146,0.9613451,0.30011007,0.29766366,0.25712737,0.060862884,0.18956889,0.4810024,0.20468572,0.49801254,0.796379,0.5601105,0.22336832,0.043598097,0.6132474,0.2652359,0.29776192,0.2749589,0.3707061,0.92628187,0.37981015,0.6327033,0.00059965084,0.25743216,0.3037784,0.10782402,0.12871853,0.8586132,0.41505888,0.010537212,0.23158653,0.00057475065,0.27809682,0.2821603,0.018938364,0.13785964,0.47327426,0.1173919,0.04699964,0.39591807,0.23940478,0.14511722,0.33998904,0.25442263,0.15782113,0.3683535,0.48877102,0.17341056,0.017659847,0.3229976,2.198515e-06,0.57947576,0.39209777,0.4825856,0.22451016,0.030598367,0.74507046,0.41173238,0.24639228,0.6984734,0.4888687,0.019052263,0.23671393,0.25585812,0.005258001,0.6227387,0.0999512,0.7138238,0.36288267,0.2163974,0.07662827,0.13078763,0.18459281,0.21381308,0.17794657,0.10050733,0.019348497,0.43196955,0.22466303,0.9371464,0.011090759,0.72629106,0.40202853,0.5377577,0.32066193,0.4589775,0.1807653,0.245431,0.23628858,0.19518027,0.5588866,0.24167117,0.11958346,0.53652555,0.4801579,0.6524652,0.2225392,0.7634427,0.14719743,0.26582545,0.38780358,0.20471969,0.23395735,0.4934718,0.07185582,0.11892176,0.39132074,0.46229395,0.2431902,0.0032843135,0.08198422,0.15749288,0.16587228,0.22636577,0.14092776,0.02180011,0.38210115,0.42119026,0.084710285,0.34920454,0.04714196,0.10685527,0.4151061,0.6731054
BC2026_Train_0012_S03_20220211_233000_5,0.027871538,2.1271594e-06,0.015487354,0.4089073,1.5278296e-08,0.1230234,0.08656249,0.46857587,1.1012689e-06,4.635156e-05,0.0018633947,0.019919794,0.01724135,5.2018527e-09,2.6436678e-07,1.914673e-06,0.0069962987,0.00056749885,2.4520346e-05,0.060387082,0.32825214,2.9124887e-08,0.14123033,3.8201542e-05,2.2378836e-06,2.4863044e-05,3.141837e-10,0.24819444,9.057658e-06,0.008121569,2.2284332e-05,5.9766253e-06,2.322707e-06,1.6218515e-07,1.5221076e-07,1.3271397e-08,3.181971e-07,3.80565e-07,4.710662e-06,1.03481035e-07,1.4303856e-06,8.0160735e-06,4.3208132e-07,9.891786e-06,3.8789418e-07,3.8789418e-07,4.501525e-08,2.0182492e-06,1.7107547e-12,3.030959e-06,1.3233604e-08,1.629898e-08,1.629898e-08,1.8180895e-08,3.935504e-07,2.6597235e-08,0.001986497,0.060540054,6.02064e-05,0.25478676,0.00021554744,0.0009265296,1.1325458e-05,0.0005881773,7.613069e-07,1.2953582e-09,2.1449613e-07,0.0012976533,0.00044304546,0.0025778105,2.0938365e-05,0.0009035284,0.2127129,0.18138336,0.0009351904,0.24076979,0.28427243,0.57592714,0.5461905,0.17781243,0.20628043,0.06025457,0.6393118,0.07949466,0.20750572,0.43149024,0.7261686,0.6564702,0.42475742,0.098401494,0.49504146,0.4812677,0.21723305,0.0001290877,0.20964217,0.5840807,0.21515378,0.002113958,0.30920866,0.18561369,0.00040663808,0.06684604,0.45756593,0.12230574,0.46814486,0.41497776,0.15328805,0.024556836,0.20557116,0.3914321,0.18921873,0.5332741,0.30595458,0.521665,0.12191387,0.022756131,0.18227696,0.1238264,0.17406018,0.47398907,0.55891,0.4921484,0.29351762,0.033717234,0.5848466,0.24417071,0.3452953,0.27603534,0.36181274,0.35456267,0.14761826,0.8018242,0.0004622903,0.12801264,0.1995687,0.0757562,0.07269074,0.58830875,0.41857588,0.020565089,0.15475243,4.7055728e-05,0.2806884,0.43124166,0.0057518445,0.14407095,0.26451838,0.111944064,0.0003396176,0.3275236,0.06316148,0.3052444,0.24173887,0.5149775,0.2598763,0.29533365,0.19929565,0.17636406,0.027814938,0.3577679,5.816183e-07,0.5524547,0.115447246,0.4013003,0.3768465,0.016827185,0.053582046,0.28512567,0.27104676,0.6698493,0.47841045,0.025306571,0.28642994,0.37361407,0.011717594,0.313611,0.07568334,0.8969129,0.1699031,0.17498346,0.02317273,0.1608621,0.2636915,0.32595754,0.09097323,0.14140649,0.026849661,0.3306507,0.15544827,0.83734083,0.010073897,0.28104663,0.7230032,0.57959914,0.31955194,0.29944032,0.15755941,0.25430346,0.37392464,0.08410166,0.35696894,0.13347961,0.09046788,0.43308988,0.46149126,0.48208937,0.42184383,0.7447467,0.07584627,0.36377332,0.74995595,0.21586043,0.33004454,0.3345021,0.19555505,0.012837664,0.19842176,0.5283341,0.45330843,0.0037585371,0.16941807,0.19834737,0.11734708,0.06932432,0.2884436,0.006962897,0.15295342,0.38721356,0.088971026,0.39570612,0.05094199,0.088463865,0.24511361,0.665768
BC2026_Train_0012_S03_20220211_233000_10,0.019794226,2.4270144e-06,0.015368892,0.37907937,1.4899133e-08,0.17168005,0.119138695,0.21852581,6.818241e-07,4.925182e-05,0.0012969554,0.024141844,0.012216624,5.290579e-09,2.2624816e-07,1.9890035e-06,0.013091291,0.00076452136,2.206133e-05,0.08116025,0.31970245,4.573831e-08,0.14959423,2.6507048e-05,2.555832e-06,2.8884446e-05,2.739384e-10,0.27069947,8.622539e-06,0.0071008783,1.9317302e-05,5.7103307e-06,2.1285878e-06,1.2792806e-07,1.5176391e-07,9.8620765e-09,2.6318864e-07,3.2702417e-07,2.946548e-06,8.554317e-08,1.1584946e-06,5.7601737e-06,3.423082e-07,9.64424e-06,3.950047e-07,3.950047e-07,3.547058e-08,1.407574e-06,1.4915169e-12,2.605113e-06,1.0000405e-08,1.2633707e-08,1.2633707e-08,1.3532787e-08,3.7531817e-07,2.5636323e-08,0.0019835,0.019440647,7.5026524e-05,0.19217992,0.00025644028,0.0010444318,4.9633472e-06,0.0006305134,6.2891934e-07,8.504474e-10,1.784628e-07,0.0016283728,0.000400986,0.0031325442,2.0882646e-05,0.0011160716,0.20405886,0.16342635,0.0007742995,0.27606574,0.320558,0.6160311,0.5833936,0.20704395,0.34577504,0.06234824,0.68827397,0.10222529,0.258456,0.49201107,0.50312275,0.5764669,0.51173615,0.09062688,0.4298132,0.39850113,0.20694534,0.00012210544,0.114287764,0.53830284,0.26811317,0.0024648581,0.28858095,0.25171706,0.00047874913,0.08460449,0.43443313,0.06567456,0.3440348,0.3500505,0.25830716,0.023383278,0.21540782,0.43317798,0.22012633,0.5626783,0.27920678,0.4833297,0.107689634,0.023984132,0.15869348,0.14019865,0.15058574,0.480354,0.6625157,0.42119977,0.36764663,0.046622876,0.4987551,0.26250038,0.44994,0.22245803,0.39971688,0.31620535,0.12172492,0.77184653,0.0004967307,0.14343782,0.22399114,0.12462504,0.09895778,0.6669467,0.34763765,0.00984559,0.11137842,4.7672103e-05,0.25108424,0.55577195,0.0044966047,0.13410892,0.2853714,0.12289302,0.00047357564,0.35056323,0.08672122,0.34678003,0.23056808,0.4061106,0.26624173,0.28569046,0.17557313,0.23741198,0.055256475,0.34878945,7.451152e-07,0.5765133,0.11933239,0.429125,0.50924873,0.0145591535,0.060045324,0.34079313,0.27798462,0.676388,0.5691879,0.04442966,0.321762,0.4305326,0.011845385,0.23579809,0.09307968,0.8723421,0.18820179,0.15953572,0.023923533,0.17129225,0.27965835,0.3354903,0.08381283,0.22581272,0.018907998,0.36699903,0.16273426,0.8258904,0.0144440215,0.3160567,0.6963957,0.59386086,0.32657412,0.33833793,0.19159114,0.25612974,0.35882676,0.08649335,0.35150996,0.15951,0.08968187,0.56774855,0.41656256,0.4637738,0.39782444,0.6886457,0.0873956,0.39300573,0.66634095,0.15969937,0.42479032,0.47863272,0.11749397,0.011859484,0.17791897,0.56582046,0.41142556,0.0058736596,0.13920608,0.19215234,0.18174604,0.06410428,0.3906411,0.005971974,0.21705864,0.46397772,0.12267079,0.42612895,0.051801715,0.11195527,0.18601836,0.67699146
BC2026_Train_0012_S03_20220211_233000_15,0.016278856,1.6628129e-06,0.012266476,0.3679078,1.4672567e-08,0.13269207,0.07403352,0.20871708,5.8655263e-07,3.6607595e-05,0.00074582,0.020287147,0.012107357,5.2847735e-09,2.0648523e-07,1.1713494e-06,0.012709689,0.0005065642,1.783129e-05,0.052134898,0.32826704,1.9678735e-08,0.14057119,3.311193e-05,1.83722e-06,2.2817265e-05,2.4364596e-10,0.27264887,6.891729e-06,0.0060751834,1.4244284e-05,4.902413e-06,1.4369774e-06,1.5208238e-07,1.5013676e-07,1.3537682e-08,2.9557913e-07,3.398774e-07,3.7947468e-06,1.0365715e-07,1.3790008e-06,5.685382e-06,3.5346585e-07,8.348752e-06,3.6541695e-07,3.6541695e-07,4.155468e-08,1.3671603e-06,1.6248181e-12,2.8107868e-06,1.2054743e-08,1.5068071e-08,1.5068071e-08,1.6823991e-08,3.927831e-07,2.4202068e-08,0.0019870605,0.09246325,7.004809e-05,0.20439021,0.0001823254,0.00088333595,1.2912547e-05,0.00042399098,6.214831e-07,9.2876373e-10,1.6389701e-07,0.0013573548,0.00046460968,0.002420203,2.0921263e-05,0.0009869499,0.18969294,0.19392592,0.00085554575,0.39307335,0.29708517,0.5499099,0.4489664,0.17853475,0.30661678,0.061208528,0.7258086,0.08816484,0.2060915,0.417772,0.5818931,0.5930621,0.2929646,0.10935382,0.43800727,0.43685707,0.23920254,0.000102801205,0.20259988,0.5752661,0.19206195,0.0020698702,0.3484279,0.27043116,0.00039340585,0.082892455,0.39040443,0.058470972,0.36154583,0.30035457,0.23521033,0.024363594,0.195266,0.33498403,0.17794384,0.5683141,0.28686833,0.5455835,0.13486753,0.019535102,0.17849709,0.10304568,0.13846953,0.50795686,0.49929014,0.48281235,0.26036984,0.03983001,0.5321008,0.21058857,0.46402046,0.28003812,0.34208667,0.33134368,0.13741967,0.8238584,0.00047556977,0.15778488,0.20601729,0.09444396,0.06606649,0.4917002,0.3879528,0.008027559,0.10200378,8.01148e-05,0.2587661,0.45598093,0.0029835722,0.16314165,0.24385592,0.109741226,0.00032952623,0.2989953,0.08217223,0.25329137,0.29941288,0.5009277,0.29594082,0.28180018,0.20466617,0.25060973,0.03282429,0.29284218,5.4285135e-07,0.5455801,0.10498343,0.36981583,0.4027349,0.0155695,0.07347543,0.28160995,0.19307427,0.6726683,0.48675555,0.022983331,0.21048187,0.3348813,0.008171793,0.23727658,0.09077572,0.91015863,0.21487668,0.16926268,0.01739849,0.19738162,0.32157198,0.24586557,0.09566158,0.16337827,0.023929212,0.29210576,0.13871045,0.77390105,0.008168016,0.3216626,0.66502947,0.58028877,0.3473114,0.3127794,0.2796009,0.21690732,0.36770344,0.073813856,0.33163583,0.18126053,0.085114755,0.447684,0.4162971,0.45889944,0.5556272,0.6897436,0.08061381,0.47192287,0.67843443,0.2560202,0.22965364,0.6151562,0.15039398,0.015403012,0.16906367,0.52354276,0.36826524,0.0070508816,0.1192458,0.19983602,0.08638135,0.06510907,0.3068796,0.0039155916,0.18146516,0.3824168,0.1265933,0.3825623,0.052198187,0.14378917,0.18237515,0.58105284
BC2026_Train_0012_S03_20220211_233000_20,0.022240466,1.8157754e-06,0.0123629635,0.26005554,1.5114216e-08,0.17984395,0.080911614,0.09915885,1.0950565e-06,5.1517698e-05,0.0014308142,0.016945137,0.013886217,6.2655108e-09,1.9956855e-07,1.505503e-06,0.005368642,0.0007494394,1.7709723e-05,0.08062776,0.39449674,3.097732e-08,0.16053025,5.3189866e-05,2.1460628e-06,2.4528073e-05,2.1968713e-10,0.2908124,8.8028655e-06,0.006561898,2.0969323e-05,5.046885e-06,2.1839687e-06,1.4523053e-07,1.4955941e-07,1.6025009e-08,3.6877523e-07,4.4510233e-07,5.331649e-06,1.1022219e-07,1.7936069e-06,1.0505397e-05,3.6547684e-07,8.466925e-06,4.1968525e-07,4.1968525e-07,5.071243e-08,1.9023985e-06,1.836746e-12,3.9374195e-06,1.3772611e-08,1.7317321e-08,1.7317321e-08,2.0437648e-08,4.2755605e-07,2.7124244e-08,0.001987027,0.12895794,6.523767e-05,0.2576633,0.00014691828,0.0009394009,5.2857886e-06,0.00062518974,9.999512e-07,1.1241029e-09,3.9864688e-07,0.0013718266,0.00039143758,0.0031886771,2.0898678e-05,0.00097205845,0.23626868,0.2026688,0.0004628307,0.3561757,0.31474444,0.56073153,0.5763572,0.23086902,0.28936866,0.049281787,0.7110763,0.095976144,0.25855625,0.41564274,0.62776756,0.67861634,0.3586445,0.107293844,0.48734614,0.51425606,0.2918641,0.000117322175,0.30654445,0.57293683,0.15509164,0.0031154493,0.37159055,0.24677396,0.00034624946,0.08353784,0.43099996,0.06457404,0.45140404,0.29538557,0.17140205,0.026002448,0.19161397,0.39008918,0.17897521,0.5598856,0.26378992,0.53921473,0.12895931,0.01908544,0.1819507,0.123908214,0.13942567,0.50265396,0.61346304,0.47319093,0.31359172,0.035940032,0.5763658,0.26726806,0.4233829,0.24328187,0.31655067,0.33797914,0.16023186,0.8053603,0.0004820285,0.16039328,0.34775922,0.094647326,0.07664001,0.62366164,0.43911746,0.0072813486,0.095512904,6.103969e-05,0.260045,0.44411322,0.005148659,0.29119745,0.22010209,0.12006386,0.00034784828,0.29931134,0.094274014,0.24723066,0.24923281,0.5302154,0.2636232,0.2608265,0.2087173,0.14960375,0.02900812,0.34282488,8.0364987e-07,0.51675904,0.14237109,0.43080097,0.37874436,0.021354351,0.087741785,0.26182136,0.25330546,0.65540373,0.52593607,0.031528663,0.2757114,0.36272806,0.0068447026,0.27654403,0.09723519,0.89356226,0.20563568,0.22624448,0.014428849,0.17130442,0.24947627,0.25600863,0.07816643,0.13649409,0.023349233,0.2762593,0.17037976,0.7580815,0.006138991,0.28714833,0.68471056,0.57046705,0.33420074,0.25356203,0.14885776,0.19250908,0.37842348,0.09450424,0.38909316,0.16517201,0.115209915,0.44642928,0.4471566,0.4904481,0.583811,0.7598521,0.0787756,0.37923053,0.7920652,0.24708998,0.36700267,0.3695132,0.1417015,0.0126778595,0.18834384,0.5843957,0.377259,0.008091442,0.1690175,0.18000889,0.12919858,0.072460756,0.32651392,0.004457678,0.17609522,0.3570614,0.14259224,0.38327947,0.059789136,0.104653075,0.21496105,0.59872216
BC2026_Train_0012_S03_20220211_233000_25,0.02592533,1.9527008e-06,0.016583893,0.23095852,1.46346535e-08,0.16892494,0.11598733,0.09842815,1.3145282e-06,6.3782085e-05,0.001779645,0.021065706,0.01589858,6.862597e-09,2.3212894e-07,2.0549421e-06,0.0071304934,0.0006307021,1.5573996e-05,0.08019918,0.35584882,3.5465334e-08,0.15162222,0.00015027497,2.2607978e-06,3.0170726e-05,2.9726172e-10,0.32285202,1.2652899e-05,0.0071982685,3.0264211e-05,5.134783e-06,2.510581e-06,1.5049169e-07,1.502589e-07,1.9765869e-08,4.5099034e-07,5.5185035e-07,6.8356712e-06,1.3870546e-07,2.2446663e-06,1.3980919e-05,4.607076e-07,9.197097e-06,5.2508e-07,5.2508e-07,6.486502e-08,2.2058105e-06,2.162277e-12,4.546052e-06,1.8281169e-08,2.3172165e-08,2.3172165e-08,2.5710717e-08,5.3454477e-07,2.7709568e-08,0.001984296,0.13575222,5.8430585e-05,0.26871875,0.00018568679,0.00088803034,4.6308564e-06,0.0006604947,1.5608204e-06,1.1804853e-09,4.1355426e-07,0.0014797535,0.00038231074,0.0032718987,2.0904296e-05,0.0009345428,0.2594938,0.20139496,0.00049506425,0.30225542,0.31703198,0.5015615,0.51592326,0.22335152,0.36056912,0.04953467,0.6416544,0.12487542,0.16748008,0.40028176,0.5570528,0.61402303,0.40558937,0.11166762,0.4143601,0.46393323,0.35388735,0.00014978021,0.13037477,0.5994477,0.101164654,0.0034266692,0.35568842,0.19159114,0.0003550595,0.08415804,0.4016367,0.095673315,0.46512014,0.33827606,0.13636827,0.022899946,0.2047106,0.41452846,0.1345614,0.5867466,0.29278392,0.52046704,0.108963475,0.0166208,0.15272513,0.12598921,0.1402827,0.4261654,0.5259008,0.43923724,0.220177,0.02854877,0.617668,0.19389907,0.3647452,0.23675834,0.29342705,0.2571375,0.11424763,0.78266996,0.00047942848,0.13376945,0.23847412,0.08840368,0.059717134,0.53050137,0.44504642,0.008451277,0.11876636,6.876221e-05,0.22140849,0.49442858,0.0050766477,0.21754399,0.2354078,0.08765692,0.00028875927,0.2853,0.09541752,0.2618518,0.29430124,0.46420613,0.27387407,0.20889285,0.18303779,0.11288038,0.014219992,0.29498142,4.469476e-07,0.47211292,0.14499387,0.40671796,0.34458548,0.01727089,0.061702844,0.18516462,0.2727527,0.67738706,0.47010738,0.026402133,0.19307102,0.3541124,0.005442845,0.3056327,0.091085956,0.8958276,0.1839847,0.22439347,0.014721654,0.14087856,0.25543526,0.2747884,0.07323837,0.15628164,0.0195529,0.31177765,0.15129104,0.77884114,0.007833364,0.29989642,0.6831047,0.46354544,0.25825974,0.26110196,0.1536671,0.22246154,0.38632306,0.088415645,0.35614848,0.13061617,0.095565826,0.53437704,0.38001254,0.47942406,0.3903033,0.72133917,0.064116284,0.39653626,0.7531606,0.18808211,0.34972772,0.37388563,0.167716,0.015182494,0.18728584,0.6301411,0.40203962,0.0075694174,0.110971615,0.19452648,0.1160116,0.072303385,0.20693237,0.002964369,0.14769776,0.36025715,0.23334509,0.31662217,0.07848268,0.119753554,0.33694267,0.5426655
BC2026_Train_0012_S03_20220211_233000_30,0.028853806,1.9702238e-06,0.019818867,0.15845805,1.561967e-08,0.1650369,0.26473927,0.1419704,1.8621746e-06,5.9199403e-05,0.0037084417,0.043459293,0.014481216,5.010725e-09,2.278992e-07,2.165944e-06,0.0052968333,0.0007240391,1.867326e-05,0.04532067,0.2830082,3.2137645e-08,0.22183819,4.815779e-05,2.2152472e-06,2.6542997e-05,3.3221204e-10,0.31740266,9.570369e-06,0.00933177,2.205783e-05,5.1010447e-06,1.3690017e-06,1.1973835e-07,1.5129083e-07,1.3254276e-08,3.0130613e-07,4.320964e-07,4.074411e-06,8.9870056e-08,1.3971908e-06,7.755631e-06,3.2783214e-07,8.256459e-06,4.3066763e-07,4.3066763e-07,4.4794543e-08,1.5532453e-06,1.6589709e-12,3.135361e-06,1.1984444e-08,1.59808e-08,1.59808e-08,1.66606e-08,3.808482e-07,3.060809e-08,0.0019746958,0.117369466,7.094512e-05,0.28998783,0.00025865075,0.0009088725,1.5752491e-06,0.0007879426,1.1999134e-06,1.1657255e-09,2.6877996e-07,0.0014031039,0.00048497855,0.003108372,2.0866128e-05,0.0009852911,0.1883256,0.22140434,0.0005518025,0.3882124,0.3241316,0.5485659,0.5443549,0.23081653,0.37100893,0.050286528,0.6682869,0.076121226,0.22985783,0.48769313,0.68644357,0.6932639,0.2639295,0.08012064,0.48574686,0.6274194,0.21881501,0.00011983861,0.19648236,0.56002563,0.169562,0.002764117,0.35456407,0.24361084,0.00025623722,0.07661937,0.44818234,0.05895833,0.4549148,0.42003083,0.16535452,0.03223882,0.17649822,0.37989837,0.19902001,0.57825285,0.3046274,0.38373762,0.12218652,0.020676281,0.14663027,0.107971035,0.12911503,0.38610208,0.5754508,0.46140966,0.22283061,0.029155523,0.64300215,0.16688386,0.37826827,0.23383923,0.32290882,0.24816124,0.25679982,0.74999523,0.00037402994,0.14103805,0.2268296,0.08595356,0.06991916,0.5142055,0.44928688,0.007554571,0.08361706,0.0001299366,0.26168975,0.5858549,0.0049478174,0.16793278,0.28353557,0.17252332,0.00040946144,0.29963276,0.079243,0.3304244,0.26908076,0.551282,0.36479756,0.25150278,0.2128496,0.12698458,0.022344202,0.26608792,7.1343584e-07,0.4235438,0.1579816,0.38809407,0.3179503,0.021499684,0.09501109,0.31469843,0.26986623,0.639962,0.5572238,0.03108048,0.1833883,0.3755194,0.004796317,0.2884898,0.073447555,0.89002913,0.15810098,0.49950793,0.025846658,0.11200835,0.25421074,0.32550398,0.06601678,0.12118914,0.021832848,0.28261033,0.17060928,0.85204226,0.0058433246,0.32302016,0.687012,0.490871,0.3014967,0.28428146,0.18508187,0.196834,0.43666977,0.120419905,0.38497016,0.1716357,0.08416575,0.4844967,0.38914704,0.38379413,0.4621616,0.7476186,0.070708774,0.42985058,0.87805915,0.1678319,0.43121365,0.4379195,0.12914969,0.014074241,0.19314991,0.64446276,0.37954178,0.010270089,0.12481066,0.1832865,0.12851664,0.0810135,0.27026138,0.0031222075,0.14639924,0.4005438,0.14988664,0.32207972,0.051208943,0.0798974,0.2879302,0.6011402
BC2026_Train_0012_S03_20220211_233000_35,0.029072821,1.6713145e-06,0.02104951,0.16883504,1.5249258e-08,0.1797257,0.13427597,0.12575339,1.6636558e-06,5.0417642e-05,0.0013118468,0.047414005,0.014980921,6.014485e-09,2.0630605e-07,1.65197e-06,0.007907452,0.00059192075,2.4654017e-05,0.050287813,0.3385729,3.2674446e-08,0.25153297,2.34539e-05,2.7022909e-06,2.8643804e-05,2.209507e-10,0.30485234,8.269898e-06,0.0085101435,1.6696224e-05,4.417003e-06,1.0451583e-06,7.640069e-08,1.5031492e-07,9.985409e-09,2.3060392e-07,3.233311e-07,2.9117386e-06,6.363295e-08,1.0297864e-06,5.4887855e-06,2.8332832e-07,7.359684e-06,3.2217474e-07,3.2217474e-07,3.338203e-08,1.2945038e-06,1.3140617e-12,2.160244e-06,8.7554355e-09,1.175236e-08,1.175236e-08,1.2386616e-08,2.956191e-07,2.9480343e-08,0.0019796316,0.13461208,6.518585e-05,0.22353232,0.00028504088,0.0009823698,1.7107924e-06,0.0009692569,5.762626e-07,1.3614717e-09,2.7474462e-07,0.0017123608,0.0004202689,0.003712307,2.0886842e-05,0.00082337495,0.17266363,0.18980278,0.00029537466,0.35246497,0.32800168,0.4762444,0.5287865,0.2412704,0.36199853,0.04995527,0.64164186,0.08666956,0.22055732,0.36034638,0.62964076,0.66979414,0.31956157,0.08688403,0.49924552,0.70135516,0.24556525,0.000114611124,0.20873457,0.66126275,0.1325946,0.0017186366,0.36886594,0.25947016,0.00018949035,0.098024815,0.43862757,0.06089803,0.43345922,0.29719707,0.14741185,0.028034601,0.19391048,0.37538236,0.18448335,0.56153965,0.24157336,0.47802874,0.108717434,0.020528385,0.16676469,0.10381444,0.11801268,0.41922474,0.6145307,0.43738392,0.24511378,0.029520115,0.6137994,0.20056644,0.40550825,0.24373478,0.26397368,0.32579035,0.21768726,0.7738638,0.00043208228,0.15218535,0.2189767,0.15053211,0.069774225,0.5381125,0.46210793,0.005438185,0.08211511,0.000113930524,0.22218497,0.46004525,0.004247993,0.24345718,0.27226496,0.0850954,0.0003653217,0.31102812,0.07089696,0.36829105,0.24832672,0.46734163,0.3210954,0.2451133,0.18457638,0.13175483,0.017727433,0.31960782,4.885333e-07,0.45966583,0.1487422,0.40646866,0.3410851,0.023246406,0.09019752,0.29458433,0.24223267,0.63717526,0.42613485,0.032732405,0.24686417,0.3069463,0.0056412155,0.2844562,0.086242974,0.88071495,0.16994335,0.41672936,0.018738654,0.14838727,0.20742002,0.29880893,0.06157475,0.13344547,0.027232125,0.3055089,0.16355109,0.76101863,0.00750643,0.2702427,0.6990308,0.51130545,0.25828758,0.28766704,0.17650169,0.21587522,0.43553972,0.1095828,0.29745418,0.16182818,0.08710492,0.40683264,0.42545056,0.3843825,0.5603125,0.7416799,0.0695814,0.44311887,0.7587979,0.20751163,0.33740354,0.4308634,0.12613761,0.014636562,0.16649224,0.57094127,0.3425886,0.009983472,0.10349172,0.17109483,0.12900032,0.07522458,0.20866473,0.0029536025,0.122221485,0.44927937,0.14513768,0.3400867,0.05156792,0.103202246,0.2723014,0.5908053
BC2026_Train_0012_S03_20220211_233000_40,0.031257395,1.3364447e-06,0.013543302,0.15114674,1.4964638e-08,0.17402913,0.13172074,0.16546267,1.3783672e-06,7.0209666e-05,0.0020937154,0.016509837,0.016889323,5.909075e-09,2.1961075e-07,1.845964e-06,0.0067195254,0.0007143295,1.9976042e-05,0.054900743,0.26127547,4.1271797e-08,0.27639127,2.8361059e-05,2.4896226e-06,3.127832e-05,1.5829961e-10,0.29039958,5.221807e-06,0.0070590414,2.032619e-05,3.5666376e-06,9.4198305e-07,9.386703e-08,1.5108579e-07,1.0299224e-08,2.3262041e-07,2.6401653e-07,3.2273292e-06,7.8110524e-08,1.074145e-06,6.2929557e-06,2.562821e-07,5.88728e-06,3.3169906e-07,3.3169906e-07,3.8238813e-08,1.2076159e-06,1.198748e-12,2.0231005e-06,1.0046267e-08,1.3311579e-08,1.3311579e-08,1.2951185e-08,3.1058497e-07,2.6320883e-08,0.0019802707,0.13491371,7.3063275e-05,0.27475965,0.00027888105,0.0011022455,3.1761374e-06,0.0011036542,6.3898483e-07,8.269048e-10,2.529852e-07,0.0016219688,0.0003875858,0.0034056192,2.0983542e-05,0.00088134006,0.18237437,0.19017181,0.00034496846,0.36323556,0.2595509,0.51292646,0.49416548,0.21709082,0.34163252,0.049412534,0.62679267,0.08326686,0.20661898,0.3840779,0.64817184,0.57967395,0.3535151,0.0831496,0.48200992,0.50789845,0.2915124,0.0001306439,0.16553956,0.56795675,0.17102969,0.0017565421,0.37585917,0.27050832,0.00023309706,0.09067072,0.45496556,0.06636054,0.4409943,0.34256586,0.16112636,0.030762332,0.18752754,0.3636695,0.18447472,0.60170865,0.28568757,0.5120544,0.110665776,0.02183423,0.1673868,0.11204741,0.10487505,0.41254237,0.618834,0.47450298,0.2741081,0.030354604,0.5871905,0.15425657,0.37276107,0.25885102,0.27075577,0.2998289,0.12000666,0.7833143,0.00029228046,0.12189569,0.25941974,0.10774373,0.061938,0.5386555,0.4576304,0.007861517,0.086910725,0.000107017,0.24363083,0.38096076,0.0040647914,0.16384314,0.25013864,0.09743982,0.00023871903,0.29455808,0.0693088,0.33054668,0.27281958,0.5090112,0.2764702,0.26288047,0.22382629,0.13104504,0.02233252,0.2915114,3.8119654e-07,0.44775045,0.14776213,0.40792167,0.35651273,0.026712863,0.09389872,0.299678,0.24024178,0.6323505,0.4573649,0.034057368,0.21172765,0.32960176,0.005430441,0.286788,0.07291475,0.8574511,0.18174575,0.2115457,0.017894648,0.11803002,0.25081402,0.30783594,0.07490737,0.13942224,0.024969915,0.3253893,0.16029388,0.78622395,0.010611131,0.26908028,0.6632955,0.5320081,0.29429176,0.2475132,0.22768427,0.20388056,0.40907052,0.12297055,0.33609632,0.15028693,0.08505436,0.4678373,0.4335517,0.41549537,0.38732424,0.7434648,0.07575374,0.4360445,0.8184086,0.19487058,0.3408922,0.3858845,0.14414863,0.013027346,0.16998897,0.5829987,0.31428218,0.008545696,0.11964823,0.21045403,0.10458706,0.076976255,0.18274924,0.0030294105,0.13189214,0.44075993,0.13543585,0.35833204,0.059187204,0.091644466,0.22248459,0.56248015
BC2026_Train_0012_S03_20220211_233000_45,0.039549664,9.212355e-07,0.015244537,0.10592164,1.5335003e-08,0.16000633,0.104989655,0.30171636,1.2731024e-06,7.728746e-05,0.0032868958,0.027691284,0.013514424,6.4545485e-09,2.020871e-07,1.8530012e-06,0.0048183426,0.0007740434,1.6294138e-05,0.068804495,0.4222821,2.0854351e-08,0.23965466,5.8448545e-06,1.6590161e-06,2.2333621e-05,1.279357e-10,0.24819943,4.159005e-06,0.008545018,2.3161638e-05,2.7388376e-06,8.447114e-07,7.77657e-08,1.5359116e-07,6.811453e-09,1.5275364e-07,2.1941753e-07,2.5575762e-06,5.1616933e-08,8.320792e-07,6.2617487e-06,1.6524561e-07,4.1773847e-06,2.6952387e-07,2.6952387e-07,2.4342027e-08,9.431881e-07,9.434419e-13,1.6185119e-06,7.2400503e-09,9.342742e-09,9.342742e-09,9.062047e-09,2.0510342e-07,2.6819633e-08,0.0019803164,0.12908171,7.304502e-05,0.24931587,0.00014853105,0.00084218214,2.125417e-06,0.0006974589,4.5843993e-07,5.3494453e-10,3.640029e-07,0.0016592807,0.00043000988,0.0037996417,2.0936526e-05,0.0010557096,0.17184731,0.13622455,0.00029638264,0.34928247,0.27318653,0.4333996,0.4652986,0.14923167,0.3554205,0.052938074,0.48845273,0.07981698,0.19135082,0.39154848,0.43338314,0.5834564,0.37832367,0.08393688,0.4459578,0.5113926,0.26809922,7.583858e-05,0.18760413,0.5124917,0.15110879,0.003244159,0.30414903,0.24492127,0.0001536162,0.08897422,0.45581368,0.09383771,0.37371546,0.2698056,0.2347471,0.02332534,0.17147677,0.31914717,0.13745867,0.5324658,0.27060765,0.34644133,0.110386305,0.012321415,0.1171094,0.12915903,0.10066927,0.40527964,0.5825806,0.42419285,0.21958934,0.03441781,0.52717173,0.20671023,0.36515546,0.19119059,0.26946637,0.32190087,0.12088129,0.770232,0.00025238734,0.12915364,0.18781945,0.07339304,0.0664913,0.5488156,0.36148083,0.011104466,0.07200643,5.781744e-05,0.17184353,0.40488285,0.0044817748,0.15151408,0.19246632,0.17714599,0.00016638526,0.24433015,0.0705925,0.2546339,0.23906787,0.57485825,0.19321747,0.20805156,0.23283684,0.16942877,0.026921835,0.27932,1.9329275e-07,0.29107255,0.12010651,0.42837092,0.33089206,0.031618025,0.08499187,0.2269539,0.2587848,0.6677447,0.44820553,0.031853728,0.22508782,0.33087894,0.0067393044,0.24469398,0.08637239,0.783506,0.20790489,0.14257812,0.018040137,0.09691272,0.27298048,0.34276876,0.08266791,0.14633183,0.034315296,0.28488898,0.17076702,0.72096336,0.0068246294,0.27996686,0.61794657,0.43328425,0.28380263,0.3022783,0.18287793,0.18515807,0.39910567,0.11021001,0.3056616,0.15944785,0.0743122,0.32604456,0.31670842,0.39954385,0.20395914,0.72445256,0.05624141,0.4050673,0.8770168,0.17381659,0.3869051,0.45597056,0.12509651,0.010269428,0.19264692,0.4748079,0.31985858,0.007123409,0.15011972,0.17107123,0.1191352,0.08712114,0.3189179,0.0023901796,0.14765304,0.36271685,0.13979137,0.26821214,0.048408873,0.07343671,0.24759308,0.68409586
BC2026_Train_0012_S03_20220211_233000_50,0.028196543,1.1170822e-06,0.015384308,0.13134728,1.5055152e-08,0.1767714,0.20929599,0.17256567,1.7813937e-06,7.430648e-05,0.0016788797,0.024743384,0.015922489,5.665046e-09,2.2617155e-07,2.7011704e-06,0.009652205,0.0007499798,1.9902573e-05,0.04915795,0.25845858,3.048341e-08,0.2773253,9.5843225e-06,3.2353144e-06,2.5706851e-05,1.8028007e-10,0.25730368,5.7164793e-06,0.0076374146,2.7862196e-05,3.270609e-06,9.612114e-07,8.617441e-08,1.5325432e-07,9.2540295e-09,2.165351e-07,2.60572e-07,3.419815e-06,6.768901e-08,1.0605728e-06,7.19497e-06,2.5105334e-07,5.024135e-06,3.2588636e-07,3.2588636e-07,3.584107e-08,1.076276e-06,1.2270265e-12,1.9715415e-06,1.01305595e-08,1.3257488e-08,1.3257488e-08,1.2647986e-08,2.7675264e-07,2.7112236e-08,0.001983681,0.12648943,6.182522e-05,0.24590468,0.00018430957,0.0009471952,3.434848e-06,0.0008537338,1.2619471e-06,7.793548e-10,2.7711e-07,0.0015409383,0.0004500051,0.003475969,2.0891344e-05,0.0010272728,0.17535181,0.16813405,0.0002890415,0.25454414,0.32913193,0.40119955,0.5968395,0.20925225,0.37814134,0.06093521,0.537111,0.074497685,0.22374792,0.3948828,0.5691123,0.701887,0.4027881,0.10226122,0.5131474,0.4312402,0.27274978,0.00011298326,0.23619097,0.52954614,0.14540981,0.0020712083,0.28024414,0.27522233,0.00022926155,0.08610301,0.4283548,0.085554555,0.33639807,0.39159378,0.15830262,0.024001753,0.17033413,0.35886616,0.14971466,0.5401336,0.25156105,0.37008107,0.12067115,0.011574997,0.11294019,0.099649996,0.11501228,0.3584186,0.56369406,0.345966,0.19631027,0.038511183,0.44928497,0.1820732,0.33935145,0.19917329,0.26292518,0.32360882,0.12033308,0.74625826,0.000505649,0.1263343,0.25860587,0.103913814,0.081598304,0.5274786,0.3224491,0.013275489,0.106057815,7.2911855e-05,0.18957122,0.39944258,0.0067582675,0.19662456,0.18479301,0.07819512,0.00032763643,0.29201502,0.0800427,0.20885678,0.23318076,0.5092328,0.22993854,0.20673491,0.27960646,0.14349413,0.0264808,0.34043482,2.188487e-07,0.378853,0.13074054,0.4212286,0.30315438,0.036568027,0.080370374,0.19172436,0.2528159,0.6523734,0.42080584,0.022035332,0.18752195,0.3415106,0.0063436283,0.25806412,0.07587111,0.87247604,0.19789986,0.13401218,0.013848449,0.116060935,0.2552386,0.27829614,0.068789296,0.1330377,0.023534805,0.3007429,0.16577421,0.7996212,0.006590202,0.28494337,0.60308236,0.41247422,0.22900538,0.30349168,0.13076971,0.18522175,0.33309337,0.11634002,0.3133757,0.14271499,0.09363617,0.3093907,0.32689604,0.39309877,0.26251936,0.6535056,0.05602168,0.41156378,0.81883234,0.13679503,0.4304111,0.45664227,0.1148164,0.011122061,0.17412506,0.5911969,0.38378623,0.007238351,0.113247134,0.19193804,0.13729334,0.08161267,0.28862378,0.0031280313,0.13248885,0.42604384,0.14161985,0.30221155,0.044981148,0.10653509,0.2795246,0.59797966
BC2026_Train_0012_S03_20220211_233000_55,0.045752358,1.0522308e-06,0.017555196,0.14241473,1.48158135e-08,0.17015883,0.17278814,0.14331718,1.9036358e-06,8.343719e-05,0.001960341,0.02027478,0.016928587,5.2356155e-09,2.1751288e-07,1.9219087e-06,0.0070136604,0.00071740465,1.4665959e-05,0.06397561,0.25963905,4.270086e-08,0.24067906,1.786996e-05,3.2958676e-06,2.2446986e-05,1.3764043e-10,0.27211854,5.212043e-06,0.0092396885,2.503974e-05,2.8404927e-06,7.6174774e-07,8.425682e-08,1.528467e-07,8.22257e-09,2.0024837e-07,2.1857116e-07,3.15447e-06,5.9313596e-08,9.188936e-07,6.068247e-06,2.5348135e-07,4.1187986e-06,3.1021597e-07,3.1021597e-07,3.2585152e-08,8.373985e-07,1.0127319e-12,1.6679655e-06,9.143294e-09,1.1899524e-08,1.1899524e-08,1.1526924e-08,2.5518665e-07,2.5643192e-08,0.001981335,0.130757,6.828342e-05,0.27072802,0.00021593906,0.0008201097,2.6179696e-06,0.0008256234,6.527302e-07,9.872653e-10,2.6451895e-07,0.0015529199,0.0003707626,0.0036136936,2.0882704e-05,0.0009008254,0.19798677,0.20313714,0.000277706,0.41431588,0.49439692,0.49403128,0.61598927,0.19284055,0.35966298,0.052333474,0.46811637,0.08875392,0.21198125,0.4173857,0.56655866,0.7963076,0.47630432,0.080999896,0.3610186,0.4690544,0.22728634,0.00010719554,0.22448911,0.5008857,0.16360666,0.005195853,0.29354674,0.34095573,0.00043607934,0.08553312,0.4337218,0.07671739,0.39292246,0.4315205,0.18902694,0.024413317,0.17164329,0.39815673,0.15435584,0.5737469,0.28269383,0.39988852,0.102896705,0.018566534,0.103865676,0.10596397,0.10038564,0.32278267,0.51012594,0.42777875,0.22155026,0.039042138,0.4741125,0.18141918,0.39723945,0.22240454,0.46138948,0.4468305,0.10793851,0.7297835,0.0009266882,0.14964446,0.18159965,0.07061116,0.07250477,0.5545705,0.40655893,0.014490393,0.10112753,7.180095e-05,0.21299529,0.448829,0.0050233216,0.14938116,0.2761118,0.12376956,0.0003216712,0.2751937,0.070107065,0.28206465,0.2319823,0.47282213,0.20592844,0.3069468,0.20446368,0.1384017,0.019962106,0.32325843,6.255035e-07,0.4895568,0.1492453,0.39909405,0.36959565,0.03342592,0.08100588,0.28094205,0.24824576,0.6484229,0.4559196,0.022166757,0.16343628,0.3176842,0.00897646,0.30641845,0.07019696,0.8200894,0.17510824,0.17252807,0.030096324,0.14411105,0.23626173,0.33687708,0.06311039,0.120478906,0.025351616,0.3369344,0.15009238,0.8666097,0.0073459647,0.26820523,0.7702494,0.44596905,0.26738453,0.28578556,0.14056483,0.23348968,0.30729553,0.13008423,0.33897242,0.17119701,0.097893745,0.5253166,0.3860958,0.36485642,0.27082205,0.6905947,0.0682438,0.32879585,0.7831931,0.12122147,0.39692387,0.52614594,0.09182356,0.009426359,0.21197149,0.50289017,0.3831976,0.005550031,0.123184904,0.21270406,0.16257125,0.075197585,0.19424155,0.0032590851,0.15219244,0.50806713,0.1033447,0.3362384,0.04030504,0.08549966,0.29814237,0.63971716
BC2026_Train_0012_S03_20220211_233000_60,0.048059903,1.4118175e-06,0.018239237,0.10576228,1.5730269e-08,0.16247822,0.10679424,0.19305764,1.680338e-06,7.121851e-05,0.0019357195,0.030359784,0.01633321,6.2383814e-09,2.238927e-07,3.3036933e-06,0.0056534368,0.0008321436,1.6034566e-05,0.061913088,0.29333603,3.064409e-08,0.24216472,1.2959385e-05,3.1872792e-06,2.1807498e-05,2.9099714e-10,0.25482798,5.519855e-06,0.0068798196,3.553634e-05,3.7403267e-06,1.0175135e-06,1.08842336e-07,1.5328996e-07,9.456628e-09,2.2941661e-07,2.9889586e-07,3.586582e-06,7.218484e-08,1.103353e-06,7.655253e-06,2.3114791e-07,5.381594e-06,4.80835e-07,4.80835e-07,3.981977e-08,1.379748e-06,1.3166213e-12,2.2502747e-06,1.0359068e-08,1.3779894e-08,1.3779894e-08,1.3247172e-08,3.0953467e-07,2.5417181e-08,0.0019846556,0.09687939,7.605303e-05,0.34843126,0.0004106817,0.0007162097,1.4948142e-06,0.0012940683,8.394404e-07,7.820337e-10,3.1441334e-07,0.0015809238,0.00040841044,0.0033178392,2.0981066e-05,0.0009036098,0.15776445,0.14412189,0.00029934183,0.31495905,0.3229746,0.47962385,0.42009872,0.20571552,0.32936966,0.050023578,0.41471016,0.067956954,0.22763933,0.38272768,0.4899447,0.67055464,0.36926663,0.08994719,0.40350232,0.49591944,0.24028611,0.00012997123,0.12159976,0.49704093,0.15261136,0.0066545787,0.34110028,0.28982717,0.00035250376,0.086480044,0.4242877,0.084156156,0.3008904,0.28871095,0.22496724,0.032754418,0.19758075,0.3517728,0.1598005,0.52575254,0.20554288,0.35291332,0.117102064,0.014498334,0.14176224,0.10278936,0.1150768,0.40944758,0.70849746,0.33996248,0.21290013,0.037366055,0.53801966,0.27244097,0.34359854,0.18835245,0.30523476,0.40479988,0.12270739,0.7591731,0.0010834537,0.13915256,0.24462408,0.09751555,0.07825127,0.46695343,0.31669348,0.01028082,0.07651935,0.00016555104,0.17467873,0.38481244,0.006621634,0.1588361,0.21412593,0.076559216,0.0003802981,0.34477407,0.070044346,0.34558943,0.20924324,0.45448384,0.19713497,0.2749483,0.2768622,0.1510946,0.023995047,0.2023646,7.0437505e-07,0.5074755,0.13139603,0.394056,0.25951225,0.042445764,0.091197796,0.31727502,0.25330892,0.68355095,0.40279838,0.057583965,0.16527677,0.3808079,0.007516571,0.21580987,0.08120718,0.8458508,0.20290251,0.14117567,0.019787464,0.11500946,0.30125004,0.29780427,0.08506156,0.12997715,0.024326906,0.3066181,0.17093684,0.75026107,0.005585732,0.28001425,0.5485532,0.44030103,0.29757494,0.27199253,0.16360699,0.17386138,0.46600795,0.09581532,0.3275585,0.26491356,0.08383055,0.42151397,0.46199214,0.42553818,0.4124891,0.6925228,0.08349309,0.41343734,0.7772449,0.11706945,0.47514117,0.62829506,0.1223183,0.010849797,0.16304229,0.48418617,0.3364116,0.0064060506,0.10414259,0.19675362,0.10082214,0.060772814,0.2904587,0.00360443,0.19007246,0.37324342,0.105386324,0.2957475,0.053830225,0.0954264,0.26386616,0.63655
BC2026_Train_0013_S13_20220217_233000_5,0.004302507,3.0380568e-05,0.032558233,0.74813855,1.6522668e-08,0.121012434,0.03469207,0.08911676,1.608881e-05,1.4497198e-05,0.021959981,0.04014767,0.023595925,6.1117644e-09,2.3789016e-07,0.0001661438,0.0013123073,0.00031897242,0.0006012789,0.04920915,0.24768141,5.2609042e-08,0.2680949,8.737884e-06,4.067565e-06,2.1577307e-05,3.8230407e-08,0.36557636,0.00048647882,0.011969982,4.467615e-05,4.62239e-05,1.0030425e-05,1.2786147e-06,1.4638535e-07,9.575734e-07,1.6255677e-05,4.1451744e-06,0.000103199636,6.1630435e-06,3.7098987e-05,2.1903588e-05,1.2257333e-05,8.109013e-05,3.8945367e-05,3.8945367e-05,4.558834e-06,8.502898e-05,7.617351e-11,2.339068e-05,1.169692e-06,1.432623e-06,1.432623e-06,8.175729e-07,1.873468e-05,4.145284e-08,0.001978176,0.014661354,7.520187e-05,0.10081485,0.00047084276,0.00090220204,0.004778387,0.0013195751,4.4357394e-06,1.3466878e-07,5.134081e-08,0.0010208449,0.00080835476,0.0013749689,2.1238366e-05,0.0019039687,0.17262498,0.27983993,0.0035110118,0.42134216,0.5213145,0.6461313,0.39422184,0.25007406,0.31119737,0.09259302,0.48107868,0.11928049,0.17676695,0.46496534,0.661762,0.85757864,0.19944133,0.14705168,0.6429574,0.84087574,0.10040307,0.00072498026,0.24211451,0.2850577,0.32042754,0.0041634743,0.6797208,0.28268772,0.0060408264,0.06376647,0.62723625,0.07417358,0.43637764,0.29417458,0.11311728,0.05214246,0.44785038,0.44947296,0.35944974,0.6323283,0.46049947,0.69017464,0.08985636,0.11440986,0.34958956,0.13449535,0.2966635,0.5601848,0.3755793,0.6536593,0.3723801,0.038932953,0.6084084,0.20836158,0.37613145,0.3543454,0.5352418,0.2771423,0.32154974,0.8113095,0.0014704667,0.3158394,0.22707446,0.09840176,0.01636347,0.7915064,0.28938743,0.022974307,0.085675225,0.0002471189,0.2788946,0.36698246,0.016325755,0.24225324,0.471608,0.08278815,0.0013500497,0.29698035,0.14649044,0.3717964,0.36601427,0.40491465,0.28949288,0.44804224,0.19004464,0.060224194,0.026675647,0.35556477,7.528136e-05,0.536005,0.1204609,0.5505881,0.38679984,0.009600096,0.04445101,0.40999588,0.23590004,0.81779546,0.34426156,0.04364717,0.23264946,0.24335486,0.020244451,0.43780467,0.21169774,0.96511847,0.161706,0.063506514,0.039175946,0.35203964,0.3528464,0.21113746,0.09582817,0.059222955,0.06305013,0.30857173,0.1948257,0.5937062,0.017818497,0.4688905,0.5414978,0.78692204,0.3598298,0.2983858,0.1476308,0.40130025,0.50211376,0.09958764,0.58478665,0.1363082,0.09390913,0.5648644,0.59056705,0.37917563,0.5375483,0.7905278,0.0757836,0.7553633,0.6685629,0.4609731,0.23935013,0.35011858,0.11206399,0.04277307,0.18964583,0.49250793,0.5316646,0.004275556,0.19687024,0.24762318,0.21687923,0.058657136,0.5335846,0.038155682,0.2753679,0.30132815,0.044461224,0.54767686,0.030092211,0.092501424,0.21396326,0.6629756
BC2026_Train_0013_S13_20220217_233000_10,0.0047744894,2.987143e-05,0.024145925,0.7478658,1.7065243e-08,0.10889744,0.032979295,0.080161706,1.560177e-05,1.788542e-05,0.01878045,0.026700597,0.019479476,6.498746e-09,2.468691e-07,0.00018214188,0.0010035,0.00029345666,0.00074073125,0.04710704,0.212657,5.2971693e-08,0.26484182,9.2006685e-06,2.6642556e-06,2.1083955e-05,2.3853381e-08,0.33573642,0.00024841403,0.01424765,6.430856e-05,5.254259e-05,1.2079149e-05,1.3313642e-06,1.4754174e-07,9.0191094e-07,1.5728374e-05,5.09285e-06,0.00010888935,6.149424e-06,3.7250877e-05,2.4988176e-05,1.2107471e-05,8.774933e-05,5.0944327e-05,5.0944327e-05,4.7327685e-06,8.987073e-05,8.209986e-11,2.992595e-05,1.1628595e-06,1.4241567e-06,1.4241567e-06,7.8787235e-07,2.14532e-05,4.4249774e-08,0.0019786241,0.014274129,7.0942275e-05,0.10593587,0.00040724257,0.000873116,0.0047276476,0.0012842288,5.0307003e-06,1.6109662e-07,6.552566e-08,0.0009641971,0.0008058159,0.0012282515,2.1252059e-05,0.0018969739,0.15335359,0.2746214,0.0034935821,0.39950755,0.65370446,0.5957022,0.44794768,0.20697114,0.30057344,0.120261945,0.47416312,0.097392626,0.19667025,0.4882856,0.5334753,0.78381944,0.20478666,0.14997458,0.5244453,0.7147336,0.08659451,0.0005572873,0.19799933,0.3014208,0.25506747,0.0043311054,0.6225611,0.36852756,0.00742715,0.06310919,0.61508214,0.08845361,0.49066404,0.24587314,0.11069098,0.04933198,0.42425555,0.43451822,0.36440772,0.6468945,0.44810206,0.6996266,0.0758045,0.086072445,0.49923107,0.16764088,0.3052108,0.5225721,0.42359763,0.63172275,0.38007668,0.04634183,0.57922447,0.22992104,0.3173923,0.3193645,0.654935,0.27754548,0.20064531,0.7821765,0.0012457978,0.32972038,0.26257563,0.10316169,0.022172766,0.68539613,0.2809996,0.021240944,0.06709459,0.0004121317,0.29212523,0.38816747,0.018757172,0.17189202,0.43800345,0.074915625,0.0011895136,0.24051459,0.1691048,0.3862012,0.41367024,0.40517253,0.23921494,0.45865983,0.18239997,0.052810133,0.024140026,0.30991045,7.4393865e-05,0.43756205,0.09012568,0.5168063,0.4307958,0.010149704,0.04864818,0.43408123,0.24317025,0.8281227,0.32129014,0.041652262,0.30076614,0.28262788,0.019691337,0.46170568,0.21369183,0.938564,0.19411096,0.07175345,0.04902495,0.3676102,0.42714575,0.21252768,0.083628565,0.060603898,0.059477832,0.3564575,0.21146053,0.605507,0.017787177,0.39106604,0.6168586,0.7464905,0.3311427,0.32067233,0.14954321,0.5047357,0.43902695,0.08431553,0.595657,0.1309852,0.070400745,0.57116103,0.5002521,0.4038442,0.59677577,0.7735583,0.058023505,0.73519534,0.6460545,0.48227233,0.25297746,0.3498079,0.11383211,0.06321973,0.18949044,0.52086544,0.45405066,0.004536164,0.19005759,0.23083405,0.18130039,0.055099778,0.44933343,0.035753734,0.36728606,0.34417608,0.044974618,0.47877517,0.033251327,0.10481481,0.22581562,0.6669052
BC2026_Train_0013_S13_20220217_233000_15,0.0044046096,3.298699e-05,0.030514786,0.7937062,1.8641714e-08,0.104630955,0.018284164,0.12971082,1.5795327e-05,1.3971387e-05,0.019949405,0.028165165,0.028615212,6.979529e-09,2.2878733e-07,0.00024766568,0.0014343215,0.00028940526,0.0009712578,0.057108313,0.25625023,4.742126e-08,0.3399008,1.4090883e-05,6.277758e-06,2.0121726e-05,1.01611725e-07,0.39470616,0.00030236784,0.015944855,5.7209043e-05,5.8244023e-05,1.1743792e-05,1.4510374e-06,1.481884e-07,1.0605634e-06,1.8680874e-05,5.094447e-06,0.000121435005,7.167486e-06,4.446895e-05,2.709384e-05,1.4167615e-05,9.599269e-05,4.5304663e-05,4.5304663e-05,5.3886088e-06,9.8351964e-05,9.013644e-11,2.9863526e-05,1.3369004e-06,1.6106511e-06,1.6106511e-06,9.422903e-07,2.2095073e-05,4.4372268e-08,0.0019763259,0.011697909,7.686199e-05,0.10387152,0.0004554269,0.0009201348,0.0058578867,0.0013122533,7.48522e-06,2.5011258e-07,4.9158643e-08,0.0011832952,0.0010765318,0.001198026,2.1176651e-05,0.0022828237,0.18086165,0.20803165,0.0038329915,0.43070707,0.60182804,0.6301429,0.3501613,0.17613572,0.3136807,0.1098117,0.45791408,0.11970209,0.20999236,0.51735413,0.6146692,0.73491424,0.19998038,0.1728123,0.6423136,0.7927982,0.10233398,0.0005692848,0.273571,0.37508357,0.23647946,0.004756841,0.6972851,0.2903884,0.0054911524,0.05969016,0.6109835,0.11020268,0.5691967,0.28997955,0.09680007,0.059570342,0.43139264,0.3703315,0.3736085,0.6005885,0.440356,0.7110714,0.07315707,0.079270795,0.39447504,0.16501346,0.29771465,0.5335063,0.31902435,0.6435143,0.34816596,0.062255636,0.65886956,0.2222921,0.32267308,0.35734564,0.59671396,0.24499422,0.19809887,0.7889372,0.0014694418,0.24687998,0.33408123,0.09774718,0.01834143,0.69106233,0.26365516,0.03591809,0.07361918,0.00039190485,0.26327252,0.396387,0.021512557,0.20993584,0.45517668,0.10539358,0.0010552644,0.28893197,0.18452688,0.44359782,0.36008257,0.43194586,0.3831635,0.4642652,0.19653523,0.05871027,0.031829465,0.36271647,6.678379e-05,0.48180863,0.09880844,0.468975,0.41812006,0.012541692,0.03963583,0.41073626,0.23439838,0.8375052,0.34110358,0.052975852,0.26974785,0.30722076,0.023751741,0.5277978,0.21938927,0.91981345,0.20948444,0.05914342,0.032798115,0.34769052,0.34951377,0.22898296,0.13755722,0.055755813,0.055358075,0.33678362,0.20172237,0.55634356,0.0233569,0.38418075,0.57313454,0.7305216,0.31108534,0.3351844,0.14209473,0.45756525,0.46475965,0.09759937,0.5973166,0.14942273,0.08155819,0.65964717,0.54478204,0.35014418,0.59693545,0.7811533,0.06880449,0.7461503,0.7808823,0.47341213,0.22858897,0.41451833,0.16655663,0.056250405,0.26004353,0.5198962,0.4459472,0.005698585,0.22151446,0.21103095,0.27343357,0.05450195,0.5261824,0.034821995,0.32507056,0.38070354,0.047375146,0.546742,0.030450677,0.08491097,0.23958758,0.6672797
BC2026_Train_0013_S13_20220217_233000_20,0.005366574,3.653747e-05,0.0516681,0.7833961,1.742622e-08,0.09986484,0.023300074,0.18586762,1.3335675e-05,6.600675e-06,0.03273571,0.08442929,0.023461647,7.240838e-09,2.2194851e-07,0.00017404888,0.0018433145,0.00029350602,0.0013898313,0.0564562,0.23362659,4.9213398e-08,0.34745145,6.41363e-06,2.5157378e-06,1.5281266e-05,5.757479e-08,0.3549167,0.00018655749,0.012530661,2.7659775e-05,3.7326477e-05,8.3499235e-06,1.7130761e-06,1.5419005e-07,3.9346497e-07,7.4152476e-06,2.7828742e-06,5.8666745e-05,3.1758989e-06,2.0201407e-05,1.05262e-05,9.176493e-06,5.8245856e-05,2.7384709e-05,2.7384709e-05,2.4782237e-06,7.367477e-05,3.9639087e-11,1.165094e-05,5.192226e-07,6.021194e-07,6.021194e-07,3.7056594e-07,1.0957223e-05,4.8826433e-08,0.0019748502,0.0011555818,0.00010243113,0.11069055,0.00044250052,0.0009493186,0.00525965,0.0010881458,1.0253825e-06,5.7425007e-07,5.0819782e-08,0.0011940405,0.0007498965,0.0010725346,2.0835954e-05,0.0017192379,0.18947418,0.25678226,0.004903769,0.34215587,0.6231254,0.6614923,0.2946989,0.25152674,0.20361926,0.13235182,0.5602663,0.16527532,0.14634214,0.5641025,0.5052486,0.72279274,0.24247363,0.11470391,0.6214557,0.9315255,0.08752749,0.0007062558,0.057351593,0.26281577,0.38217032,0.0035391147,0.445076,0.21942109,0.004719496,0.06497921,0.65853167,0.15527624,0.5996872,0.3362991,0.15003107,0.06443392,0.45265383,0.5212103,0.42586756,0.67477334,0.50088614,0.6731326,0.10109459,0.10087598,0.54036963,0.19318497,0.41533157,0.59029263,0.34633684,0.67979175,0.5397868,0.053708933,0.6794824,0.30084184,0.39571038,0.45531625,0.76885086,0.3093654,0.3151835,0.6726863,0.0019269018,0.30476704,0.33314952,0.17261292,0.016227707,0.73730147,0.21543488,0.07962003,0.07676865,6.746089e-05,0.29626215,0.3270042,0.03616037,0.2916869,0.63080305,0.09346748,0.001825444,0.32445252,0.377954,0.43956476,0.34943554,0.30455744,0.42320684,0.59949696,0.23073338,0.059079044,0.031108672,0.3983389,5.6925724e-05,0.3693074,0.1372183,0.46414626,0.47620264,0.009379926,0.046357412,0.2865791,0.19563779,0.8441185,0.34742412,0.05225167,0.2861086,0.27791566,0.020278035,0.595008,0.17723584,0.5905578,0.24163389,0.076475486,0.060754985,0.4018614,0.46130472,0.18844527,0.10372674,0.058812898,0.07804761,0.44140473,0.23752275,0.55443686,0.027224105,0.4266891,0.41351438,0.7495035,0.3666239,0.28842276,0.14807494,0.5926738,0.5461042,0.19616906,0.68520284,0.18684684,0.09481647,0.49199325,0.56571525,0.35609522,0.2262028,0.83164424,0.06794759,0.76003915,0.7222918,0.2444194,0.34074873,0.35245577,0.14195888,0.05063786,0.20016783,0.46398968,0.4081905,0.0034430088,0.22622441,0.24548168,0.42414573,0.06670419,0.2958242,0.052365437,0.47912663,0.30264738,0.04373285,0.6065812,0.05840371,0.09183655,0.26312134,0.8344835
BC2026_Train_0013_S13_20220217_233000_25,0.0056123314,3.1575826e-05,0.024923313,0.77132744,1.7102577e-08,0.118550435,0.01584489,0.09543403,1.7669638e-05,9.922292e-06,0.00809609,0.029451651,0.023066517,6.558564e-09,2.3235349e-07,0.00021059778,0.0011232145,0.0002874498,0.0008023152,0.049777336,0.22956777,4.477994e-08,0.28255782,5.8828377e-06,2.6970702e-06,1.787262e-05,3.0420527e-08,0.3902837,0.00020946296,0.0144848535,5.0314506e-05,5.2758292e-05,1.4020873e-05,1.4255345e-06,1.4834336e-07,7.6538805e-07,1.4721404e-05,7.5514195e-06,9.789432e-05,5.4408856e-06,4.1492927e-05,2.8417397e-05,1.1582182e-05,8.917645e-05,4.940623e-05,4.940623e-05,4.2357665e-06,0.00012403015,8.541163e-11,3.2292326e-05,1.0112982e-06,1.2025696e-06,1.2025696e-06,7.258474e-07,1.6623271e-05,4.867386e-08,0.0019835804,0.002506342,7.169229e-05,0.0819699,0.00041355964,0.00094277883,0.0058765695,0.00094030553,2.667345e-06,3.2821583e-07,4.2611145e-08,0.0011694261,0.00073560415,0.0013149547,2.113707e-05,0.0017647671,0.17706737,0.21168497,0.0052549727,0.37472904,0.7420611,0.67188805,0.37972403,0.21627077,0.25233617,0.11988999,0.48940566,0.12649055,0.1467952,0.500448,0.6471987,0.810176,0.21066035,0.16897038,0.61265755,0.74622613,0.09450237,0.00058548886,0.16141807,0.23244211,0.25677246,0.0056790016,0.72142684,0.30267733,0.010450343,0.036485743,0.64143264,0.09515454,0.4965913,0.33618772,0.13572754,0.054148104,0.4679391,0.42649597,0.4046343,0.6591864,0.47445837,0.70539594,0.09483026,0.106158435,0.57455957,0.14626274,0.4390226,0.6322507,0.38237408,0.6469596,0.45039123,0.040213596,0.51968795,0.27362594,0.39448065,0.33826083,0.7191397,0.29160905,0.26574832,0.82961553,0.0011926083,0.32682812,0.34901112,0.10015883,0.018831145,0.7153477,0.2925445,0.028772611,0.101021774,0.00032671922,0.30539918,0.38703665,0.020985216,0.20011304,0.46091917,0.08652257,0.0015596548,0.25901598,0.19485088,0.37397838,0.41744134,0.42379853,0.25867456,0.56783897,0.23316327,0.061250083,0.024323909,0.3290904,4.206909e-05,0.4925593,0.10575476,0.49411732,0.56885344,0.010195035,0.047749735,0.37376818,0.26487985,0.82926255,0.36604667,0.07124731,0.32595623,0.2515746,0.02082387,0.48233843,0.21346226,0.96546835,0.1975384,0.06779144,0.03855231,0.5492678,0.38500026,0.22176237,0.09525223,0.059595477,0.13542497,0.38717207,0.25759247,0.58075935,0.020988384,0.44187608,0.51980007,0.7900881,0.35544613,0.31520826,0.1589303,0.53978497,0.48902085,0.099034406,0.621202,0.11789323,0.08348572,0.60272086,0.57689303,0.41311193,0.4160722,0.7732798,0.07561178,0.74229777,0.7195982,0.4782367,0.2557993,0.33748937,0.15327375,0.040655673,0.23155062,0.4161619,0.53994,0.0028908635,0.2330453,0.26891276,0.23205522,0.056165252,0.42079502,0.03506078,0.4205345,0.26230642,0.042119954,0.5782448,0.027452152,0.091751605,0.21819837,0.69197905
BC2026_Train_0013_S13_20220217_233000_30,0.00629054,4.1566767e-05,0.048897933,0.75493383,1.8729308e-08,0.11080055,0.013732037,0.16883558,1.3866875e-05,8.866118e-06,0.025898544,0.053548828,0.020289088,6.6130705e-09,2.4324441e-07,0.00016086343,0.0016771558,0.00029191276,0.0010711026,0.055584144,0.27990898,5.838106e-08,0.31673336,6.3045677e-06,3.1312875e-06,1.7102451e-05,4.9629865e-08,0.31270945,0.0002529991,0.013215327,3.6550366e-05,4.7188914e-05,1.1104944e-05,1.9020321e-06,1.5062521e-07,7.7047673e-07,1.2660864e-05,3.5819608e-06,8.752344e-05,5.6147164e-06,3.130793e-05,1.8293109e-05,1.09732255e-05,7.24994e-05,3.3969856e-05,3.3969856e-05,4.171416e-06,8.056609e-05,6.231836e-11,2.0583582e-05,9.688468e-07,1.1168579e-06,1.1168579e-06,6.8594164e-07,1.7067387e-05,5.5052787e-08,0.001967172,0.006077966,7.647827e-05,0.12825578,0.0004560823,0.0012071696,0.0039206618,0.00092192634,3.4712523e-06,8.731035e-07,4.561586e-08,0.0010296013,0.00088687666,0.0012267351,2.1048358e-05,0.0018786283,0.19208354,0.19383442,0.0043127346,0.4027469,0.4571262,0.7020433,0.38043594,0.22083458,0.2912799,0.1223538,0.5750934,0.08233758,0.2188274,0.57835346,0.7344954,0.72463936,0.17017642,0.15774706,0.6741959,0.9251159,0.078326516,0.00070830924,0.18559285,0.28634936,0.33992672,0.0045865574,0.6723429,0.18822926,0.0061319,0.046521906,0.6511665,0.09632131,0.6124698,0.3033401,0.13179849,0.06579711,0.44105515,0.4300514,0.40251386,0.6446258,0.59796625,0.69836384,0.11501265,0.09436253,0.52416176,0.15666506,0.46563852,0.66978115,0.4504547,0.7295917,0.42873502,0.041306783,0.7216316,0.3606808,0.3498538,0.3716325,0.540052,0.29172587,0.33681428,0.7884838,0.0011683021,0.38231683,0.27406174,0.16533606,0.02474837,0.6772927,0.2870198,0.06851583,0.076234385,0.00017958383,0.2940243,0.33876342,0.025448151,0.24993604,0.5608628,0.07684918,0.001774268,0.3207699,0.16401495,0.39849877,0.41689038,0.4117768,0.41270706,0.44767734,0.28150988,0.06186665,0.03225597,0.41197976,3.7267335e-05,0.54286313,0.120489016,0.5556642,0.40395096,0.013692798,0.057568315,0.33211446,0.23742978,0.82247037,0.3241122,0.060786102,0.3121906,0.2489779,0.025979728,0.48459047,0.21989451,0.9584819,0.21137685,0.09903741,0.044770498,0.4065825,0.4057695,0.24281754,0.09293044,0.06211094,0.095174246,0.35442355,0.2468196,0.6178246,0.024067705,0.41991207,0.54153806,0.79819524,0.36899915,0.30941027,0.15676191,0.41699293,0.48887762,0.14275703,0.62361866,0.13005556,0.077573456,0.5304698,0.5707041,0.3942539,0.43185353,0.82046276,0.067671806,0.7099524,0.7397971,0.37882292,0.3239835,0.30546767,0.15045252,0.037480786,0.19769403,0.49075204,0.47868234,0.004129493,0.18546733,0.23393987,0.28138027,0.055474307,0.444524,0.038197678,0.427366,0.3255201,0.044145025,0.57372993,0.031135472,0.077235594,0.23000984,0.66204137
BC2026_Train_0013_S13_20220217_233000_35,0.005365703,2.8977409e-05,0.026810164,0.7408025,2.136913e-08,0.1213657,0.0180002,0.13718908,1.5159859e-05,1.5023891e-05,0.063658364,0.037059054,0.023012273,6.538796e-09,2.54356e-07,0.0003069395,0.001407807,0.00028960142,0.0006385461,0.05010476,0.29761398,5.498723e-08,0.23940559,1.0565164e-05,4.482432e-06,1.6082098e-05,1.6904805e-07,0.324259,0.0002931191,0.0105572175,4.7630863e-05,5.2121846e-05,1.1754781e-05,1.5114775e-06,1.4791394e-07,1.0209943e-06,1.7387032e-05,4.4099716e-06,0.00011477317,6.8741842e-06,3.880967e-05,2.4282368e-05,1.3060793e-05,7.674798e-05,3.975101e-05,3.975101e-05,4.891796e-06,9.975779e-05,8.2660545e-11,2.5983769e-05,1.2833561e-06,1.536387e-06,1.536387e-06,8.587413e-07,1.9112767e-05,6.1994946e-08,0.0019738628,0.00897347,7.788503e-05,0.12010288,0.00045352988,0.001099245,0.0039674896,0.00087623554,5.2125083e-06,9.15583e-07,4.207216e-08,0.001124564,0.0012512042,0.0011898128,2.1226351e-05,0.0020774803,0.18928991,0.22839344,0.004065095,0.36872986,0.6125279,0.62554324,0.34116095,0.2189358,0.3043786,0.13036178,0.5446364,0.11750616,0.1891139,0.4839966,0.6586278,0.7839562,0.15839805,0.15273586,0.60831827,0.7653369,0.08069218,0.00058238785,0.20378457,0.31851777,0.19482571,0.008799087,0.6689031,0.266245,0.006263547,0.06436182,0.6045395,0.06928716,0.5584317,0.26373914,0.09779686,0.06085742,0.5191625,0.4018553,0.40229595,0.62852603,0.5127839,0.7071476,0.109268785,0.08360427,0.78138,0.14443138,0.6260817,0.5255185,0.36689898,0.7037842,0.34779665,0.03259745,0.69950557,0.28034568,0.35114786,0.35929254,0.53284657,0.21235818,0.23296979,0.8117131,0.0012223402,0.31268606,0.30480498,0.11294616,0.016685938,0.70567137,0.25801829,0.034641664,0.077495545,0.00019786031,0.2891115,0.39985833,0.019659651,0.2644048,0.57234955,0.102701984,0.0014272066,0.29900762,0.31538957,0.3974569,0.38172558,0.43092886,0.2797371,0.43151602,0.21145394,0.077249736,0.03135289,0.42376602,4.041565e-05,0.48680758,0.11528952,0.49547648,0.43890125,0.011874759,0.048202317,0.37631682,0.21991056,0.85615575,0.3523839,0.060794484,0.28243437,0.26202056,0.06260427,0.5637614,0.22360522,0.95323825,0.20248584,0.07452218,0.061168104,0.35875785,0.44052157,0.24397734,0.11608091,0.052361023,0.06758248,0.2957577,0.2278581,0.5920869,0.023661673,0.49797744,0.54918253,0.73477,0.30366516,0.28406662,0.17408252,0.451918,0.4880417,0.09809168,0.62261784,0.166203,0.08767038,0.62762403,0.5137276,0.374804,0.515275,0.748253,0.072620384,0.7473922,0.6957559,0.45466846,0.28102946,0.3043295,0.13690342,0.035777763,0.21923512,0.504735,0.4924365,0.0038026872,0.18310271,0.22348653,0.26332265,0.06215246,0.5745164,0.031710055,0.36645517,0.3965762,0.051306512,0.48292705,0.027809478,0.065483615,0.207386,0.68049634
BC2026_Train_0013_S13_20220217_233000_40,0.0064989333,2.9182675e-05,0.030773178,0.77350795,1.6751814e-08,0.12775381,0.014391182,0.06428302,1.32792475e-05,1.5044856e-05,0.013389638,0.026035674,0.021872403,6.473511e-09,2.705522e-07,0.00025763415,0.00089593604,0.00031955462,0.00061596866,0.044960316,0.31195796,4.4841062e-08,0.31011352,1.4837782e-05,2.999246e-06,1.9496829e-05,1.027581e-07,0.33808836,0.00021341642,0.01147896,5.7004305e-05,5.8814756e-05,1.2042557e-05,1.6701669e-06,1.4796638e-07,1.1833808e-06,2.0712041e-05,4.5809475e-06,0.00012687541,7.909512e-06,4.4533634e-05,2.9653223e-05,1.5268393e-05,9.503299e-05,4.3017462e-05,4.3017462e-05,5.8518676e-06,9.9645775e-05,7.645539e-11,2.9197816e-05,1.5061493e-06,1.8337507e-06,1.8337507e-06,9.811067e-07,2.319148e-05,6.0938504e-08,0.0019683437,0.010099387,7.170952e-05,0.14813349,0.00037395942,0.0009104851,0.005324874,0.00095877046,4.9856058e-06,4.1775283e-07,5.4287156e-08,0.0010962333,0.0013348797,0.0012930704,2.1165853e-05,0.0019274303,0.20310684,0.19212948,0.004724161,0.3469677,0.6354568,0.6438968,0.4031964,0.18804286,0.26452497,0.102347136,0.50875473,0.12002048,0.21621816,0.41369915,0.76620513,0.7027423,0.20241418,0.11749671,0.6910443,0.7866723,0.06951396,0.0006687096,0.2197924,0.30068296,0.25877345,0.0062979166,0.6827254,0.31003514,0.006470845,0.044903845,0.61768705,0.07846099,0.49833092,0.27826706,0.11103299,0.057510912,0.42340973,0.43860775,0.47350255,0.60840076,0.5692439,0.69429165,0.08183047,0.08937372,0.72884226,0.16195601,0.5833244,0.61680305,0.36549065,0.68875813,0.3885614,0.033279803,0.6242111,0.22031994,0.32706323,0.3368748,0.664168,0.20917785,0.18831421,0.7744349,0.0009792651,0.31669012,0.24408694,0.10296957,0.018668786,0.7125846,0.29057452,0.026637064,0.08019865,0.0002400011,0.30184257,0.42438364,0.018312033,0.15445115,0.47768736,0.0927954,0.001062945,0.26084247,0.20345312,0.277769,0.40002814,0.41134036,0.23267052,0.42902413,0.21368387,0.06323579,0.03483697,0.32662132,4.283488e-05,0.5134081,0.093906306,0.45496488,0.37307227,0.011098804,0.03723051,0.35904244,0.27997524,0.796106,0.37965888,0.064548306,0.3357294,0.26971954,0.023845322,0.4970812,0.24775815,0.95765156,0.23927382,0.07892512,0.038030945,0.3703654,0.42743623,0.21339071,0.11683668,0.049178213,0.061587237,0.39949661,0.23478942,0.5744117,0.022801062,0.39511788,0.6459576,0.78770983,0.3210694,0.3141227,0.16868672,0.4985893,0.44808006,0.106492944,0.5724617,0.1285891,0.08892301,0.50717854,0.52995795,0.40531933,0.47070488,0.7840075,0.069017485,0.72266364,0.74531424,0.46217683,0.34453163,0.32839254,0.13307784,0.037003998,0.24875435,0.550129,0.51826304,0.0035088558,0.20729439,0.21861704,0.23358046,0.06288745,0.54903895,0.030751262,0.4308049,0.32360995,0.049247947,0.52102214,0.026008332,0.072976336,0.20886402,0.69263154
BC2026_Train_0013_S13_20220217_233000_45,0.0051263273,2.8558696e-05,0.03675173,0.76713705,1.8249033e-08,0.11169067,0.024446758,0.1202108,1.083132e-05,7.94604e-06,0.07114716,0.077810206,0.02236359,6.93756e-09,2.4156722e-07,0.0001906388,0.0012537243,0.0003144759,0.0008602626,0.05560312,0.2520122,4.018458e-08,0.16498803,5.3295976e-06,2.6834796e-06,1.5158701e-05,9.229931e-08,0.3335372,0.00013594657,0.011807571,2.9022605e-05,3.4891626e-05,9.355064e-06,1.3826871e-06,1.5443264e-07,3.693573e-07,6.7541696e-06,3.0419221e-06,5.5306577e-05,3.0382807e-06,2.0620912e-05,1.1797499e-05,7.817876e-06,5.4227345e-05,3.4444758e-05,3.4444758e-05,2.442116e-06,7.72426e-05,4.546852e-11,1.4211112e-05,5.005667e-07,5.949865e-07,5.949865e-07,3.5985508e-07,1.0677247e-05,5.8501488e-08,0.00198368,0.0009157945,0.00012545194,0.12162671,0.00028313242,0.0011349081,0.004506891,0.0008885568,1.2925391e-06,5.706811e-07,5.2553254e-08,0.0014766009,0.0009703451,0.001374937,2.0856438e-05,0.002077428,0.18014845,0.2354314,0.008710175,0.36765623,0.6910083,0.65557426,0.33287433,0.2747722,0.25673226,0.19045584,0.50514585,0.12823671,0.15478131,0.62183696,0.46988487,0.65597963,0.2225059,0.12382174,0.5600335,0.9339464,0.09537001,0.0008843521,0.053120796,0.327883,0.42518705,0.003811685,0.41918272,0.18447016,0.004538721,0.049246784,0.6711524,0.14145175,0.5349348,0.2996735,0.11923672,0.090820864,0.50009024,0.46396086,0.37123576,0.64609563,0.4919658,0.68638223,0.10406787,0.100152425,0.6430708,0.18249227,0.40601712,0.6457659,0.37892306,0.72797066,0.52588445,0.04892234,0.6310842,0.27439108,0.4928339,0.40084907,0.720013,0.32451352,0.3389141,0.68086237,0.0011807485,0.36182365,0.35230514,0.120933495,0.02229399,0.7490208,0.2718105,0.025976347,0.06439762,8.124874e-05,0.24675879,0.3371638,0.033045642,0.27784875,0.51430416,0.11207334,0.0016733154,0.36140198,0.29835218,0.3318533,0.47159302,0.33835292,0.4899829,0.49082002,0.2557848,0.07893178,0.03333563,0.48021927,4.1257394e-05,0.38228416,0.14778626,0.50532305,0.46644834,0.008171416,0.046616733,0.35440153,0.23882376,0.823232,0.33926484,0.063929066,0.28863394,0.297722,0.021691456,0.5329047,0.20036335,0.4650125,0.23145247,0.05976031,0.05312832,0.55735576,0.3968691,0.21633507,0.14846106,0.053166073,0.0745274,0.39915964,0.28570017,0.53615755,0.02877648,0.5825493,0.3232167,0.7020276,0.37164757,0.34093392,0.13303404,0.6041748,0.505224,0.1911506,0.6040784,0.122225076,0.08224419,0.5635732,0.5620517,0.40393665,0.26866004,0.80414486,0.065821074,0.48771307,0.60535073,0.27974465,0.28079614,0.3494373,0.16176161,0.07549337,0.21932948,0.46695876,0.37532946,0.0035032001,0.23362647,0.21738192,0.42728567,0.055795226,0.33074695,0.044368602,0.44180608,0.33880967,0.055190433,0.63382185,0.041601855,0.09592023,0.27282026,0.8053928
BC2026_Train_0013_S13_20220217_233000_50,0.007383834,2.719607e-05,0.031398598,0.7547463,1.6781943e-08,0.08672231,0.01957525,0.11583149,1.598511e-05,8.295825e-06,0.10159442,0.04610316,0.020496786,6.011585e-09,1.9495535e-07,0.00019757573,0.0013796807,0.0002870289,0.00054603786,0.042597853,0.2095023,3.8384304e-08,0.23882641,9.357351e-06,3.3980332e-06,1.531119e-05,4.0884743e-08,0.37330267,0.0001364143,0.012806955,3.9340743e-05,3.1297193e-05,1.0858029e-05,1.133199e-06,1.5511417e-07,3.035758e-07,7.3049464e-06,5.965416e-06,5.7356916e-05,2.7012898e-06,2.3602874e-05,1.5100644e-05,8.137012e-06,5.3476357e-05,4.461034e-05,4.461034e-05,2.135123e-06,0.00010474548,3.832469e-11,2.0983967e-05,4.4978069e-07,5.448964e-07,5.448964e-07,3.1585307e-07,9.052946e-06,4.5780393e-08,0.001990911,0.00087042735,7.85958e-05,0.12187878,0.00036261586,0.0009313653,0.0037612428,0.0013786231,1.6384765e-06,2.833535e-07,4.5284114e-08,0.0011739242,0.0007153376,0.0010467782,2.0979824e-05,0.0014426701,0.22682935,0.20655325,0.009680165,0.3766694,0.73174137,0.7142463,0.38987428,0.16275449,0.25663948,0.15166962,0.61066616,0.11267104,0.16289644,0.62417084,0.5695959,0.78023905,0.2296342,0.13555418,0.517669,0.7569245,0.06100179,0.00035249113,0.035686124,0.24695517,0.43264967,0.0055588684,0.5494008,0.18747741,0.008902611,0.057387874,0.7319125,0.15892234,0.5764589,0.33654684,0.12006967,0.09333591,0.55168825,0.4210739,0.46151584,0.67368025,0.5534978,0.7302026,0.1047096,0.09970228,0.77790266,0.18852535,0.5645988,0.7297337,0.41357875,0.7519319,0.52532184,0.052262474,0.6447289,0.3176604,0.34505078,0.33923772,0.7373194,0.32712895,0.22877982,0.7280574,0.00073530915,0.44740295,0.3924563,0.107087,0.018051405,0.8063796,0.26210368,0.025979692,0.075440496,0.00014112811,0.3059342,0.34338826,0.029601214,0.22125873,0.5626597,0.19317733,0.0011548393,0.2952394,0.29663348,0.33076045,0.46886104,0.35684907,0.3494377,0.62969214,0.27977538,0.0642454,0.018727362,0.31517437,5.6311426e-05,0.40008947,0.09428146,0.6332907,0.51781464,0.0044832714,0.038466536,0.36948738,0.2831849,0.85580754,0.43079525,0.06622522,0.39830446,0.3295276,0.022933425,0.55023706,0.20882082,0.62169397,0.21418142,0.0744059,0.054694757,0.51501536,0.6320817,0.22756666,0.10006487,0.05773515,0.11494134,0.48382947,0.2650943,0.55759996,0.041637763,0.616958,0.4141276,0.6412953,0.44128346,0.36762422,0.15134317,0.6128604,0.48121786,0.12910134,0.66781026,0.13668963,0.10363345,0.70940924,0.52421737,0.38476026,0.20162901,0.7648978,0.08338455,0.6216786,0.7050566,0.2737377,0.30758756,0.3497421,0.1923849,0.085612155,0.27938232,0.4685784,0.454347,0.002669052,0.28386772,0.312525,0.35297865,0.073346555,0.24719113,0.06695051,0.5051056,0.32477,0.051413506,0.5789649,0.030864116,0.088605516,0.24587719,0.7417129
BC2026_Train_0013_S13_20220217_233000_55,0.0047193323,3.3044336e-05,0.03475461,0.76799107,1.779108e-08,0.1152274,0.015783966,0.120677575,1.1730068e-05,1.0663895e-05,0.02255577,0.0571883,0.020916082,6.27931e-09,2.4232452e-07,0.00029189198,0.0011073803,0.00033766014,0.0006092617,0.04629661,0.27475005,5.6551205e-08,0.27328524,3.7228513e-06,2.9419684e-06,1.8794182e-05,1.4431284e-07,0.34325406,0.00027194284,0.019098826,3.8618306e-05,6.584177e-05,1.135415e-05,1.3313396e-06,1.5102626e-07,6.167252e-07,1.18632e-05,4.0700993e-06,8.7725704e-05,4.487054e-06,3.0261874e-05,1.6938131e-05,1.0113499e-05,0.000106279425,4.0141796e-05,4.0141796e-05,3.5517457e-06,0.00010596269,5.6433254e-11,2.446205e-05,7.860872e-07,8.9558614e-07,8.9558614e-07,5.62122e-07,1.4978035e-05,4.854424e-08,0.0019780812,0.0028245656,7.9682126e-05,0.09842921,0.00029466965,0.00097220286,0.0043189763,0.0012653327,1.7903648e-06,9.1334147e-07,4.864185e-08,0.0011067241,0.0011192056,0.0014781039,2.1154636e-05,0.0018380294,0.17985548,0.2003346,0.008481515,0.35245895,0.6878178,0.65709734,0.35563836,0.20663087,0.2694855,0.12512122,0.5423385,0.102140814,0.20749871,0.5576003,0.6593201,0.83567494,0.23197062,0.12366205,0.59407353,0.8335273,0.08523528,0.00068623864,0.1662366,0.30128056,0.21399431,0.0059196115,0.79439574,0.257796,0.0101070255,0.05580149,0.65969306,0.12622474,0.48181072,0.3029297,0.13846134,0.07832162,0.40152228,0.5165714,0.36375526,0.6834231,0.46140063,0.6469285,0.10270302,0.1373283,0.5028298,0.14579768,0.40846822,0.647955,0.37468174,0.72688603,0.463354,0.047397897,0.644822,0.22153741,0.37350744,0.4113549,0.7165583,0.30845472,0.27759776,0.73956597,0.0009864486,0.48042887,0.32736927,0.13540012,0.018119823,0.6849261,0.28649032,0.06434935,0.061956145,0.00042856467,0.29482013,0.3382405,0.02939598,0.2148299,0.5565155,0.08628147,0.0009819035,0.36265853,0.20264886,0.3599401,0.42692143,0.37541667,0.3929607,0.57654816,0.2616921,0.06853498,0.04192236,0.44002295,3.234357e-05,0.58364815,0.11500292,0.45007932,0.50989366,0.0117537165,0.055408336,0.3233002,0.25491315,0.7984093,0.3587406,0.06045443,0.32599667,0.23871852,0.017059205,0.47429386,0.20634218,0.9123516,0.1893921,0.077279136,0.04885568,0.34913173,0.398071,0.22590524,0.112978145,0.06125391,0.10238,0.39267448,0.25110462,0.47552183,0.026597453,0.3765707,0.62009746,0.7918378,0.3484446,0.29126677,0.15795939,0.5366416,0.4108492,0.1142892,0.6191834,0.12807883,0.08818609,0.6519758,0.63740546,0.34149614,0.47660148,0.7732283,0.078902155,0.83906776,0.769085,0.38620564,0.2658816,0.37918186,0.15529378,0.049254008,0.21998142,0.44091925,0.44970044,0.0057567693,0.21635342,0.23122695,0.2767149,0.079583116,0.4647537,0.042632747,0.4371263,0.37099636,0.04442126,0.59194976,0.042492833,0.081004545,0.2780745,0.71050715
BC2026_Train_0013_S13_20220217_233000_60,0.0036691295,2.3166038e-05,0.0681428,0.7254323,1.7585275e-08,0.11444611,0.021553276,0.19970877,7.048691e-06,9.805321e-06,0.053812016,0.098445386,0.017854689,6.487727e-09,2.7732318e-07,9.583714e-05,0.001482266,0.00031892443,0.00034274874,0.058994852,0.24057525,4.7858823e-08,0.19937484,3.0415997e-06,1.2730984e-06,1.4803247e-05,3.364828e-08,0.3507178,0.00014668197,0.00976937,2.5989324e-05,3.8330425e-05,7.899163e-06,1.0890634e-06,1.5145439e-07,3.3035408e-07,6.041367e-06,2.5117586e-06,4.5749803e-05,2.6176235e-06,1.7329105e-05,1.16258e-05,5.581943e-06,6.0903454e-05,3.480426e-05,3.480426e-05,2.0026494e-06,6.161315e-05,3.6066986e-11,1.3020717e-05,4.1670378e-07,4.7149967e-07,4.7149967e-07,3.1380898e-07,8.629116e-06,4.64112e-08,0.001978957,0.000715575,8.3942454e-05,0.083805196,0.00012659104,0.00093235035,0.0024190778,0.00059815554,9.1985595e-07,2.989742e-07,5.3169046e-08,0.0010351923,0.0006827897,0.0012816789,2.1156242e-05,0.0019557702,0.1764562,0.19019409,0.0028109038,0.41572165,0.5899816,0.69369406,0.24901639,0.2506366,0.2730442,0.13125528,0.6653445,0.07985456,0.15382852,0.6821926,0.65456116,0.9006057,0.21162823,0.13609408,0.5418199,0.89935106,0.09003102,0.00045144447,0.08232689,0.26614854,0.44961572,0.005419775,0.75974166,0.22260566,0.0072034723,0.057135098,0.6504913,0.10038423,0.3932216,0.33054838,0.13901241,0.04608186,0.46149093,0.54863983,0.51262534,0.5932633,0.379733,0.6304379,0.10320035,0.11926674,0.49314678,0.1653164,0.370774,0.78264993,0.42504197,0.7527364,0.44451073,0.031841006,0.63110864,0.28391746,0.37291756,0.37477416,0.7424761,0.35357213,0.39714223,0.7634304,0.0005060173,0.5756611,0.38203752,0.16472958,0.0171949,0.74452734,0.2618214,0.042390607,0.068161294,0.00015880035,0.32018632,0.276485,0.018560765,0.19296443,0.53898597,0.13168123,0.0010294846,0.41332522,0.25739083,0.37964624,0.41032246,0.49441868,0.41309813,0.5728516,0.22968777,0.06709957,0.041854333,0.37987033,3.88715e-05,0.52976125,0.10826329,0.6957952,0.43731415,0.007610773,0.037742782,0.40871927,0.22959624,0.8056898,0.43330097,0.08249917,0.29397023,0.2674565,0.021423822,0.3298926,0.21104881,0.81555253,0.19111149,0.12826861,0.051803432,0.48933777,0.46409258,0.25053197,0.113886185,0.077360675,0.09997041,0.47722816,0.2215001,0.5551109,0.024697041,0.52633095,0.60476106,0.78031456,0.33976892,0.3295673,0.16356373,0.5463855,0.4306608,0.102087066,0.655556,0.16820033,0.088244,0.6612067,0.73883015,0.39579853,0.27445096,0.81125736,0.087366,0.86104435,0.85388553,0.30020702,0.28572115,0.39389753,0.06769797,0.018856721,0.26229528,0.5300919,0.602745,0.004137833,0.33938998,0.20210291,0.2383708,0.07463504,0.50788397,0.029447034,0.31009594,0.36215174,0.049753174,0.67647344,0.045363106,0.105366334,0.27721465,0.74139065
BC2026_Train_0014_S13_20220228_214500_5,0.017440205,7.8243365e-06,0.014851623,0.11122118,3.64006e-08,0.15261464,0.031253126,0.07188568,0.15558122,8.061194e-08,2.685203e-06,0.08266157,0.021850506,6.69649e-09,4.9553944e-07,0.98945576,0.07549455,0.0004806087,0.011836964,0.073282406,0.6115309,9.350591e-07,0.32780156,1.2309954e-06,5.6213845e-05,6.276769e-05,0.12870425,0.08925651,0.00025395662,0.025703397,1.0766466e-05,1.6998805e-05,8.744278e-07,8.3927813e-07,1.6368305e-07,1.07056245e-07,1.62412e-06,3.208649e-07,6.4671535e-06,6.5821763e-07,3.5411801e-06,1.859479e-06,3.3560452e-06,3.2250093e-05,1.5615856e-06,1.5615856e-06,6.929285e-07,3.7271775e-06,9.469835e-12,1.5056966e-06,1.4240743e-07,1.7329417e-07,1.7329417e-07,1.2500813e-07,3.4373893e-06,4.7579277e-08,0.0018320485,5.1947594e-05,9.351362e-05,0.16321144,0.0016914244,0.0029742643,0.70252764,0.99981505,1.0061371e-05,3.649825e-10,8.820371e-08,0.0011299936,0.0008526168,0.0049291654,1.9756364e-05,0.001772726,0.07846429,0.6396753,0.003952303,0.27441928,0.26471627,0.4809582,0.26293504,0.35097778,0.32386786,0.110609494,0.31986722,0.060587216,0.5110939,0.28288385,0.43799824,0.95000404,0.42638826,0.36399093,0.6462048,0.34381208,0.23507018,0.0006106558,0.012207602,0.4678539,0.3868681,0.00036989263,0.58379173,0.11850596,0.0024994605,0.15255776,0.71991557,0.0023571867,0.13409166,0.35390887,0.06109053,0.04494711,0.5022863,0.1842231,0.3093027,0.45204517,0.3028083,0.76379895,0.9638887,0.03367116,0.11559584,0.23190817,0.30287126,0.32630455,0.3266408,0.5135158,0.29413396,0.05460268,0.34982702,0.19025977,0.34314394,0.71887577,0.24706016,0.30658796,0.2662976,0.7616145,0.0008678199,0.23043336,0.16375588,0.099606864,0.048928004,0.7220284,0.6375931,0.000570051,0.23262691,0.00013159036,0.61238074,0.3534223,0.003130617,0.13388981,0.44629627,0.02072656,0.003993468,0.391645,0.23474985,0.2023937,0.28971303,0.1496434,0.5937724,0.139319,0.25358427,0.10302727,0.08501273,0.342773,2.3387563e-05,0.5721636,0.64742446,0.23728494,0.19721906,0.012041955,0.07761271,0.17322733,0.5967805,0.6164204,0.2902202,0.014431595,0.082972966,0.3435708,0.011240399,0.12067477,0.23323499,0.9365873,0.37550405,0.058514044,0.017662033,0.036047634,0.278078,0.14663129,0.11625488,0.5873638,0.04719998,0.37852103,0.20171012,0.70434016,0.10886615,0.3909254,0.18089047,0.68835753,0.20349048,0.20416635,0.3395751,0.21547754,0.28257012,0.065530345,0.39376915,0.12502299,0.2110228,0.73356915,0.33507457,0.27577272,0.035298754,0.7417341,0.24235702,0.5316562,0.15877695,0.21507561,0.3309586,0.78240657,0.006937457,0.0011074719,0.5192762,0.5010278,0.6750312,0.002261908,0.075166285,0.156361,0.47412747,0.09054521,0.359624,0.0077238954,0.07068727,0.2543221,0.055621304,0.23622076,0.17860213,0.23695454,0.5915396,0.50283396
BC2026_Train_0014_S13_20220228_214500_10,0.012412899,1.0695119e-05,0.013341117,0.05672147,3.4635043e-08,0.18128188,0.02574798,0.07565562,0.15725543,7.430865e-08,1.6847713e-06,0.050555702,0.023520427,6.1670797e-09,5.1282353e-07,0.98754066,0.11387675,0.00046369302,0.012073843,0.1023054,0.7074461,8.584203e-07,0.3742129,1.4888777e-06,3.383979e-05,4.700726e-05,0.08093599,0.119083025,0.00035218053,0.029808572,8.058487e-06,1.6173704e-05,8.1175045e-07,7.8407055e-07,1.6438743e-07,1.1142623e-07,1.6123755e-06,3.535754e-07,6.2521367e-06,6.5809525e-07,3.3676642e-06,1.7235795e-06,3.0394413e-06,2.9706902e-05,1.4988195e-06,1.4988195e-06,7.1510954e-07,3.6018462e-06,1.03360966e-11,1.5044245e-06,1.4240065e-07,1.7477466e-07,1.7477466e-07,1.2655904e-07,3.4617337e-06,5.56576e-08,0.0018249375,4.1748866e-05,0.00010706379,0.15657018,0.0017427123,0.0033777354,0.58816344,0.999914,1.2869408e-05,2.9883682e-10,6.360889e-08,0.0008986772,0.0006906548,0.007715002,1.976573e-05,0.0016565347,0.0738582,0.5491743,0.0035206429,0.24455944,0.25058115,0.3633802,0.27403986,0.35571036,0.3106193,0.10013384,0.27590656,0.057857506,0.47863007,0.33570236,0.29578862,0.9410462,0.43725172,0.27878872,0.7578715,0.41915205,0.21154349,0.00045389062,0.013044571,0.38740653,0.37438065,0.000433679,0.41424018,0.13163707,0.0029081206,0.098070554,0.66591334,0.0020580103,0.13433886,0.28943717,0.062280998,0.05827128,0.3727564,0.23704551,0.29835042,0.48371345,0.21136259,0.7237096,0.94599307,0.021538563,0.11950887,0.19930309,0.3708697,0.22857998,0.24898896,0.43326363,0.2644085,0.04555309,0.3656853,0.20826481,0.36675668,0.69215816,0.21819644,0.2643271,0.3149131,0.81913507,0.00061544,0.16374762,0.16022642,0.10719864,0.07000059,0.67724746,0.6870878,0.0005070823,0.19152403,7.617228e-05,0.54627335,0.37446213,0.0024386293,0.12124426,0.3364588,0.018500132,0.0029283296,0.4082693,0.20277458,0.22054715,0.24792787,0.1682346,0.47013667,0.12870589,0.17347613,0.100005224,0.08702745,0.33941224,1.500108e-05,0.61982095,0.62856084,0.23047613,0.18042846,0.009837432,0.07384531,0.19891019,0.6032394,0.64036113,0.2790064,0.01372522,0.08011317,0.3239116,0.00894174,0.15341133,0.21436074,0.9233965,0.31392932,0.07058402,0.012336272,0.03943251,0.28672126,0.14472105,0.08414677,0.59709,0.043378018,0.3558326,0.23268586,0.7389739,0.09138094,0.37943214,0.17727254,0.5714472,0.17936777,0.22106324,0.37456828,0.24474321,0.30331632,0.06584839,0.32475913,0.103173085,0.17055207,0.6504022,0.29283512,0.25750393,0.03462625,0.7618691,0.23972188,0.43279603,0.14583236,0.11969725,0.27952233,0.7442579,0.0052059605,0.0010144317,0.42323002,0.5061649,0.65962213,0.0029900367,0.07530106,0.12593402,0.5512917,0.052363664,0.34509012,0.006003559,0.07954097,0.30786142,0.058098756,0.19989745,0.10939984,0.19655031,0.57941425,0.5010937
BC2026_Train_0014_S13_20220228_214500_15,0.015823096,8.1208955e-06,0.014303808,0.04084862,3.582347e-08,0.15301691,0.044481922,0.07926704,0.15733308,6.3741496e-08,1.2855008e-06,0.03353696,0.020938912,7.263821e-09,4.368849e-07,0.68463814,0.12691472,0.00047921445,0.012149289,0.08519603,0.6831294,5.5573423e-07,0.42354757,1.3073078e-06,2.184267e-05,5.8890495e-05,0.015152595,0.106016874,0.000115823364,0.013739887,7.740594e-06,1.2331626e-05,6.23189e-07,6.0412896e-07,1.6454135e-07,7.278285e-08,1.0130897e-06,3.612508e-07,4.2694655e-06,4.0216815e-07,2.5418422e-06,1.5094258e-06,2.1915312e-06,2.2143833e-05,8.6410535e-07,8.6410535e-07,4.3075644e-07,2.5525553e-06,8.6978445e-12,1.4199161e-06,9.383187e-08,1.162233e-07,1.162233e-07,7.7648934e-08,2.1508245e-06,5.5201674e-08,0.0018312433,4.455459e-05,0.000103142986,0.16666083,0.001682019,0.0036620668,0.71974546,0.9999381,1.44926325e-05,3.286158e-10,8.1836355e-08,0.0009500639,0.0006554799,0.0043194625,1.9597815e-05,0.0017327265,0.07006693,0.37221313,0.002617868,0.31464854,0.22199032,0.3647962,0.46993244,0.42120865,0.3718619,0.08345331,0.24687675,0.06367693,0.43443736,0.27743596,0.33460724,0.8908202,0.33851117,0.48481008,0.74751437,0.42302915,0.28771684,0.0013132292,0.008615297,0.4052603,0.4505869,0.00040795727,0.47245273,0.10235065,0.0015982889,0.11313882,0.5421845,0.0020633559,0.14408173,0.25608182,0.057164364,0.060498238,0.40181765,0.22221266,0.28965747,0.35232022,0.24226314,0.62444305,0.9732997,0.025842657,0.118784554,0.27698982,0.39282048,0.25736699,0.25448748,0.41190085,0.23478368,0.0912939,0.24601872,0.13992044,0.37237087,0.40308022,0.23297203,0.26514947,0.14067516,0.81651574,0.00059226935,0.19064352,0.16087084,0.13823596,0.11021504,0.5927509,0.5241487,0.0004249938,0.17089188,2.314375e-05,0.6146785,0.3467581,0.0023355677,0.21586698,0.32921743,0.020113662,0.001442329,0.31007424,0.16510876,0.20453876,0.27869582,0.16578738,0.3273956,0.13566281,0.20666772,0.07536012,0.068648726,0.44069538,7.960486e-06,0.6010753,0.7044796,0.232475,0.17932856,0.01023639,0.04594808,0.17717525,0.643747,0.6467572,0.2798284,0.013758807,0.06770314,0.4399581,0.01226883,0.11448792,0.27484262,0.92615265,0.30519938,0.06550683,0.016570987,0.03766417,0.26957524,0.17155024,0.07734399,0.5818741,0.048708215,0.32260993,0.24608956,0.662705,0.1304813,0.35411146,0.27930105,0.57701206,0.18434632,0.23462634,0.27209914,0.284252,0.25526437,0.080229566,0.2034211,0.07683795,0.14004584,0.7041991,0.27996403,0.38253367,0.03438266,0.6753049,0.25080135,0.40562508,0.1643589,0.12264923,0.30872685,0.72424906,0.0041529266,0.0004406276,0.5102949,0.5228821,0.64978176,0.0026695086,0.06799283,0.106631674,0.47998196,0.055324607,0.3618659,0.0029199556,0.056920163,0.25686988,0.049963467,0.19437718,0.28354013,0.22184983,0.5286738,0.47787768
BC2026_Train_0014_S13_20220228_214500_20,0.019097175,9.247861e-06,0.0129514225,0.065383986,3.540802e-08,0.13784859,0.028250674,0.07527915,0.16196334,6.1261645e-08,1.1271096e-06,0.029352916,0.025920535,6.62894e-09,4.2587274e-07,0.34959707,0.13634658,0.00046295053,0.017856486,0.1038723,0.65738726,7.028659e-07,0.41290143,1.9191007e-06,2.7305252e-05,5.2551248e-05,0.0061480515,0.11782435,9.420842e-05,0.0154883675,9.839445e-06,1.1881402e-05,7.3396114e-07,7.0400046e-07,1.6668866e-07,8.727285e-08,1.2467247e-06,3.6786128e-07,4.3850373e-06,5.0130024e-07,2.733187e-06,1.5391529e-06,2.5585707e-06,2.0482563e-05,1.2665946e-06,1.2665946e-06,5.2993653e-07,2.5395843e-06,1.07686976e-11,1.4186955e-06,1.2824395e-07,1.5986991e-07,1.5986991e-07,9.48426e-08,2.7097178e-06,5.5182376e-08,0.0018326192,4.454795e-05,0.00010066723,0.23501152,0.0012001212,0.0038493543,0.77505344,0.99993974,1.2756849e-05,2.8298042e-10,6.2505045e-08,0.0008887479,0.0007144939,0.0042520557,1.9508687e-05,0.0021942863,0.07961477,0.4580322,0.0028430056,0.2399252,0.2602996,0.3458563,0.37218836,0.22242188,0.32687637,0.10265456,0.2684587,0.043722726,0.5671777,0.2602519,0.38791084,0.917339,0.24144079,0.26997125,0.82230574,0.38742128,0.22402509,0.00037326344,0.013716278,0.2511308,0.39638662,0.00062460796,0.5134567,0.11734129,0.0027318476,0.24150614,0.51651144,0.0019927965,0.20601979,0.34564802,0.060184497,0.051018078,0.3915716,0.2248087,0.28515294,0.41988996,0.29520375,0.6070994,0.96341246,0.034485027,0.10164605,0.3140327,0.35924444,0.2574321,0.3739876,0.429408,0.21513447,0.040706143,0.31220397,0.15193063,0.35678792,0.36172917,0.24230206,0.30026853,0.16875581,0.80059713,0.0002759707,0.18114293,0.13386168,0.14050972,0.052175358,0.731112,0.55592555,0.00057471707,0.21489419,5.0328752e-05,0.6094916,0.37668234,0.0020912504,0.17052832,0.32669613,0.017515708,0.0019801757,0.35667816,0.21729049,0.18348461,0.30394262,0.1708081,0.31730112,0.1354203,0.15071873,0.08242058,0.058204636,0.41617033,1.608826e-05,0.6334283,0.32049572,0.23691589,0.19517747,0.005717797,0.062096845,0.26110706,0.6240937,0.5195091,0.3224119,0.016064972,0.06878993,0.38892096,0.012256824,0.1421536,0.27958024,0.9258518,0.28222734,0.094926976,0.015502993,0.03995313,0.32622108,0.15143444,0.076760784,0.54776096,0.062137365,0.38302392,0.25121802,0.8282167,0.08233222,0.31754607,0.23177962,0.60001355,0.17413694,0.22936481,0.32501194,0.21724279,0.24611351,0.05342197,0.24472284,0.12600645,0.15938765,0.56273955,0.30015138,0.31972563,0.04010631,0.65632695,0.2997899,0.4207512,0.22686069,0.32584083,0.35616982,0.73369676,0.004324401,0.0006085317,0.34175348,0.51764727,0.66934407,0.0028776717,0.07154515,0.11160928,0.6267323,0.10166268,0.5659418,0.0039379923,0.059200555,0.2718363,0.054535132,0.23783068,0.103429705,0.1967962,0.36195332,0.46633396
BC2026_Train_0014_S13_20220228_214500_25,0.019965159,1.1267358e-05,0.014646247,0.10846143,3.5843918e-08,0.18241397,0.025650853,0.08976986,0.1671648,9.292904e-08,2.1997523e-06,0.06215853,0.024213484,6.156879e-09,5.5537447e-07,0.9735095,0.09733451,0.00043310848,0.022225607,0.072224535,0.71454966,9.361228e-07,0.42251205,1.973208e-06,5.4393113e-05,5.5381737e-05,0.07936751,0.112685025,0.0002568884,0.027704068,9.9786075e-06,1.5972797e-05,9.348193e-07,1.0175476e-06,1.6588797e-07,1.3013114e-07,1.7709976e-06,3.4972265e-07,6.652967e-06,7.855172e-07,3.9572337e-06,2.039572e-06,3.9402917e-06,3.129239e-05,1.363814e-06,1.363814e-06,8.167854e-07,3.3424817e-06,1.2583991e-11,1.4418426e-06,1.787115e-07,2.204189e-07,2.204189e-07,1.498824e-07,4.221888e-06,5.418112e-08,0.0018248558,4.93147e-05,8.6252185e-05,0.13690953,0.0019213366,0.0043656137,0.7472217,0.9999041,1.0371142e-05,3.538851e-10,6.458186e-08,0.001210991,0.00079908635,0.007653607,1.9850086e-05,0.0022998673,0.08919616,0.6655565,0.00415402,0.25628072,0.2171064,0.41899124,0.30696154,0.27861583,0.37764898,0.11314401,0.32825527,0.04996723,0.58530784,0.2844722,0.39223444,0.9319349,0.3916104,0.20338313,0.8266242,0.39553356,0.20138316,0.00070916564,0.012447783,0.3753854,0.58853483,0.0005965532,0.5505759,0.12810986,0.0024973196,0.15048009,0.71942943,0.002513323,0.1469973,0.33281267,0.06657613,0.05223976,0.5260672,0.19091886,0.29940042,0.44218394,0.2393078,0.60891646,0.9504393,0.03391555,0.11541433,0.23011452,0.32324788,0.3552516,0.28405207,0.4850981,0.31092256,0.040411633,0.39305514,0.20667313,0.33201888,0.7317941,0.24383256,0.26334184,0.26367477,0.81007046,0.00055271457,0.14635552,0.13043103,0.102283485,0.045019273,0.71375084,0.59091806,0.00061524793,0.50466144,4.279284e-05,0.63113856,0.38640317,0.0028453975,0.13966031,0.3217632,0.01726751,0.0038506067,0.43561938,0.19040789,0.3617103,0.28545016,0.18143497,0.47907406,0.103975266,0.20933808,0.0937862,0.10694766,0.33280382,2.942299e-05,0.60797507,0.6302293,0.19822426,0.1732199,0.012672062,0.06522992,0.22764467,0.6431894,0.6129901,0.30123112,0.016579716,0.07677954,0.3703427,0.017447777,0.12918048,0.21327321,0.9031104,0.34765893,0.081197366,0.018652301,0.037878096,0.26789603,0.15656509,0.099488,0.5517063,0.05001221,0.37446767,0.30331987,0.7686307,0.12279274,0.38782945,0.26236093,0.65957034,0.18523894,0.22685486,0.3966535,0.23620568,0.25360945,0.0631133,0.35354778,0.10336224,0.13927877,0.7683664,0.30553716,0.26980922,0.09408553,0.77343494,0.27039948,0.4485417,0.17919426,0.27420226,0.26790643,0.63834274,0.0068589924,0.0012300892,0.46005324,0.40712032,0.6767305,0.0024748745,0.07393047,0.13839564,0.48199925,0.06241148,0.524493,0.0077661867,0.07321044,0.25285122,0.0502536,0.20287915,0.15344307,0.52994263,0.5890802,0.42188066
BC2026_Train_0014_S13_20220228_214500_30,0.02249178,1.33681915e-05,0.013459892,0.1620362,3.4778463e-08,0.1508316,0.0284152,0.1348156,0.18308859,8.254413e-08,3.2763928e-06,0.026430914,0.023136552,7.1569506e-09,4.913118e-07,0.46236703,0.08744404,0.00043910413,0.034835283,0.13378891,0.76059806,1.1679182e-06,0.36571422,2.6896516e-06,3.9416667e-05,4.8539234e-05,0.009158811,0.10825412,0.00023916792,0.017791204,1.3808706e-05,1.6674492e-05,1.2679654e-06,1.34852e-06,1.6538044e-07,1.4225861e-07,1.9775682e-06,6.197064e-07,6.8981312e-06,7.613817e-07,4.5771862e-06,2.5744941e-06,3.7195487e-06,3.184907e-05,1.7135759e-06,1.7135759e-06,8.5310563e-07,4.2790825e-06,1.5527525e-11,2.2066627e-06,1.9624858e-07,2.4867578e-07,2.4867578e-07,1.5441243e-07,4.171634e-06,5.7419932e-08,0.0018318167,7.060028e-05,9.8586985e-05,0.14602646,0.002322088,0.00483913,0.7894633,0.9998382,1.0966271e-05,3.6393522e-10,9.088923e-08,0.0014454371,0.00071237877,0.0039067403,1.958576e-05,0.0019346643,0.08956264,0.30502185,0.0038918522,0.25155622,0.24248601,0.3167647,0.2941164,0.23162645,0.4488775,0.102248475,0.29505363,0.060328662,0.4816461,0.26767752,0.38061914,0.90024245,0.30942002,0.22542739,0.82424724,0.41001543,0.26624233,0.0006402144,0.012849563,0.26777267,0.49380454,0.0010175152,0.5938566,0.11906046,0.0032118405,0.11230942,0.52921283,0.0028312209,0.24760261,0.33654568,0.072813384,0.05193714,0.4295832,0.21513587,0.2633456,0.42236507,0.31840983,0.7978033,0.95366794,0.036678374,0.08827957,0.28715327,0.30643573,0.30275083,0.29393077,0.48607394,0.21135744,0.043559317,0.42171565,0.17059615,0.36378154,0.52971745,0.22754458,0.3204232,0.1687362,0.7802974,0.0008293779,0.1995788,0.13264465,0.14439107,0.03465949,0.6472088,0.42529887,0.0013782501,0.270674,4.2929554e-05,0.5853949,0.38928953,0.0024741776,0.2513545,0.34767812,0.019548211,0.0026549762,0.4196418,0.15466355,0.28136197,0.3645172,0.16600408,0.537895,0.13968521,0.1572505,0.085964896,0.047643192,0.37368092,1.7889495e-05,0.66035426,0.33622557,0.23105727,0.18638167,0.0076807393,0.05392834,0.25059816,0.65696794,0.5578704,0.27653423,0.017676424,0.08091165,0.33038417,0.018391123,0.123307884,0.28618562,0.93387973,0.3353534,0.06808408,0.019605754,0.037602447,0.2902501,0.17219773,0.07440333,0.67049,0.041990064,0.3905647,0.26042652,0.7982966,0.14124922,0.38782984,0.21402101,0.58414555,0.15786287,0.21017893,0.37889883,0.27192128,0.29555455,0.066847205,0.32944176,0.084643014,0.20354423,0.637104,0.3718737,0.33832934,0.032462504,0.6676735,0.2238823,0.5430095,0.19427648,0.27620888,0.33019698,0.6186119,0.006214368,0.00075736386,0.33747938,0.41695103,0.6475604,0.002350789,0.07167171,0.112670414,0.5413139,0.07647535,0.38462228,0.004906052,0.05557253,0.21603425,0.063282184,0.25078762,0.09372219,0.25849485,0.34209022,0.5056067
BC2026_Train_0014_S13_20220228_214500_35,0.023335516,9.939914e-06,0.013974965,0.21758135,3.3715626e-08,0.20873514,0.028194906,0.10627238,0.12474418,6.390501e-08,2.2380132e-06,0.034156725,0.021502055,6.7448416e-09,4.0814655e-07,0.35606056,0.05842523,0.0004664882,0.02528671,0.101907074,0.67529905,7.7594683e-07,0.27414292,1.3777853e-06,2.4415078e-05,5.5862005e-05,0.0055283373,0.099526025,0.00013151564,0.032170456,9.479769e-06,1.3205712e-05,1.4521336e-06,1.0002617e-06,1.6553699e-07,1.1157297e-07,1.6947727e-06,4.2673872e-07,5.5409073e-06,7.107858e-07,4.1735675e-06,1.6560325e-06,3.2456385e-06,2.5902162e-05,1.3087445e-06,1.3087445e-06,7.413053e-07,3.7255245e-06,1.1491942e-11,1.809954e-06,1.5258212e-07,1.9465871e-07,1.9465871e-07,1.2144153e-07,3.936827e-06,5.435465e-08,0.0018350136,5.1054907e-05,0.000105300904,0.14416426,0.0034049961,0.0035610565,0.74414027,0.99968934,9.356469e-06,3.1684372e-10,1.1599633e-07,0.0009355909,0.00078141707,0.003582944,1.9601357e-05,0.0017157855,0.0963097,0.39447868,0.0049516554,0.23450516,0.22389084,0.36132067,0.28591543,0.16083403,0.4657359,0.1428908,0.291547,0.033436842,0.5106666,0.29963663,0.27038336,0.86164254,0.33320895,0.2656408,0.79141086,0.28805673,0.18701462,0.00061909255,0.0134331705,0.3198634,0.537568,0.0009916599,0.49591723,0.11457334,0.0022223378,0.14117706,0.5071445,0.0024520834,0.17921664,0.30142653,0.0916628,0.05830908,0.46422732,0.19143184,0.24554206,0.40228856,0.24828719,0.8155698,0.97540945,0.028882682,0.11694975,0.3497583,0.37504712,0.36231354,0.27439553,0.49122593,0.1984492,0.03761671,0.3146651,0.20612115,0.3856514,0.3233689,0.23569393,0.29750472,0.2451168,0.7795773,0.0005212268,0.14688787,0.110479005,0.14229576,0.05102177,0.5841412,0.6090827,0.0008334865,0.38084778,3.8253886e-05,0.734846,0.39065355,0.002531753,0.1502369,0.42903975,0.015253166,0.0023452544,0.38725036,0.25558454,0.32397512,0.42151588,0.14752081,0.36315033,0.16827776,0.1529057,0.08695431,0.041378215,0.38304093,2.947199e-05,0.6667218,0.37009567,0.18520334,0.21254055,0.00924442,0.049777724,0.20434871,0.55230546,0.5983841,0.2547612,0.015221068,0.066842884,0.38315636,0.015611937,0.12754297,0.29183772,0.91531175,0.2884877,0.08528245,0.015716404,0.03706138,0.31164712,0.15180644,0.06808007,0.4952812,0.051091608,0.3224981,0.32279193,0.7324545,0.21876524,0.348903,0.24970882,0.49667355,0.20521037,0.24245289,0.46029752,0.19289996,0.28593084,0.064805396,0.2875854,0.123149976,0.15249597,0.68603015,0.29074332,0.36449707,0.06364127,0.63361996,0.22799169,0.47760436,0.1602898,0.35244563,0.24058226,0.6704132,0.007858504,0.0008534179,0.36068618,0.5655698,0.6999967,0.0032448522,0.07374354,0.12223791,0.46526635,0.06289316,0.42998514,0.0053116144,0.07812374,0.22653054,0.07271782,0.24333708,0.094548464,0.3636692,0.3688537,0.45907643
BC2026_Train_0014_S13_20220228_214500_40,0.022965083,1.15264465e-05,0.011413748,0.091321915,3.362196e-08,0.20532164,0.034818675,0.06977718,0.16019301,6.326857e-08,2.2505753e-06,0.030284304,0.020441707,6.4185497e-09,4.774765e-07,0.9863554,0.10212432,0.00060685386,0.04163789,0.16172695,0.7264555,1.2965388e-06,0.39625683,1.1487874e-06,4.8267466e-05,4.606994e-05,0.07419282,0.09050305,0.0004467657,0.046186943,1.0788507e-05,1.852982e-05,1.2848055e-06,1.0721146e-06,1.6490085e-07,1.3489611e-07,1.9581812e-06,6.4793e-07,7.0657757e-06,7.1261553e-07,4.531284e-06,2.004875e-06,3.749178e-06,3.3590703e-05,2.170547e-06,2.170547e-06,9.46939e-07,4.771178e-06,1.546978e-11,2.1930107e-06,1.8042618e-07,2.2586924e-07,2.2586924e-07,1.5394819e-07,4.195043e-06,5.4821303e-08,0.0018238291,5.5646764e-05,9.1929665e-05,0.18853289,0.006563727,0.003831548,0.6019469,0.9999048,1.5516258e-05,3.187726e-10,1.4111303e-07,0.0012473068,0.0009646959,0.0073026093,1.9733945e-05,0.0017152396,0.089403436,0.61236906,0.004538787,0.22266144,0.2332264,0.4075548,0.30584115,0.35749123,0.39673552,0.099084154,0.34215578,0.049021173,0.46492174,0.24789056,0.2844408,0.89643514,0.4052818,0.29555696,0.68292946,0.35711083,0.20511322,0.0006035315,0.010049163,0.3760472,0.3356414,0.0010620723,0.43562087,0.11126553,0.0034365905,0.12140887,0.58643407,0.002639344,0.27217945,0.31870413,0.07111937,0.044953164,0.39919186,0.21710153,0.25421834,0.43953955,0.23746751,0.7125581,0.9584806,0.035229176,0.101051815,0.28768814,0.3386877,0.3202928,0.35744226,0.48206758,0.28637692,0.04001708,0.3652597,0.15830407,0.38903058,0.6921728,0.20789377,0.32227498,0.2527941,0.77019566,0.001025503,0.15601847,0.16222917,0.1279226,0.07325753,0.7154336,0.714525,0.0010274849,0.14104103,6.3468135e-05,0.5510077,0.371137,0.0031116374,0.16770084,0.2877132,0.014719906,0.0038432495,0.46869704,0.18965724,0.21636803,0.30149245,0.16239563,0.5311853,0.122720264,0.24609794,0.077052824,0.07213889,0.3940579,4.3613025e-05,0.4821084,0.6006496,0.20718186,0.18382333,0.010052104,0.054911446,0.19207616,0.55144304,0.6671115,0.32203922,0.012533607,0.06739202,0.32183474,0.011115453,0.13356434,0.14010724,0.93768454,0.453328,0.12780215,0.011878655,0.03617825,0.27376756,0.14837436,0.1181856,0.6111151,0.048022296,0.31988552,0.21781877,0.7889101,0.1614073,0.3477494,0.22497861,0.6192777,0.153595,0.21302699,0.40215233,0.2425145,0.30302274,0.077582,0.38571525,0.07161829,0.15027131,0.62614506,0.35750905,0.31400484,0.03154974,0.7601418,0.2331938,0.45442897,0.1596174,0.113359235,0.30979988,0.6071449,0.0074299052,0.001313169,0.45066425,0.57347363,0.6192172,0.0020622306,0.06097083,0.12990814,0.53285116,0.05640425,0.28865868,0.007264257,0.07256624,0.26782548,0.06738532,0.22936939,0.16170853,0.19863896,0.5768472,0.38712466
BC2026_Train_0014_S13_20220228_214500_45,0.018223872,1.1462489e-05,0.013327992,0.05959968,3.5092825e-08,0.18019983,0.030735433,0.11169079,0.10427394,6.63942e-08,2.1436745e-06,0.046276987,0.016447231,8.78016e-09,5.4138195e-07,0.97683585,0.09394523,0.00043615227,0.024535315,0.08045721,0.72330636,7.868958e-07,0.33763185,1.5340911e-06,3.2058473e-05,4.0026596e-05,0.07599678,0.13437305,0.000310282,0.03271972,9.539511e-06,1.8070474e-05,8.6546174e-07,8.878437e-07,1.63103e-07,1.2932013e-07,1.9989077e-06,3.6803894e-07,6.380755e-06,7.7562356e-07,3.9650463e-06,1.8019094e-06,3.3864148e-06,4.1259726e-05,1.169727e-06,1.169727e-06,7.600837e-07,3.271912e-06,1.174505e-11,1.3919661e-06,1.7177295e-07,2.091014e-07,2.091014e-07,1.388224e-07,3.824149e-06,5.1775718e-08,0.0018347391,0.00013223277,0.00010108866,0.18891525,0.0025343914,0.0034416218,0.6957234,0.999909,1.7125327e-05,2.2362023e-10,1.5252847e-07,0.0010979724,0.0008274651,0.011456177,1.9748113e-05,0.002110911,0.06164695,0.61354136,0.0041224184,0.28447443,0.23378819,0.38900468,0.3260406,0.3327102,0.28210986,0.123845465,0.3145326,0.055072714,0.4879332,0.20141579,0.4008274,0.67898893,0.42723182,0.21107493,0.78423053,0.31347883,0.16622481,0.0004891719,0.010538801,0.4122263,0.40033185,0.0005046102,0.5390944,0.09665155,0.0030681908,0.13258828,0.692233,0.001969804,0.15518093,0.28090134,0.06943853,0.05443682,0.48817515,0.22530627,0.22256084,0.43544534,0.28991756,0.78810126,0.9485633,0.03774156,0.11843049,0.24834219,0.29810545,0.29082403,0.3683598,0.46008056,0.36958152,0.039039943,0.46278825,0.19194043,0.28753883,0.7213764,0.20851383,0.2751295,0.23809138,0.7598953,0.0005574405,0.1386211,0.13268152,0.12300269,0.06570999,0.61764014,0.57162607,0.00076086435,0.22799808,0.00016935558,0.62137264,0.3332268,0.003382306,0.17975353,0.3057612,0.018286277,0.004241044,0.40443015,0.20506825,0.22251055,0.32120577,0.18167019,0.65300196,0.108775176,0.18437026,0.07851081,0.108073555,0.38667852,1.3723131e-05,0.6293042,0.6418697,0.21539445,0.19845977,0.009976058,0.13594757,0.21142551,0.60707337,0.6374089,0.25884888,0.015842648,0.11444338,0.30767095,0.016998626,0.1380237,0.2151282,0.9273808,0.4396266,0.15859447,0.018247383,0.03936389,0.25288624,0.13130996,0.12706243,0.6145581,0.05119275,0.2675425,0.26552773,0.63284653,0.16546653,0.44595292,0.2028699,0.7114462,0.16620104,0.24136339,0.43062663,0.28675953,0.3052641,0.07487017,0.3914031,0.09565045,0.151882,0.7636832,0.3211694,0.31639695,0.045978613,0.7889828,0.2869338,0.64243037,0.19396806,0.3319013,0.35148072,0.6546083,0.0058124294,0.0014865639,0.47415164,0.5163633,0.5662482,0.0019895502,0.07532778,0.120854676,0.44500536,0.058561835,0.4089348,0.006187855,0.06304181,0.24754408,0.052870296,0.22516474,0.11617165,0.22172989,0.5280981,0.48063448
BC2026_Train_0014_S13_20220228_214500_50,0.018383907,9.416854e-06,0.013827201,0.046975564,3.3147504e-08,0.1457012,0.029018339,0.11664625,0.14062345,5.44547e-08,1.2208437e-06,0.032761775,0.018695483,7.0958976e-09,4.5687906e-07,0.3678794,0.099829406,0.00042265287,0.020576216,0.102170564,0.6863414,7.413796e-07,0.3242244,8.4525976e-07,1.9857263e-05,4.2992782e-05,0.0062349983,0.09948759,0.0001346406,0.012619136,1.0101232e-05,1.2231628e-05,1.0058723e-06,9.663987e-07,1.6314812e-07,9.1355744e-08,1.3004021e-06,6.6576223e-07,5.1820266e-06,4.9018735e-07,3.158193e-06,1.6570708e-06,2.6094954e-06,2.0363423e-05,1.124018e-06,1.124018e-06,6.128502e-07,2.8845786e-06,1.1986894e-11,1.7278988e-06,1.271741e-07,1.6261153e-07,1.6261153e-07,9.851111e-08,2.6654436e-06,5.1892915e-08,0.001825362,4.3204982e-05,0.00011631369,0.17697904,0.0017727291,0.00376762,0.60945916,0.9998694,9.278093e-06,2.1741596e-10,1.2214366e-07,0.0010554842,0.0006636555,0.0032039918,1.949353e-05,0.0014834381,0.07475303,0.4932761,0.0022367577,0.24647428,0.2544198,0.3117321,0.30205873,0.20942736,0.38886705,0.09072026,0.26311252,0.05751439,0.26883137,0.29244247,0.2879868,0.93922466,0.26256704,0.27345324,0.7944012,0.38554725,0.2437638,0.00057952286,0.012654333,0.26136932,0.43044996,0.0009801375,0.4530769,0.13615976,0.002252124,0.1380846,0.52306926,0.0024221148,0.23906164,0.31709912,0.087204084,0.04707824,0.43754372,0.19359513,0.30073497,0.42330393,0.22888643,0.6720193,0.9479305,0.046737414,0.0999178,0.30431533,0.30093917,0.26711085,0.2530214,0.49374714,0.21013898,0.032867886,0.32061526,0.17128284,0.3915421,0.40404618,0.27366453,0.26111138,0.14054185,0.7715389,0.00039674243,0.1631715,0.13258833,0.15153286,0.031370234,0.6717047,0.4414974,0.0013039048,0.14369395,3.038031e-05,0.6052703,0.3624699,0.0028663725,0.24043101,0.30388638,0.017581044,0.0024184932,0.43107477,0.16235149,0.36220753,0.24071835,0.1938419,0.31268337,0.12893459,0.1554797,0.07341402,0.043818098,0.37315986,1.6974845e-05,0.49401283,0.29390395,0.25007913,0.22124022,0.0052810647,0.050904427,0.200185,0.643562,0.66585606,0.30980358,0.018279012,0.09128843,0.33155927,0.027526746,0.14435917,0.1710316,0.9154867,0.31888044,0.061570235,0.012003282,0.040019628,0.26506183,0.19066882,0.094071284,0.68168086,0.06014172,0.34294227,0.1795114,0.80002815,0.11362112,0.35398835,0.19622697,0.6242855,0.17927104,0.16952707,0.40211967,0.2605694,0.262219,0.06638247,0.27026254,0.08286054,0.16619062,0.48592636,0.25533485,0.34586293,0.028629651,0.66260266,0.2341493,0.43496734,0.22516792,0.11079229,0.35143074,0.591563,0.004673478,0.0003771893,0.32195604,0.47696298,0.6636594,0.0037445317,0.0662734,0.109643154,0.5791853,0.05525928,0.3941175,0.0036902116,0.057039745,0.259142,0.052059527,0.28919905,0.08849743,0.191382,0.30425897,0.34691328
BC2026_Train_0014_S13_20220228_214500_55,0.019443983,1.2160166e-05,0.014273467,0.11966822,3.2420857e-08,0.19489963,0.028993255,0.163125,0.13853595,6.937513e-08,3.3397737e-06,0.05208963,0.019441972,7.244767e-09,4.6709698e-07,0.98276806,0.09386564,0.00045326608,0.023826208,0.101274334,0.6230209,1.0841242e-06,0.48892686,2.3882026e-06,7.472845e-05,5.04815e-05,0.05912335,0.10688354,0.00037720636,0.048575703,1.0896381e-05,2.2613174e-05,1.2249171e-06,1.2335088e-06,1.651704e-07,1.5047004e-07,2.2515376e-06,6.335356e-07,7.6105034e-06,8.564514e-07,5.1318216e-06,1.9839124e-06,4.21737e-06,4.37617e-05,1.6705087e-06,1.6705087e-06,1.0294135e-06,4.210207e-06,1.5260326e-11,2.1049705e-06,1.9289406e-07,2.409818e-07,2.409818e-07,1.6679456e-07,4.9043483e-06,5.4337452e-08,0.0018297717,7.6959004e-05,7.430859e-05,0.17293261,0.0042165006,0.003314568,0.7549269,0.9997381,3.6742924e-05,5.9015826e-10,1.8131892e-07,0.0010550559,0.00105574,0.0072386847,1.965189e-05,0.0019859301,0.07796452,0.65484715,0.00484992,0.27599567,0.22128743,0.37752214,0.26229194,0.28608292,0.31085187,0.10501597,0.26028726,0.054055218,0.5968217,0.2661163,0.43559933,0.8970957,0.37644437,0.25422105,0.769151,0.36881125,0.20835525,0.0007295249,0.01386161,0.34045148,0.39850244,0.0008167334,0.41631234,0.15618548,0.0038065664,0.16027099,0.68394387,0.0026345283,0.23734137,0.29169512,0.088662036,0.06091038,0.49702436,0.17860116,0.2545306,0.4405561,0.22494245,0.74183846,0.9545719,0.05539441,0.10843881,0.26723272,0.2792036,0.32165852,0.3224655,0.54150206,0.23089795,0.04787778,0.42728657,0.23211412,0.3757152,0.728931,0.21806736,0.3129728,0.23807834,0.7637723,0.0008481663,0.16197379,0.15049502,0.1611403,0.061239805,0.71205354,0.66716814,0.0014673418,0.295544,0.00013589067,0.6330386,0.31432766,0.0028155185,0.2717777,0.33872536,0.014449167,0.0042710803,0.49636656,0.2262253,0.35977927,0.2720315,0.17413685,0.5331013,0.12954354,0.22917932,0.09846665,0.0803234,0.3651138,3.9139715e-05,0.52482927,0.5893841,0.18150972,0.16829008,0.012284838,0.06383266,0.2342824,0.618186,0.66326255,0.29235324,0.023045862,0.07467607,0.35146576,0.023395324,0.111685194,0.22376715,0.8690565,0.35764953,0.10560452,0.017541742,0.037094504,0.26067394,0.13153026,0.116288,0.63644296,0.053925425,0.3489575,0.22276032,0.7720152,0.18303272,0.367876,0.20625769,0.69772094,0.16126932,0.18424438,0.45760357,0.26873392,0.27141997,0.06547702,0.37687677,0.11080498,0.16493855,0.7167268,0.39791697,0.3148926,0.03908548,0.75954634,0.38833067,0.4841666,0.20071484,0.27548903,0.31162673,0.61689454,0.0072480873,0.0017356755,0.4626528,0.47298726,0.6350786,0.0021632968,0.06397728,0.12458969,0.5549464,0.068378195,0.42073184,0.0073121046,0.06398069,0.22822103,0.06340136,0.25400448,0.13729294,0.27209842,0.5810621,0.42273724
BC2026_Train_0014_S13_20220228_214500_60,0.021709757,9.7189395e-06,0.012270815,0.14237185,3.245701e-08,0.14574628,0.030908873,0.06446078,0.14790843,6.992327e-08,1.9941729e-06,0.030025318,0.021373417,5.828902e-09,4.0541246e-07,0.34150898,0.104333326,0.00046513046,0.0124185495,0.081192866,0.68831825,8.9316393e-07,0.27003196,1.4607156e-06,4.316591e-05,5.535949e-05,0.007082353,0.1028929,0.00014364673,0.023072649,1.157757e-05,1.4111904e-05,1.1548188e-06,1.0291037e-06,1.63305e-07,1.18386524e-07,1.8649121e-06,5.226201e-07,5.9416057e-06,7.103479e-07,4.1199564e-06,2.0555283e-06,3.0962008e-06,2.6234544e-05,1.2769626e-06,1.2769626e-06,8.010232e-07,3.2888595e-06,1.2389153e-11,1.7531431e-06,1.8192964e-07,2.2977828e-07,2.2977828e-07,1.3103856e-07,3.960859e-06,5.1697963e-08,0.001839533,0.0001358195,9.169282e-05,0.13910349,0.0019221079,0.0039148466,0.7983043,0.99948615,7.8268595e-06,2.0195083e-10,8.2051024e-08,0.00088481023,0.0007529646,0.0038167194,1.9409941e-05,0.0019270912,0.102982305,0.41130558,0.0038335817,0.21257691,0.25685912,0.34772116,0.28695777,0.20436591,0.42916712,0.121149994,0.26461494,0.05066605,0.37159386,0.2590722,0.304858,0.9044226,0.27920797,0.37171376,0.8202832,0.33663332,0.18858467,0.0004904371,0.012287242,0.22731277,0.3953872,0.00070276,0.4971371,0.089639775,0.0031874413,0.14233351,0.5868734,0.0031377391,0.17601404,0.32098424,0.08301696,0.06270933,0.4429243,0.20489079,0.25932682,0.4143884,0.228822,0.7447125,0.9605707,0.049210466,0.13783568,0.3290446,0.40707433,0.28016603,0.2782127,0.4638927,0.24147134,0.037785612,0.28669932,0.22324185,0.40596744,0.39766172,0.24243583,0.25831118,0.19631693,0.8138167,0.00054158096,0.24859665,0.1219342,0.14865184,0.04210822,0.5769389,0.5192814,0.00089887914,0.2482236,8.2820545e-05,0.5634625,0.34008345,0.0025211924,0.18755557,0.2858918,0.015003769,0.0026278629,0.448142,0.23507597,0.23738147,0.3061944,0.18514211,0.31020457,0.13386941,0.15439825,0.09508543,0.047152314,0.36834356,2.1161983e-05,0.70817983,0.3287388,0.2114442,0.20153569,0.0070685814,0.06333198,0.20506604,0.6842461,0.6275921,0.30606598,0.018355923,0.08409976,0.36731172,0.0146886455,0.13970459,0.30024877,0.93402845,0.25647926,0.07169393,0.018605644,0.038534813,0.3831836,0.14941992,0.07683422,0.59324265,0.04853718,0.40904894,0.20819959,0.73767734,0.21147163,0.30156165,0.1828814,0.5684839,0.2018445,0.18361463,0.33625942,0.30451417,0.27996185,0.066770464,0.2557307,0.113631114,0.16988888,0.5621132,0.29227957,0.41658816,0.028723108,0.6297985,0.315775,0.47601962,0.20242763,0.16055639,0.31096166,0.7587035,0.0065553132,0.00092817226,0.31436375,0.49521172,0.68250924,0.0030069062,0.073254384,0.1051092,0.5527453,0.08722929,0.35978216,0.0045794933,0.078826785,0.26737487,0.069780014,0.28273758,0.13655569,0.23767957,0.3629701,0.39810103
BC2026_Train_0015_S18_20211016_011500_5,0.0101739885,0.00017673787,0.008719467,0.38383046,1.8231429e-08,0.12942444,0.012072849,0.025122674,7.4212753e-06,0.00027886528,0.019061584,0.016807519,0.012500916,5.978797e-09,3.13322e-07,0.00015509877,0.0020002536,0.00043880445,0.0011424221,0.043095667,0.23601116,2.6328092e-08,0.12942421,2.8961163e-05,0.01987532,1.7376775e-05,8.25958e-08,0.31810746,0.000112672264,0.012611499,0.00032338296,7.325503e-05,0.00013776912,5.0938976e-05,1.9123125e-07,3.8895732e-06,6.385823e-05,1.6605298e-05,5.238222e-05,2.4556906e-05,9.197355e-05,5.543109e-05,7.451079e-05,0.00018291481,3.3853248e-05,3.3853248e-05,1.6679664e-05,4.177999e-05,1.3892686e-10,5.2555522e-05,3.7615698e-06,5.0754925e-06,5.0754925e-06,4.705057e-06,0.000106889165,5.0822173e-08,0.004450202,0.002163301,0.00011752707,0.07348694,0.0027964448,0.0012230545,5.787879e-06,0.0010733862,1.7993301e-07,9.850648e-08,1.846969e-05,0.003286254,0.00042912504,0.000472882,1.9717283e-05,0.0028187505,0.15831174,0.17301531,0.012430781,0.29328096,0.4693105,0.5459123,0.13526972,0.13414736,0.17737405,0.38446242,0.3737876,0.039430965,0.2851311,0.48761502,0.4057785,0.6716859,0.36520404,0.102399714,0.64082134,0.64089173,0.07639228,0.0012071324,0.030775137,0.37993988,0.120513245,0.023962837,0.40414715,0.28563654,0.075157665,0.04311706,0.5944212,0.28844476,0.44313183,0.34628397,0.58968884,0.3382177,0.37416312,0.4543056,0.31236696,0.6424766,0.1501086,0.6491629,0.08838125,0.051522717,0.5246562,0.15030934,0.5078396,0.48512125,0.21696916,0.40767494,0.68490446,0.06836053,0.579018,0.14116545,0.23885395,0.45309508,0.69733936,0.27886894,0.11141583,0.697571,0.00061966653,0.24921654,0.37503782,0.15247421,0.0250606,0.51114666,0.33386353,0.02326455,0.06953445,0.00028999615,0.25331742,0.3552613,0.023378583,0.14504525,0.6199143,0.13635972,0.004227237,0.2763137,0.24939102,0.26830697,0.4773338,0.58561885,0.32190588,0.3560564,0.14977318,0.41686812,0.006883675,0.3215555,1.0038809e-05,0.51245743,0.087097086,0.5071034,0.28456068,0.015620155,0.104968734,0.3389494,0.4650715,0.7794601,0.52702236,0.032518283,0.53983384,0.47332293,0.012517498,0.7978013,0.14706565,0.6507118,0.5366367,0.04148043,0.04568108,0.44577384,0.42074,0.23549826,0.074985094,0.15733917,0.097097464,0.34117416,0.44079217,0.58076566,0.017571611,0.41090655,0.42011234,0.3740216,0.39083955,0.47592342,0.11894721,0.8241643,0.2592598,0.07170084,0.6933216,0.26401716,0.07768541,0.6179511,0.40720412,0.39942494,0.10798062,0.6871253,0.29723504,0.37215176,0.7028067,0.12044572,0.20916857,0.5304026,0.2843515,0.09197124,0.2893484,0.39401102,0.36127624,0.0039838008,0.1902116,0.656511,0.10825153,0.059762906,0.17599048,0.15211248,0.5145378,0.4684293,0.044987027,0.3233707,0.024995206,0.047851264,0.42142218,0.916396
BC2026_Train_0015_S18_20211016_011500_10,0.01176355,0.0001781034,0.009365991,0.4426381,1.8202044e-08,0.11133206,0.009916984,0.01925996,8.694884e-06,0.00037067887,0.022255223,0.025931325,0.017415322,5.9122502e-09,2.8880868e-07,0.00016702521,0.0013612303,0.00056463963,0.0014730511,0.04017719,0.2389177,2.7840647e-08,0.12968203,6.108545e-05,0.024174599,1.9002018e-05,1.04534266e-07,0.3692009,0.0001340821,0.01232556,0.0003929839,7.4580006e-05,0.00014418893,5.4286913e-05,1.9255998e-07,4.017104e-06,5.7577065e-05,1.5662494e-05,4.87006e-05,2.2617589e-05,9.044045e-05,6.823404e-05,7.097833e-05,0.00018716148,3.895225e-05,3.895225e-05,1.5769423e-05,4.2120777e-05,1.3973811e-10,5.3011107e-05,3.5919843e-06,4.8593074e-06,4.8593074e-06,4.7413187e-06,0.00010523923,5.680343e-08,0.004460755,0.0019782712,0.00013347884,0.07811172,0.0032359983,0.0010913978,6.885113e-06,0.0012856536,1.308046e-07,1.11257165e-07,1.6784219e-05,0.0034763701,0.00041271187,0.00043353357,1.9674679e-05,0.0017493031,0.15058157,0.16175853,0.02015451,0.2678395,0.5298756,0.56798357,0.12141983,0.14629814,0.23049837,0.22983874,0.4732734,0.031065365,0.29567403,0.50573725,0.40455788,0.5630914,0.3475765,0.09149282,0.6665816,0.75772315,0.0774778,0.0011823513,0.029255718,0.37818357,0.12305478,0.033556536,0.32187462,0.26915014,0.032202426,0.04705551,0.5681403,0.40754244,0.49511644,0.37781605,0.53149307,0.25217387,0.35856888,0.4177868,0.32423818,0.64987886,0.16087173,0.65185946,0.10640839,0.042999893,0.5599871,0.13716905,0.56514865,0.4349511,0.24586032,0.4411564,0.61719227,0.08704536,0.6500624,0.14949894,0.25146756,0.44951537,0.6607223,0.21467495,0.15497229,0.64883184,0.00066201575,0.26136327,0.34481305,0.112900324,0.023311954,0.5303247,0.30850163,0.025729127,0.0903794,0.0002559982,0.30439258,0.2862914,0.02331229,0.14758652,0.6855546,0.13844,0.0038856014,0.32513452,0.28121364,0.17660375,0.41151333,0.62509555,0.314283,0.38717526,0.13681284,0.6351855,0.0059052208,0.26874167,6.3153343e-06,0.40192485,0.0792952,0.45710593,0.23766671,0.021230754,0.111139104,0.40038314,0.4169583,0.7756134,0.56485945,0.05825619,0.48219788,0.4721887,0.013219549,0.80548185,0.21053955,0.45993716,0.45139477,0.03937615,0.030572018,0.27471274,0.35436034,0.28588912,0.06846114,0.15611404,0.10572566,0.32645324,0.37023404,0.5891854,0.023332391,0.4476701,0.46421131,0.37148938,0.4275046,0.45545214,0.15524371,0.81016064,0.24845108,0.06587531,0.68399036,0.2903406,0.108062886,0.6448347,0.45983878,0.44250214,0.06609477,0.70477796,0.2567824,0.3151842,0.58813727,0.10506916,0.13488676,0.6391455,0.30101338,0.12794621,0.26556337,0.39422423,0.3134158,0.0033711877,0.15319675,0.6064045,0.10173021,0.05560039,0.1808267,0.16005693,0.5874725,0.44627082,0.040687423,0.3830173,0.02458668,0.053409122,0.37073234,0.90224314
BC2026_Train_0015_S18_20211016_011500_15,0.012171398,0.00024697854,0.010387949,0.35606313,1.9674125e-08,0.11614065,0.011863306,0.028855862,9.925272e-06,0.0003320804,0.027503373,0.027951647,0.016112188,6.3780767e-09,2.8932624e-07,0.00017916036,0.0013866784,0.0004981981,0.0012206048,0.025402177,0.22773759,3.4683687e-08,0.15219384,6.0132028e-05,0.026475511,1.8763158e-05,1.4219823e-07,0.30737254,0.00011630811,0.013393511,0.00040235926,9.038807e-05,0.00016104944,7.0526046e-05,1.9213299e-07,5.6440067e-06,7.2653864e-05,1.8602981e-05,5.9713482e-05,3.3090862e-05,0.00011456616,6.7850175e-05,8.823144e-05,0.0002312676,4.4274395e-05,4.4274395e-05,2.2940481e-05,4.8347072e-05,1.9976286e-10,6.1769024e-05,5.081555e-06,6.8759236e-06,6.8759236e-06,6.3567727e-06,0.00014718052,6.121936e-08,0.0044266577,0.0022890435,0.000169763,0.072999895,0.0033540204,0.0013535585,1.8543216e-05,0.0010023684,2.2675833e-07,1.5991856e-07,1.7315535e-05,0.003579393,0.00042725867,0.00044407602,1.9730609e-05,0.0016575141,0.13705118,0.1448012,0.014929464,0.25997835,0.44452253,0.5019407,0.12129991,0.14925557,0.22504218,0.19294712,0.4127653,0.065682545,0.26703808,0.56706053,0.37294462,0.5374947,0.33687565,0.07874878,0.6388557,0.67201424,0.11609184,0.0011790995,0.024803309,0.30408666,0.100245275,0.029028106,0.35469908,0.21358533,0.02985148,0.05487061,0.5905033,0.3219555,0.39944425,0.34585357,0.66314477,0.33665323,0.3159231,0.46777427,0.2820095,0.68881345,0.13914259,0.6515863,0.084072255,0.052248824,0.60267997,0.12580207,0.5218885,0.39331773,0.29771343,0.40985647,0.76736385,0.06347892,0.5871607,0.15113223,0.27832413,0.47906524,0.6141858,0.23244396,0.14369081,0.6300599,0.0007329208,0.18076065,0.33426008,0.08751516,0.02028765,0.58501166,0.32684827,0.02407758,0.063378304,0.0002487313,0.23616478,0.32673827,0.05258498,0.115736,0.5971941,0.1544797,0.00449261,0.3056811,0.2528511,0.20371573,0.4296256,0.6226144,0.3408264,0.40267345,0.13738644,0.5872784,0.008719551,0.2888242,7.849417e-06,0.39011636,0.079901055,0.55306363,0.19961852,0.022567721,0.14033101,0.37614572,0.3340672,0.797585,0.51548934,0.03483264,0.51167333,0.4867127,0.0074499827,0.78971726,0.1322105,0.5112472,0.40703014,0.03526028,0.035260476,0.30367222,0.38711143,0.3004684,0.08517965,0.13367426,0.10990066,0.37652025,0.44067934,0.5772262,0.01440385,0.38795125,0.40925264,0.36992562,0.30978346,0.46900898,0.10872897,0.6577827,0.34525046,0.07593528,0.7058845,0.2538125,0.0949999,0.5742852,0.3989894,0.38909903,0.053803705,0.68771726,0.24740766,0.32678887,0.6295965,0.106215715,0.16198315,0.75076085,0.28169677,0.10729433,0.2935031,0.41634658,0.27744186,0.006179078,0.15233402,0.5195733,0.10429008,0.060868558,0.15102537,0.17127056,0.532816,0.4231896,0.040163312,0.30430776,0.032672245,0.05086754,0.4076652,0.9567183
BC2026_Train_0015_S18_20211016_011500_20,0.014249047,0.000213006,0.009596028,0.399603,1.9011456e-08,0.10835977,0.011574871,0.030142775,7.116191e-06,0.0003078281,0.01924078,0.02113329,0.013730091,6.009853e-09,2.7136159e-07,0.00017442617,0.0013659245,0.00047372704,0.0011651143,0.037171323,0.21966213,2.043806e-08,0.15951738,6.698166e-05,0.023804914,2.088899e-05,1.0204354e-07,0.32825434,0.000120379795,0.013483826,0.0003850207,8.1831684e-05,0.00014548244,4.9718543e-05,1.9266979e-07,4.2222805e-06,5.9511236e-05,1.6606897e-05,5.1051113e-05,2.5129653e-05,0.00010057193,6.846689e-05,7.4470445e-05,0.00020488848,3.75583e-05,3.75583e-05,1.6962698e-05,4.118243e-05,1.5339999e-10,6.15555e-05,3.9950955e-06,5.472955e-06,5.472955e-06,5.0320023e-06,0.00011066125,5.716517e-08,0.00443451,0.0029696038,0.00013821044,0.065057114,0.0025758331,0.00096930517,6.4449678e-06,0.0009015757,2.93746e-07,7.742591e-08,1.7555709e-05,0.0032758845,0.0004531856,0.00048330348,1.9758714e-05,0.0016359946,0.14093028,0.11372648,0.031977315,0.34310874,0.4974191,0.5177766,0.11868681,0.18921514,0.17705643,0.1983897,0.473819,0.030944848,0.31318232,0.5378377,0.37790966,0.48933652,0.31613153,0.0885453,0.5106949,0.65245014,0.0728208,0.0011886231,0.028936578,0.2853114,0.1280946,0.021797782,0.26984024,0.2812551,0.035702813,0.05066696,0.5816152,0.41305128,0.4011225,0.27085894,0.57674664,0.2844534,0.3012953,0.4745624,0.37825373,0.6908214,0.15641348,0.64557064,0.10762533,0.041625474,0.65486175,0.123025335,0.6121281,0.43241543,0.23187366,0.41650182,0.6326566,0.05190068,0.5995393,0.12565568,0.20508568,0.49352232,0.5742308,0.26350513,0.16290724,0.626297,0.0008164767,0.20690793,0.3888436,0.09777271,0.023105491,0.50421363,0.34600726,0.0168921,0.061413687,0.0004221476,0.23387866,0.3260049,0.02502262,0.120664805,0.60952115,0.1383666,0.0051778196,0.31445223,0.21379168,0.21329924,0.36545405,0.62654877,0.29489008,0.3603209,0.14576386,0.66371566,0.014970823,0.2784144,1.3733577e-05,0.5195749,0.10175804,0.51966554,0.26240274,0.021735553,0.11798978,0.5561087,0.38861516,0.7494646,0.5454793,0.03962977,0.48412043,0.5024889,0.014140381,0.7855913,0.14017384,0.66610676,0.44333676,0.031333115,0.03520619,0.43407133,0.39866078,0.29785874,0.07703728,0.20199549,0.10733814,0.34881344,0.38319868,0.5842465,0.013302104,0.42380136,0.39360392,0.33233204,0.33145732,0.5356209,0.13449293,0.76523185,0.28529322,0.08004589,0.67001367,0.19609424,0.1003152,0.65488154,0.48828295,0.43016544,0.073817335,0.6940636,0.2962476,0.36657864,0.5720076,0.17164658,0.17773508,0.77216375,0.2503567,0.1129763,0.28193277,0.3500936,0.29683074,0.0029249368,0.12812576,0.6198597,0.08693354,0.075085565,0.14939524,0.14705715,0.5708966,0.46197948,0.04202222,0.31593174,0.02193776,0.057202764,0.42138883,0.8785067
BC2026_Train_0015_S18_20211016_011500_25,0.011369929,0.00014766329,0.009343407,0.34670362,1.9299302e-08,0.13120806,0.01292505,0.023357151,7.0254882e-06,0.00031223428,0.02363184,0.02090113,0.014666499,5.9640004e-09,2.4048595e-07,0.00012892934,0.0012347453,0.0005987889,0.00120022,0.044859163,0.19622625,2.3757297e-08,0.10230525,4.8199527e-05,0.017174106,1.7100054e-05,8.982324e-08,0.30066764,9.075458e-05,0.013745012,0.0003719252,6.450734e-05,0.00015213496,5.7253168e-05,1.9435448e-07,3.454922e-06,5.020056e-05,1.36319795e-05,4.5986733e-05,2.2727027e-05,7.303057e-05,6.021723e-05,6.488431e-05,0.00015768575,3.1672964e-05,3.1672964e-05,1.4339672e-05,4.075498e-05,1.1977347e-10,4.1541807e-05,3.5261357e-06,4.7582107e-06,4.7582107e-06,4.1458397e-06,9.678147e-05,5.246153e-08,0.004399082,0.0021993471,0.0001483464,0.07917828,0.0030960657,0.0009664184,4.704604e-06,0.00075190887,1.755038e-07,1.210283e-07,2.0346019e-05,0.0032960644,0.00042855064,0.00047576003,1.9725754e-05,0.0019690278,0.16227582,0.1609068,0.017668338,0.32492784,0.42195666,0.5078907,0.110056646,0.14589828,0.20223573,0.18270674,0.46812922,0.05634667,0.3061254,0.5073179,0.431988,0.548501,0.34739202,0.091133624,0.6088577,0.6721532,0.075689934,0.002129517,0.040530246,0.36316177,0.15137804,0.033463668,0.30873695,0.29539686,0.026261643,0.06174341,0.6083733,0.39516237,0.4381022,0.43724358,0.60582554,0.28689674,0.31310347,0.44601077,0.3055232,0.61040735,0.13978311,0.66793513,0.08902928,0.03600687,0.5331396,0.1766032,0.57084316,0.428783,0.25131455,0.4458043,0.6546362,0.06921301,0.5883125,0.1509303,0.21879481,0.4475999,0.69225675,0.27812573,0.12271848,0.62470037,0.00063011737,0.27632704,0.32052848,0.10106681,0.02648228,0.5478677,0.34575093,0.026630519,0.069720246,0.00019474319,0.25602016,0.27185696,0.023952374,0.13154598,0.6784898,0.12979165,0.0038269723,0.29730073,0.20577839,0.21352793,0.39368078,0.622846,0.3779569,0.4231432,0.15660463,0.4843214,0.010897174,0.37017748,6.898239e-06,0.43978795,0.100248344,0.50574833,0.21345007,0.020529207,0.14056313,0.44480208,0.38844875,0.76862025,0.5638934,0.04661832,0.51277906,0.51502377,0.013061658,0.8262191,0.17844443,0.64152825,0.64840645,0.03290159,0.052813906,0.3489076,0.37001747,0.33792484,0.061214447,0.12335844,0.12699309,0.36585483,0.4478477,0.54247177,0.013997094,0.39310747,0.46910807,0.3402566,0.37666643,0.5461972,0.120798245,0.76908845,0.24718046,0.07712996,0.6559982,0.24886435,0.10764408,0.6366619,0.43376863,0.4371546,0.096262276,0.6945238,0.28841016,0.33672714,0.5643219,0.14272027,0.13665442,0.54292357,0.3077499,0.11921771,0.31357443,0.35332677,0.33869988,0.0030790558,0.16107118,0.64556605,0.07319768,0.0645659,0.12325153,0.142842,0.54747325,0.47125092,0.041610528,0.35443437,0.021852184,0.038385008,0.4645407,0.9003541
BC2026_Train_0015_S18_20211016_011500_30,0.0117359385,0.00020380519,0.008432229,0.29140455,1.9422915e-08,0.17029156,0.020088162,0.028858311,4.613646e-06,0.00025805354,0.12028044,0.027283888,0.015146442,6.155803e-09,2.3342024e-07,9.591734e-05,0.001439963,0.00076379336,0.00189893,0.037506457,0.20931849,2.0440007e-08,0.13035716,5.5808465e-05,0.01521014,2.0251684e-05,1.3745273e-07,0.3404758,0.00022644947,0.019174397,0.0003813006,8.177891e-05,0.00016698663,5.7818146e-05,1.9424024e-07,3.9969636e-06,5.3000756e-05,1.5861202e-05,5.3107346e-05,2.4429697e-05,9.5247044e-05,6.6420784e-05,7.091407e-05,0.00019740337,2.8958637e-05,2.8958637e-05,1.5253045e-05,4.3396944e-05,1.3961049e-10,5.3082033e-05,3.706328e-06,5.1137704e-06,5.1137704e-06,4.605814e-06,0.00010493615,5.304144e-08,0.0044309366,0.0018762804,0.00022589059,0.056861743,0.0032069467,0.0011033289,5.003657e-06,0.0006064665,1.7401342e-07,9.876459e-08,1.9708368e-05,0.0034296222,0.0005280622,0.0003962455,1.9615163e-05,0.0015011015,0.1451885,0.23104815,0.022163514,0.31153077,0.35759512,0.5558702,0.09805477,0.12352554,0.19686575,0.18949923,0.5373893,0.058975175,0.3730633,0.51787376,0.350739,0.74104714,0.3560458,0.11224867,0.5254275,0.8022005,0.08584155,0.0010239019,0.048213486,0.27680364,0.13401166,0.048800565,0.31805688,0.2661199,0.033055693,0.03665408,0.6027296,0.41447115,0.50472,0.42737564,0.5866976,0.3035096,0.41814092,0.38007197,0.37851533,0.694425,0.12808083,0.6152274,0.12577043,0.037924696,0.5919494,0.19601955,0.5117327,0.46790522,0.27437562,0.41979796,0.624118,0.10599834,0.60078627,0.15596098,0.2078813,0.42794812,0.64253646,0.3691506,0.15374933,0.6278371,0.00061510224,0.44010028,0.45324054,0.12094448,0.017252274,0.5298417,0.30950993,0.021762384,0.09161877,0.00027401786,0.21721886,0.32667807,0.05830771,0.14022876,0.61661404,0.18330269,0.003877203,0.27284497,0.26807743,0.19577308,0.49604246,0.5904514,0.3791418,0.38767487,0.15558079,0.53184456,0.008036733,0.30493632,7.6338465e-06,0.4715496,0.067841925,0.4910154,0.26355568,0.02196567,0.13399088,0.3705417,0.31441912,0.812012,0.586821,0.04377326,0.48168883,0.50024635,0.017724188,0.7872969,0.14578936,0.69275355,0.47018176,0.04390121,0.05699468,0.3073753,0.4625577,0.28582785,0.08477415,0.11358114,0.098442405,0.3947803,0.3593852,0.5498664,0.017416878,0.57852304,0.4161785,0.37958595,0.41226965,0.47473574,0.15901396,0.69785136,0.2550335,0.0807279,0.55482537,0.24427241,0.10923403,0.60877377,0.3423786,0.47030082,0.15058981,0.69641405,0.28582868,0.37684608,0.5691313,0.11606525,0.25388223,0.7085995,0.2593676,0.09188616,0.3361243,0.35898975,0.3645267,0.0028212687,0.20263821,0.64958817,0.09190652,0.061207645,0.13441908,0.17231458,0.51042664,0.55680907,0.050820924,0.32716805,0.02333339,0.06798388,0.40998262,0.860812
BC2026_Train_0015_S18_20211016_011500_35,0.0154841095,0.00015318983,0.007831412,0.35865927,1.8842407e-08,0.12929699,0.014593374,0.031357486,4.9378827e-06,0.00026343242,0.03071708,0.027840966,0.016357645,5.9375695e-09,2.3732692e-07,0.000110683584,0.0010665255,0.00048137468,0.0016008477,0.033966873,0.16590548,2.1553202e-08,0.16801235,2.9281136e-05,0.018232828,1.7897055e-05,8.523422e-08,0.32040185,8.570053e-05,0.010557063,0.0003250675,6.127005e-05,0.000121202414,6.469287e-05,1.9511286e-07,3.6006288e-06,4.5243472e-05,1.132434e-05,4.27673e-05,2.2490645e-05,7.106195e-05,5.3555526e-05,6.292943e-05,0.00014461602,2.2325774e-05,2.2325774e-05,1.3890287e-05,3.14414e-05,1.15269065e-10,3.6072262e-05,3.601898e-06,4.9026917e-06,4.9026917e-06,4.155873e-06,9.8925004e-05,4.9856116e-08,0.0044346508,0.0020835353,0.0001361925,0.059635807,0.0028233891,0.0009792101,4.2684287e-06,0.0007111749,1.4957092e-07,2.4896394e-07,1.9762318e-05,0.0031996865,0.0004512615,0.0004672128,1.9702813e-05,0.001339315,0.12096028,0.14313656,0.0132353045,0.2253948,0.5077229,0.49805367,0.1085245,0.13519268,0.22713146,0.15717107,0.4731288,0.054949716,0.30156577,0.48267815,0.37128502,0.59437865,0.35152614,0.09013283,0.5663435,0.69951755,0.07655808,0.0012113914,0.026982429,0.32001376,0.1244067,0.028891334,0.34838954,0.27598935,0.035150856,0.04823147,0.593641,0.31977156,0.51676047,0.39484352,0.66321987,0.2724765,0.3476701,0.41853866,0.26119646,0.6548785,0.14512861,0.6391578,0.095901005,0.04453044,0.6245237,0.18170005,0.48835292,0.53153074,0.25549534,0.47788924,0.692462,0.07542263,0.6113094,0.1524818,0.202926,0.4098597,0.6568503,0.26242068,0.1329251,0.6394355,0.0005949293,0.21174553,0.3272656,0.13061388,0.023909058,0.52148515,0.32101965,0.029675338,0.08692086,0.0001922103,0.26273227,0.34380993,0.024695342,0.09818846,0.5893834,0.12834957,0.0028005745,0.3470691,0.24021831,0.19191755,0.4592494,0.631632,0.32444972,0.40362844,0.11641744,0.5050961,0.008708831,0.31261182,4.699029e-06,0.38893953,0.06973084,0.5102063,0.20197955,0.017321726,0.11645184,0.45291564,0.33446002,0.7702693,0.5216438,0.044986643,0.53467625,0.44934186,0.012530975,0.81818134,0.19039063,0.5355147,0.55943406,0.031730305,0.034615215,0.31715217,0.44437724,0.30509502,0.062249117,0.12004306,0.07880856,0.39510658,0.40056533,0.63013715,0.017335901,0.42708093,0.43623948,0.38775742,0.3634691,0.45981666,0.10316026,0.71394974,0.2676971,0.07579977,0.6644821,0.31740272,0.112972185,0.62846863,0.4273952,0.422117,0.0794003,0.7294274,0.24490604,0.36223146,0.5817015,0.12622674,0.1541137,0.621137,0.24353352,0.09686509,0.29565582,0.45011592,0.3678437,0.0026789752,0.16976082,0.6419284,0.07259368,0.07596467,0.15811163,0.12575938,0.5030973,0.4732805,0.04415604,0.297353,0.022896774,0.061963804,0.40008026,0.9055596
BC2026_Train_0015_S18_20211016_011500_40,0.015406522,0.00019664416,0.008071882,0.35382757,1.8307109e-08,0.109832555,0.011322599,0.022918342,5.6524395e-06,0.00029963168,0.019319916,0.014491792,0.012968202,6.1928107e-09,2.961551e-07,0.00010986021,0.0018743323,0.0004789438,0.0012457559,0.02468857,0.28677404,2.2693165e-08,0.13238654,5.0905222e-05,0.023783457,1.731266e-05,8.0751356e-08,0.28783125,8.6631255e-05,0.009414321,0.00033378365,6.748334e-05,0.00012702687,5.2600764e-05,1.926177e-07,3.9081247e-06,5.379761e-05,1.4713107e-05,4.56641e-05,2.4409643e-05,8.964952e-05,5.8084996e-05,6.8598296e-05,0.00016716377,2.7752461e-05,2.7752461e-05,1.671989e-05,3.7883463e-05,1.4158352e-10,4.8708112e-05,3.826155e-06,5.268396e-06,5.268396e-06,4.550168e-06,0.000108900684,4.8433954e-08,0.0044128597,0.0018244899,0.0001294337,0.058050103,0.0024447856,0.0010635202,4.991818e-06,0.00075782166,1.2006024e-07,1.0613336e-07,1.7731865e-05,0.004158028,0.00046349765,0.000566386,1.97412e-05,0.0017305891,0.17225346,0.14422685,0.013409106,0.24630268,0.4845155,0.5237395,0.13096108,0.15956835,0.21369964,0.1623207,0.46964866,0.055313643,0.29670322,0.4815155,0.39883465,0.67561674,0.38730276,0.09880214,0.5225066,0.66447043,0.086763,0.000895148,0.029034138,0.2901804,0.11568222,0.028736493,0.3336235,0.2550038,0.028053686,0.055034045,0.56498075,0.32896546,0.4510712,0.39105642,0.7215962,0.37252867,0.3256555,0.43276128,0.30779302,0.6676403,0.14772683,0.6054942,0.09566099,0.041670863,0.5626363,0.18092409,0.5212416,0.4503851,0.20215608,0.4078505,0.65303475,0.05116202,0.58636135,0.13848239,0.26058194,0.40912613,0.6650483,0.28066337,0.13914639,0.6018611,0.0006795965,0.32512626,0.3372078,0.113727525,0.022652704,0.51212746,0.3047024,0.016561402,0.06617347,0.00018380319,0.26641592,0.3348865,0.019862989,0.13472466,0.6534473,0.14218919,0.002657791,0.26161638,0.26382014,0.18050177,0.4655209,0.6164272,0.31617916,0.4681386,0.14844462,0.67892325,0.0132344,0.30606982,4.6110863e-06,0.41478786,0.07010792,0.5316218,0.21294586,0.01651551,0.16912542,0.3589954,0.4069908,0.75552064,0.55445814,0.033234697,0.534123,0.4790496,0.01092401,0.8393158,0.18368591,0.47565234,0.6059323,0.029416071,0.044564337,0.2838365,0.3411504,0.2932244,0.07958479,0.1228051,0.17449746,0.3949287,0.46454334,0.54492825,0.024768611,0.45820278,0.4195121,0.30352822,0.43897495,0.5492503,0.12246967,0.7985766,0.2499102,0.077155635,0.6583189,0.25057605,0.09068802,0.69207203,0.4180801,0.41922203,0.06000087,0.67550695,0.29574403,0.34961572,0.6107816,0.10440301,0.11591727,0.6886474,0.2553395,0.08225428,0.31443277,0.33349186,0.34313947,0.00411184,0.1976373,0.6826408,0.0923699,0.055711936,0.13722372,0.1455321,0.55981076,0.4489997,0.03800216,0.3288485,0.035582818,0.06112705,0.45618027,0.92279714
BC2026_Train_0015_S18_20211016_011500_45,0.008910479,0.0002074828,0.008926376,0.33250797,1.8720963e-08,0.131998,0.009262333,0.025190933,1.0472098e-05,0.00033617252,0.021188578,0.019768404,0.013520665,5.890025e-09,2.8610302e-07,0.00014103382,0.0022400203,0.00047264763,0.0018181944,0.032728463,0.21895273,3.4012746e-08,0.11106425,8.848779e-05,0.022845661,1.7084782e-05,9.8533185e-08,0.4049181,0.000103661776,0.014732685,0.00035643933,7.604368e-05,0.000132679,4.710506e-05,1.9352379e-07,4.4496655e-06,6.433092e-05,1.416109e-05,5.088527e-05,2.663107e-05,9.028988e-05,6.008904e-05,8.538096e-05,0.00018969603,3.6789857e-05,3.6789857e-05,1.8522062e-05,3.658944e-05,1.4886357e-10,4.712409e-05,4.441738e-06,5.9429567e-06,5.9429567e-06,5.254814e-06,0.00011769453,4.6381853e-08,0.0044174823,0.002373797,0.00012591222,0.086624384,0.0030675193,0.0009798073,7.3910956e-06,0.0008627331,2.8841933e-07,2.2473299e-07,2.4419585e-05,0.0032663536,0.00040764362,0.00040322624,1.9745434e-05,0.0017245592,0.12984093,0.11523261,0.016013857,0.2819394,0.5283012,0.51834375,0.112868495,0.16556111,0.1674811,0.1834342,0.37749702,0.051233634,0.24793331,0.4851966,0.47794652,0.5169711,0.35194972,0.088307194,0.61911726,0.6765118,0.07406915,0.0010278985,0.02871342,0.2839648,0.12943098,0.022289446,0.31771043,0.257852,0.029523741,0.043705538,0.6057595,0.41284347,0.49082235,0.30307445,0.73979807,0.24356602,0.2984494,0.44662458,0.32111505,0.68428206,0.14844126,0.6287875,0.1315194,0.03900382,0.5000686,0.14402184,0.5379956,0.44426122,0.24260648,0.45514643,0.7309817,0.048359126,0.6280888,0.17951268,0.19570166,0.4768436,0.7056534,0.2506881,0.13784121,0.6141718,0.00083918154,0.25515488,0.26461908,0.09734393,0.017216256,0.5321852,0.35782447,0.019501235,0.06828133,0.00015005382,0.2595032,0.32234,0.028299699,0.10402002,0.67542416,0.15614073,0.0036691134,0.28227192,0.25483167,0.2026236,0.4173637,0.66484946,0.31546143,0.45642537,0.13006125,0.5640857,0.009119098,0.30837768,7.352523e-06,0.42926455,0.07799532,0.5911919,0.22046609,0.021296903,0.11284009,0.5299646,0.41703448,0.76404524,0.5454217,0.07532539,0.49661088,0.43297616,0.015259974,0.79132026,0.14802347,0.6311819,0.47855884,0.02752778,0.04876896,0.37163436,0.35067648,0.3018343,0.06588941,0.13487872,0.09623257,0.4024927,0.41348916,0.5847587,0.014834977,0.39709425,0.34157008,0.37338805,0.4395766,0.5244133,0.12449421,0.77507865,0.26180074,0.07061761,0.7227131,0.27327895,0.11589408,0.6552933,0.4386724,0.4057887,0.06397992,0.69718647,0.34743434,0.35099006,0.5318912,0.14830908,0.1367393,0.69728297,0.33761284,0.13616237,0.2581925,0.26167235,0.31639454,0.0029704915,0.15560842,0.7213124,0.06686893,0.06191104,0.1438603,0.16080852,0.49542117,0.4946131,0.039597433,0.3301717,0.022006836,0.04111263,0.45351797,0.93187356
BC2026_Train_0015_S18_20211016_011500_50,0.012687949,0.00022558018,0.008854712,0.3651454,1.7438724e-08,0.12363045,0.015463124,0.029411582,1.2175542e-05,0.0002850039,0.017255966,0.018957667,0.014641373,6.5184977e-09,2.1575732e-07,0.00023061274,0.0015557623,0.000519281,0.0015904923,0.028348051,0.24792041,2.9933805e-08,0.1425556,4.3504355e-05,0.027969005,2.200705e-05,1.10405665e-07,0.3588827,9.860034e-05,0.012918203,0.00036973937,7.65837e-05,0.00012313723,4.449722e-05,1.918419e-07,4.4485205e-06,6.589789e-05,1.5761038e-05,5.1826526e-05,2.6113019e-05,8.793266e-05,5.7648078e-05,8.075129e-05,0.00019407747,3.294341e-05,3.294341e-05,1.8317207e-05,3.83066e-05,1.527574e-10,4.9378792e-05,4.403728e-06,5.9793256e-06,5.9793256e-06,5.189078e-06,0.000114688984,4.7969078e-08,0.0043731,0.0020374681,0.00016633215,0.073413014,0.0037199953,0.00088917965,8.90944e-06,0.0010677757,1.9293236e-07,1.1482628e-07,2.4235622e-05,0.003475174,0.00043680365,0.00048234285,1.970303e-05,0.0014685006,0.16354042,0.13679251,0.016796399,0.23879346,0.47146958,0.52341837,0.121323936,0.16109566,0.17725377,0.1549326,0.44713572,0.0600962,0.24920359,0.45380163,0.4678724,0.5730648,0.3498117,0.080760375,0.5567922,0.7165033,0.069745384,0.0014196333,0.035632573,0.33204913,0.13061385,0.024044095,0.37683702,0.30739608,0.027946537,0.052214187,0.6020001,0.40436947,0.45273125,0.38151056,0.74369526,0.27412102,0.3227153,0.4412126,0.3929961,0.65068823,0.17233129,0.62734544,0.10042488,0.04499904,0.6625759,0.18148437,0.5896438,0.50220823,0.2391425,0.47353986,0.6841965,0.057754222,0.6875435,0.13657558,0.2261655,0.47487104,0.68786407,0.24954021,0.1180977,0.64878327,0.00066978205,0.28556117,0.2827071,0.12992474,0.014740086,0.5373124,0.34005818,0.022218816,0.06725839,0.00032358212,0.29396093,0.28268266,0.028514635,0.14028165,0.6258612,0.18895271,0.004050402,0.3081949,0.1639515,0.2118981,0.60366136,0.5855292,0.33811128,0.47089028,0.14193381,0.51769245,0.011073411,0.24542102,9.245501e-06,0.39491352,0.08046075,0.56698555,0.21456857,0.017452927,0.15593195,0.46773386,0.3872582,0.7731681,0.5918697,0.03211479,0.40765837,0.48591983,0.009355432,0.7980596,0.1302236,0.54215914,0.51606977,0.03173213,0.043142382,0.42344,0.40377548,0.47829342,0.07519702,0.110329136,0.15251653,0.38225147,0.51412314,0.5928393,0.021341618,0.41859102,0.35258344,0.356224,0.3688504,0.57789105,0.089273185,0.7738975,0.32516482,0.07150616,0.63889605,0.21502817,0.108834006,0.6961814,0.407205,0.39150262,0.09040602,0.6644847,0.27833536,0.3442154,0.56379324,0.16293749,0.1534841,0.6559784,0.29485548,0.13803959,0.30675283,0.36219934,0.34963876,0.0030512793,0.1934398,0.6655862,0.105431676,0.071931355,0.13334292,0.16215998,0.46978736,0.44359618,0.03716454,0.33485025,0.026075711,0.061458036,0.47588825,0.9587271
BC2026_Train_0015_S18_20211016_011500_55,0.013466814,0.0002013384,0.008026305,0.37717316,1.8518358e-08,0.10873423,0.010920767,0.021119589,1.2080032e-05,0.00043062598,0.029848399,0.016198587,0.024451852,6.2712764e-09,2.9210912e-07,0.0001989507,0.0013486969,0.00047596253,0.0014104218,0.028392637,0.18322144,2.992059e-08,0.17179218,4.722331e-05,0.026093304,1.8793393e-05,1.4416698e-07,0.2941465,0.00022185859,0.016149875,0.0003682586,9.693565e-05,0.00014066197,4.9641752e-05,1.8789247e-07,6.310563e-06,8.423504e-05,1.7546323e-05,7.4923766e-05,3.3766068e-05,0.00013627828,6.319115e-05,9.9521596e-05,0.00025563603,4.134212e-05,4.134212e-05,2.3801818e-05,4.832735e-05,1.7203793e-10,7.32158e-05,5.419229e-06,7.3785213e-06,7.3785213e-06,6.906428e-06,0.0001515131,5.3440967e-08,0.004395234,0.008947306,0.00012971205,0.058221582,0.0032652349,0.0010881488,2.451523e-05,0.0010520963,1.7783418e-07,7.0581436e-08,1.8698125e-05,0.003070926,0.00044896858,0.00043123987,1.9953488e-05,0.0019440638,0.17867449,0.19599508,0.016464738,0.26271418,0.48032695,0.55683017,0.14387175,0.17297566,0.17892717,0.16819575,0.4431299,0.04605671,0.34986186,0.5347665,0.39968878,0.8228039,0.42338565,0.082699046,0.5669149,0.6974038,0.108389646,0.001707594,0.18308417,0.3144006,0.17681642,0.050003532,0.39915475,0.4526944,0.033543967,0.040212173,0.6042753,0.27101484,0.39295775,0.35102287,0.6336181,0.26251113,0.32707283,0.48799318,0.30270696,0.67575467,0.19957314,0.6115829,0.09327746,0.04937215,0.52235115,0.14835806,0.49835014,0.46383876,0.2482198,0.40341234,0.73237383,0.04747172,0.5525068,0.14961812,0.20127337,0.4711583,0.5838189,0.23859216,0.13020717,0.64766747,0.0005476088,0.380139,0.2847904,0.10100397,0.017171608,0.4912546,0.31751436,0.018411553,0.06643201,0.00072452193,0.27602318,0.37160787,0.034483224,0.13830747,0.5705942,0.11994672,0.003546619,0.38146162,0.20715928,0.23865834,0.4694932,0.5683184,0.3376066,0.420237,0.20075153,0.54131734,0.010799864,0.32008633,4.4889366e-06,0.4664064,0.09066493,0.4761886,0.20638387,0.025878094,0.1376133,0.35041335,0.3967747,0.78116333,0.52714705,0.039576482,0.4344047,0.46344805,0.006499854,0.80816615,0.13832928,0.72698003,0.49639234,0.032420233,0.048237134,0.26175457,0.3635398,0.29510584,0.07992515,0.124169305,0.11566763,0.3411626,0.42109442,0.5896606,0.016422741,0.43404865,0.72331834,0.36609983,0.39730152,0.48470858,0.12392972,0.7287917,0.2429772,0.062534064,0.6535302,0.21263169,0.081339024,0.6667363,0.4593923,0.42965284,0.3920365,0.7065569,0.34378135,0.39178598,0.59689236,0.121751934,0.13270512,0.63352245,0.25051194,0.10549794,0.322972,0.35265538,0.29070446,0.003384001,0.14234093,0.48853052,0.07602674,0.05193707,0.22268786,0.13389608,0.5293187,0.4690325,0.03966342,0.3353746,0.023481574,0.044021185,0.4418659,0.94780064
BC2026_Train_0015_S18_20211016_011500_60,0.01417442,0.00022458611,0.00944004,0.40611017,1.8043313e-08,0.13658898,0.012823641,0.030427953,5.395099e-06,0.00027297632,0.079432085,0.030664733,0.019226229,5.781077e-09,2.9623928e-07,0.00013300388,0.0015791745,0.0005443907,0.0012674005,0.027738927,0.21883976,1.8619657e-08,0.14799924,6.873726e-05,0.020403441,2.0772053e-05,9.061517e-08,0.31778964,0.00016921258,0.019937692,0.00031895415,7.461854e-05,0.00012765046,4.6810143e-05,1.8959315e-07,5.308193e-06,7.4689364e-05,1.5014674e-05,6.760523e-05,3.0925687e-05,0.000114610186,6.247431e-05,8.3095496e-05,0.00019832952,3.4258654e-05,3.4258654e-05,2.1449023e-05,4.012642e-05,1.5333969e-10,5.8546655e-05,4.924169e-06,6.724343e-06,6.724343e-06,6.1625606e-06,0.00013156266,4.996854e-08,0.004409002,0.008684706,0.00013804907,0.05986233,0.002497937,0.0010179558,2.1292437e-05,0.0008173041,2.7293294e-07,8.091309e-08,1.9757726e-05,0.0035059107,0.00043567363,0.00046541254,1.9868845e-05,0.0018786604,0.1580381,0.13834289,0.018071903,0.23314174,0.41672638,0.4686616,0.12964648,0.17244104,0.20930381,0.18042596,0.43317103,0.044200342,0.2893537,0.5107596,0.51481104,0.7753167,0.36375856,0.087434925,0.6139998,0.76568353,0.115055524,0.0014409983,0.1333668,0.29730493,0.12827499,0.028477767,0.41488448,0.32854843,0.034966577,0.05601183,0.64259624,0.287846,0.4315479,0.3248146,0.7364678,0.23587184,0.3690863,0.48415637,0.32639506,0.6337918,0.18683569,0.6274316,0.113075934,0.057716,0.5493588,0.15783744,0.61377394,0.43800458,0.26854697,0.4062348,0.63754743,0.049262322,0.56032926,0.12609181,0.22651967,0.46840414,0.6910613,0.27221635,0.15874186,0.6702614,0.00065328705,0.2994874,0.25945306,0.10178203,0.02428925,0.51585597,0.32174435,0.01860215,0.07121815,0.0011484574,0.25037163,0.32854354,0.0316169,0.16728133,0.65586317,0.1213641,0.0037288708,0.26011863,0.2051164,0.23419282,0.43001953,0.6301725,0.29442757,0.36756983,0.1686216,0.49619853,0.009671421,0.27500525,5.556876e-06,0.49146816,0.07239216,0.5150493,0.17956991,0.01982852,0.16146235,0.36474335,0.42263475,0.7385653,0.5253986,0.044554435,0.54296505,0.47361922,0.008634204,0.81300414,0.15289035,0.7780663,0.59802103,0.02645401,0.03652206,0.37151504,0.3835076,0.3395194,0.06244439,0.1401678,0.22379977,0.3822349,0.43563136,0.54584646,0.017300075,0.45573393,0.62667775,0.35107005,0.38683164,0.54189664,0.12419045,0.7792062,0.20974964,0.06983076,0.653747,0.2458299,0.09420406,0.7112012,0.49038053,0.34286475,0.33845806,0.6894584,0.30252433,0.41100806,0.6024841,0.16398047,0.11121159,0.6591042,0.21187606,0.08453514,0.2659356,0.32202724,0.32546902,0.0053292857,0.19520739,0.588296,0.07632042,0.048533566,0.18557905,0.11773284,0.49089545,0.42259958,0.04393959,0.32002634,0.024826873,0.051153976,0.41325948,0.8228286
BC2026_Train_0016_S18_20220204_221500_5,0.02736023,7.801193e-06,0.012666931,0.0002707331,1.4743784e-08,0.1734523,0.3411341,0.23053937,6.8139406e-07,0.34721464,0.06138404,0.07901233,0.016914174,5.6849556e-09,2.0573738e-07,0.00035026023,0.02187092,0.0006811273,0.418265,0.10215034,0.41684836,5.1512313e-07,0.57817614,7.7916535e-05,0.0003056164,2.497827e-05,1.782835e-08,0.32728344,1.6524995e-05,0.0076328903,5.7494904e-05,1.04806695e-05,1.7249014e-05,5.0811427e-06,1.5454071e-07,9.870178e-08,1.7107791e-06,1.7210775e-06,1.8500596e-05,9.5123244e-07,1.1601614e-05,1.6175465e-05,4.4554286e-06,2.0332634e-05,4.6904856e-06,4.6904856e-06,7.614386e-07,1.009236e-05,5.105478e-12,3.5288535e-06,1.5854954e-07,1.8522245e-07,1.8522245e-07,1.7387879e-07,4.745942e-06,3.4721673e-08,0.0024487136,0.00015175084,6.47263e-05,0.21806659,0.0038955112,0.0010450125,3.2655924e-05,0.0031552778,2.5408224e-06,7.2003155e-09,2.4149958e-07,0.0032520124,0.0010493048,0.0015124236,1.952082e-05,0.000840759,0.19001468,0.1839603,0.008979924,0.2669528,0.39802396,0.6386414,0.28389415,0.33985046,0.3179329,0.09847041,0.91177034,0.1688542,0.41953787,0.50642616,0.7092231,0.52448016,0.26734382,0.29837906,0.6235003,0.5337368,0.115431175,0.012320706,0.14612395,0.52362514,0.5069025,0.018571198,0.44429085,0.20419972,0.0040816697,0.22603247,0.58968025,0.056118585,0.63640726,0.38299143,0.14821202,0.08324468,0.29234543,0.2545918,0.24575992,0.93093234,0.23465599,0.37951425,0.30226535,0.09261313,0.33914405,0.6957258,0.35299876,0.43884325,0.6810291,0.6412524,0.32501593,0.042114716,0.7156051,0.21530138,0.25416556,0.2744437,0.48606378,0.821282,0.39361984,0.60529715,0.0011146099,0.2980851,0.25935155,0.13045706,0.09979631,0.8427668,0.46401942,0.002108908,0.14389868,0.00010107908,0.429502,0.34662837,0.0101767285,0.2125527,0.4540566,0.17772414,0.0045594308,0.29820102,0.31042483,0.22339313,0.13825396,0.27979323,0.30551577,0.38679665,0.34496513,0.13171245,0.005971706,0.39394364,6.4021883e-06,0.3949668,0.16533813,0.43281248,0.24539693,0.027319448,0.7720863,0.32390723,0.12849936,0.7568386,0.48647556,0.030621795,0.1732842,0.22598478,0.0069409334,0.66702133,0.11452605,0.5781534,0.22404401,0.12517355,0.038869463,0.28725618,0.30316466,0.21708915,0.1255349,0.19156648,0.04187758,0.29491565,0.26799434,0.8862593,0.035810098,0.598497,0.314823,0.5978706,0.3303852,0.3792316,0.16085584,0.19212463,0.3813959,0.43467546,0.4319127,0.38772333,0.19040328,0.46662185,0.48195118,0.4279929,0.15344943,0.73075354,0.15587124,0.34497908,0.57447886,0.18916693,0.32767472,0.61044663,0.06568326,0.02771545,0.3877222,0.54160076,0.33898705,0.009036543,0.13062483,0.31111693,0.34984273,0.12856978,0.11581867,0.016346037,0.21483913,0.6096228,0.041014753,0.4505628,0.022495065,0.1344181,0.35560143,0.6575905
BC2026_Train_0016_S18_20220204_221500_10,0.051934846,7.860184e-06,0.011736741,0.00025736642,1.4288615e-08,0.1808652,0.28716686,0.25703853,4.611247e-07,0.32862538,0.06928856,0.07790323,0.018724363,4.3539004e-09,2.2650659e-07,0.00025669657,0.012888887,0.00056952256,0.41261628,0.18839611,0.49368116,2.0934763e-07,0.40871263,6.982822e-05,0.00043019038,1.9194384e-05,1.8797923e-08,0.28632733,1.3445237e-05,0.006350213,3.3741562e-05,9.729522e-06,1.4242339e-05,2.936684e-06,1.5295112e-07,9.045823e-08,1.7415923e-06,1.5041547e-06,1.5730451e-05,8.3974646e-07,1.0580947e-05,1.0669543e-05,4.435963e-06,2.1224798e-05,2.1005378e-06,2.1005378e-06,6.6203904e-07,8.119699e-06,3.8877686e-12,3.3534689e-06,1.4537369e-07,1.6728951e-07,1.6728951e-07,1.5727119e-07,4.031884e-06,2.7433783e-08,0.0024550334,0.00051689614,7.0003625e-05,0.14873579,0.0057527553,0.0009108192,1.0470144e-05,0.0030293236,2.5065701e-06,9.268875e-09,1.9730105e-07,0.00315905,0.0011666402,0.0015700463,1.9749144e-05,0.0009380568,0.20495363,0.18241687,0.0109446095,0.29004994,0.36708772,0.65172005,0.3359892,0.24785317,0.2727442,0.11393191,0.91236776,0.10984961,0.57603365,0.5781996,0.6585854,0.74165213,0.3029564,0.18570419,0.54966944,0.51602536,0.10936992,0.005778985,0.118655436,0.473582,0.38883772,0.014885877,0.35119662,0.20854385,0.0033426234,0.2968235,0.5138583,0.060235705,0.5079151,0.30229104,0.18828501,0.06608203,0.30488133,0.27074713,0.22595204,0.91528374,0.25123835,0.41807395,0.21492824,0.07843386,0.34283096,0.71177256,0.2886835,0.41007128,0.62127596,0.5988598,0.30520046,0.03832892,0.6742217,0.24738641,0.2631557,0.27880365,0.3182156,0.8155108,0.42552173,0.6789228,0.0019231309,0.35257965,0.18747398,0.1747229,0.09425996,0.68994045,0.44276366,0.0026362855,0.119886436,8.0847174e-05,0.38353118,0.31667084,0.0069246353,0.20325911,0.41086316,0.18702184,0.0038965845,0.37059772,0.23023234,0.19592622,0.19534451,0.32743114,0.32046944,0.2523618,0.3219788,0.15573055,0.009894594,0.36297897,2.220417e-05,0.5513425,0.14369655,0.34565163,0.244766,0.024459943,0.6101375,0.30418366,0.17334211,0.7178745,0.49929768,0.02886989,0.24559753,0.26920354,0.010339038,0.6512916,0.112832986,0.92209697,0.21163917,0.10733674,0.036532346,0.16005565,0.30775356,0.29324105,0.13462962,0.1622196,0.047289874,0.28669333,0.2601832,0.90484285,0.026404748,0.7005784,0.5050204,0.5725415,0.29370165,0.40584657,0.16968068,0.20290402,0.34590495,0.30005094,0.48657092,0.57341903,0.17100094,0.4719214,0.49674383,0.38061303,0.3447291,0.6212587,0.18110508,0.54746324,0.44348153,0.19536602,0.41490737,0.53401446,0.062094588,0.031277727,0.25353345,0.5683818,0.39519674,0.01223173,0.10509145,0.23567636,0.2826053,0.116545305,0.1890264,0.022891644,0.17166345,0.70600533,0.047228683,0.42427614,0.019546531,0.11511651,0.33413646,0.6716312
BC2026_Train_0016_S18_20220204_221500_15,0.04461263,7.1616337e-06,0.011756824,0.00040265746,1.4477311e-08,0.1553929,0.23274656,0.17406063,6.633265e-07,0.3106435,0.04048501,0.06808453,0.015928002,4.722216e-09,1.9316774e-07,0.00020647407,0.01542366,0.00043443902,0.09725489,0.10123692,0.54684615,1.6731877e-07,0.2668915,9.462612e-05,0.00030342917,1.9363992e-05,2.324237e-08,0.34116384,1.6071308e-05,0.0078994455,2.920904e-05,1.0683447e-05,1.4490559e-05,3.837445e-06,1.5191013e-07,1.1516639e-07,1.9239396e-06,1.4811084e-06,1.7576365e-05,1.1944943e-06,1.1227593e-05,7.839526e-06,5.338638e-06,2.3989533e-05,2.9153766e-06,2.9153766e-06,8.08245e-07,7.746238e-06,4.1284033e-12,3.288128e-06,1.8147686e-07,2.0686836e-07,2.0686836e-07,1.7688279e-07,5.1019047e-06,2.5090833e-08,0.0024430978,0.000302365,6.243918e-05,0.15346068,0.002248127,0.00093145436,7.5710686e-06,0.0021107523,9.771816e-07,8.482226e-09,1.10620924e-07,0.00370308,0.0012396633,0.0017998094,1.9681313e-05,0.0010569721,0.2118926,0.185357,0.008762948,0.31060448,0.2773206,0.62495804,0.48844427,0.35383946,0.27752718,0.08276281,0.89861405,0.16009018,0.40222278,0.54875827,0.5297549,0.81398046,0.33177492,0.19703525,0.5226845,0.5401775,0.16340792,0.0051211896,0.10506524,0.5015701,0.40403444,0.011072404,0.3652151,0.3010115,0.004625715,0.2494066,0.56095237,0.052901056,0.61509705,0.352798,0.21024063,0.08372787,0.28865913,0.2980521,0.23015995,0.9592599,0.2280572,0.4244608,0.24480338,0.07114017,0.39693853,0.65719444,0.406354,0.3875333,0.5957374,0.5882059,0.25406522,0.04426502,0.79042655,0.20344612,0.3359828,0.33831206,0.39016908,0.7537451,0.3854574,0.6621178,0.0019390099,0.25684446,0.16000664,0.09370903,0.090449,0.72785985,0.42664084,0.002790913,0.15087615,6.1720595e-05,0.42049804,0.33114415,0.0069980407,0.21348031,0.40825543,0.19622925,0.0033506711,0.39455345,0.35429257,0.189477,0.18839182,0.3412314,0.25993574,0.37327832,0.35414794,0.12410842,0.009417743,0.3572408,1.067377e-05,0.6039829,0.18178928,0.378339,0.22613318,0.011942438,0.73472,0.35408315,0.16923915,0.76539594,0.52021086,0.029067878,0.18098901,0.21696475,0.01170256,0.7666679,0.13613594,0.9233423,0.22170159,0.104747966,0.032835584,0.167152,0.31366852,0.22464024,0.11925341,0.18738183,0.041272007,0.29934317,0.20834078,0.95116764,0.018296544,0.5770551,0.47499987,0.5989046,0.38444978,0.43569,0.14719497,0.19944362,0.43710375,0.26686946,0.5446824,0.32751128,0.1536348,0.6155035,0.6637563,0.4269521,0.3514982,0.6996652,0.1477949,0.5121315,0.53834385,0.25233033,0.20495471,0.521522,0.057415854,0.036409263,0.29189458,0.6093631,0.41932315,0.01715123,0.10505534,0.18916802,0.2409906,0.11615124,0.1623121,0.021037225,0.17324631,0.41397882,0.050484765,0.43263212,0.018533586,0.10920441,0.32948318,0.61545986
BC2026_Train_0016_S18_20220204_221500_20,0.05584113,8.332945e-06,0.01294046,0.00039310718,1.4589345e-08,0.1800156,0.24850954,0.27887377,4.959333e-07,0.4341861,0.07765299,0.07856993,0.019026544,4.9490723e-09,2.4739848e-07,0.0008671705,0.015584521,0.0004962443,0.08604334,0.097324975,0.5572147,1.7099383e-07,0.32336482,9.99115e-05,0.00057710754,1.9522067e-05,5.0529206e-08,0.34987843,3.5349025e-05,0.014657011,3.4853045e-05,1.1745826e-05,1.3889033e-05,4.819905e-06,1.5380664e-07,1.2484351e-07,2.2946786e-06,1.7321988e-06,1.9470297e-05,1.31344e-06,1.2119663e-05,8.524932e-06,6.392219e-06,2.4746743e-05,3.2425573e-06,3.2425573e-06,9.897295e-07,9.805748e-06,4.97436e-12,3.143248e-06,2.1928422e-07,2.545814e-07,2.545814e-07,1.9696036e-07,6.6847783e-06,2.6642917e-08,0.002441724,0.0004663988,7.504626e-05,0.14452897,0.002588731,0.0009231875,1.9090216e-05,0.0031543789,2.0126972e-06,7.697113e-09,1.3146953e-07,0.0041657626,0.0010295697,0.0029385567,1.9756639e-05,0.0007929227,0.19887285,0.15359865,0.012020308,0.23280771,0.36276394,0.65215546,0.44252208,0.38952506,0.2452777,0.11322152,0.8951772,0.1100176,0.55936354,0.46570215,0.65198207,0.6475577,0.30415854,0.14021815,0.5119445,0.447441,0.080507174,0.012862111,0.10467322,0.5852809,0.5161894,0.017263558,0.37815845,0.2461212,0.0067491382,0.30715114,0.60454255,0.046899702,0.6281105,0.3748966,0.17172594,0.06857925,0.28600198,0.29105192,0.22409275,0.89348626,0.29900277,0.45320326,0.22044365,0.068918385,0.41914693,0.7586861,0.4126029,0.44548446,0.62625325,0.6171047,0.27852494,0.043159474,0.8123898,0.2649129,0.23478462,0.50531346,0.33625102,0.8669334,0.3501491,0.6347388,0.0027888082,0.3233062,0.16088657,0.10074391,0.121198274,0.8103268,0.4392882,0.0024850105,0.14701405,5.249495e-05,0.40947416,0.34596887,0.00843007,0.24664532,0.4581686,0.13570814,0.0042963857,0.37293094,0.27107853,0.20125203,0.17976265,0.3155569,0.48926362,0.36098585,0.39579368,0.14579383,0.006553308,0.33987796,5.1143193e-06,0.56575984,0.20566176,0.38444266,0.23553245,0.013838915,0.72029185,0.24409357,0.12881102,0.7533247,0.520988,0.027374873,0.1778272,0.27603057,0.011070248,0.6151631,0.13975853,0.9182715,0.26068178,0.20999284,0.04197576,0.19069767,0.4240087,0.27059376,0.12243458,0.1554937,0.04908641,0.22841883,0.25766706,0.90335304,0.020992374,0.62138087,0.52665865,0.5480859,0.3023524,0.44381124,0.14554977,0.19105892,0.34590632,0.3390788,0.46662986,0.48775548,0.16748065,0.54189813,0.49487913,0.36238542,0.282075,0.70200807,0.17110819,0.45386142,0.4890445,0.20043954,0.31455854,0.51742405,0.06374847,0.034472812,0.33419755,0.5537707,0.3626439,0.008884922,0.10568746,0.19370823,0.3164508,0.17183907,0.14580445,0.02364968,0.19108456,0.5284669,0.0462483,0.4579048,0.015025319,0.118546106,0.35160205,0.56212336
BC2026_Train_0016_S18_20220204_221500_25,0.044445604,7.6150855e-06,0.010161921,0.0002990567,1.4529886e-08,0.14411661,0.33871093,0.25370786,4.8609587e-07,0.36629668,0.058433253,0.11292754,0.019455014,5.1715894e-09,2.4264622e-07,0.0005408923,0.01181052,0.0005141095,0.09130973,0.12175386,0.41125935,1.5635608e-07,0.2790264,0.00013368447,0.0007780126,2.0662072e-05,4.8579654e-08,0.33837008,2.0609943e-05,0.008093857,3.4784036e-05,1.156562e-05,1.5161552e-05,5.4546704e-06,1.5548883e-07,1.1320323e-07,1.933076e-06,1.7663017e-06,1.4230303e-05,1.1745074e-06,1.1625743e-05,8.208956e-06,5.4892953e-06,2.405047e-05,3.820689e-06,3.820689e-06,8.4537186e-07,9.653756e-06,4.451951e-12,2.8789125e-06,1.7640203e-07,2.0535148e-07,2.0535148e-07,1.6821198e-07,5.978568e-06,2.6101407e-08,0.0024307477,8.1117265e-05,7.29721e-05,0.14560844,0.002338182,0.0010653989,1.3145169e-05,0.0019084965,1.9327188e-06,9.33462e-09,9.862158e-08,0.0035485053,0.0009787919,0.0021853973,1.9624777e-05,0.0008753766,0.19842193,0.21006812,0.01079223,0.29845387,0.3742721,0.6017634,0.35996607,0.22326316,0.3022284,0.11130645,0.76010996,0.11165913,0.55448157,0.52060336,0.33949137,0.5855491,0.30345848,0.18275623,0.6258745,0.49239415,0.08829787,0.0053295023,0.036437318,0.45336264,0.46126387,0.015713297,0.2824111,0.21818398,0.0049111717,0.31498784,0.5551854,0.065918654,0.69234306,0.34397843,0.1779753,0.058203768,0.26333156,0.26436263,0.21338257,0.85246515,0.21994184,0.39353487,0.18332294,0.07182224,0.29737055,0.7228627,0.29806742,0.42720312,0.6400206,0.53439194,0.2646187,0.061829355,0.8053594,0.26427472,0.31158668,0.34659377,0.3272333,0.8619136,0.3690464,0.65635777,0.0014525523,0.25298023,0.21817845,0.10943726,0.063105114,0.72949374,0.41061726,0.0019214097,0.17704579,3.7595433e-05,0.32178593,0.32514185,0.008320669,0.16256279,0.41160706,0.18637852,0.009791088,0.37512988,0.33519465,0.17365311,0.1937763,0.2763919,0.32259125,0.42849702,0.42229328,0.14476034,0.0064945347,0.31414008,7.4855648e-06,0.44674954,0.14668405,0.3798918,0.216483,0.014976714,0.5925609,0.32014897,0.14076266,0.74111646,0.5198102,0.020285679,0.19025037,0.2300352,0.009048555,0.8226981,0.118770935,0.6550515,0.27825725,0.096412204,0.05029589,0.2023578,0.37726867,0.24862061,0.1312877,0.18269122,0.033673182,0.2602968,0.25187945,0.96330136,0.02403858,0.5900357,0.28547823,0.45632163,0.30511165,0.41906127,0.18657227,0.1938289,0.36631906,0.3275273,0.46350315,0.46208048,0.17814139,0.44985354,0.4969658,0.40270728,0.17323624,0.7282592,0.119447924,0.32426366,0.36365,0.16398956,0.30943897,0.57753164,0.06796086,0.020457337,0.3325568,0.49608487,0.31832874,0.009159225,0.09105295,0.2590575,0.33822584,0.17590915,0.11248153,0.021995654,0.21845862,0.54916185,0.04608739,0.3843536,0.020453049,0.18769738,0.3761271,0.5618033
BC2026_Train_0016_S18_20220204_221500_30,0.043069556,7.719618e-06,0.010226031,0.0002428203,1.4470075e-08,0.18881196,0.45566338,0.1797985,4.7273164e-07,0.37986296,0.04825354,0.089796,0.014047642,4.526158e-09,2.5219916e-07,0.0002978447,0.017553108,0.0004636008,0.072268784,0.09671946,0.53045046,1.75656e-07,0.2030779,0.000120519144,0.00064695155,2.058321e-05,3.582122e-08,0.37622884,1.4967316e-05,0.0076686,2.9866318e-05,1.08096165e-05,1.344228e-05,4.6607342e-06,1.5500353e-07,9.810085e-08,1.6443029e-06,1.6799368e-06,1.4464713e-05,1.1059792e-06,1.1355859e-05,6.5386516e-06,5.4891043e-06,2.3231294e-05,3.6589715e-06,3.6589715e-06,7.4862515e-07,8.279463e-06,5.122089e-12,2.870687e-06,1.5864086e-07,1.8292232e-07,1.8292232e-07,1.4790164e-07,5.247748e-06,2.6942526e-08,0.0024330795,0.000112133916,7.493144e-05,0.12570375,0.0019074009,0.0010285603,7.1038457e-06,0.0017089079,1.4941147e-06,1.2528108e-08,8.422913e-08,0.0045730523,0.00092902436,0.0017467276,1.9619452e-05,0.00078015204,0.22523317,0.18817006,0.012962542,0.288974,0.36174408,0.64098424,0.3795462,0.29049748,0.24827181,0.10753787,0.85388494,0.110530876,0.47000557,0.5046578,0.48613548,0.57194877,0.3450128,0.221598,0.55261433,0.4934064,0.086358294,0.0051331134,0.030026414,0.45022464,0.5739538,0.0151200015,0.27953926,0.24625131,0.004053279,0.26024744,0.5886288,0.05903914,0.6987562,0.420619,0.15837876,0.08905099,0.2837523,0.29428062,0.21808878,0.9182988,0.2123436,0.44488928,0.19539966,0.055260412,0.2656011,0.7196699,0.40113097,0.4087013,0.6595807,0.62005794,0.35826308,0.06407198,0.8109823,0.27735886,0.24501948,0.28885302,0.32424065,0.79111725,0.39261672,0.63068914,0.0013789076,0.2609388,0.1825117,0.09988146,0.107446745,0.7622838,0.46450758,0.00080334005,0.13766861,3.054233e-05,0.4801308,0.30701843,0.0055732285,0.18644752,0.419215,0.122186735,0.0038037172,0.37797984,0.34713864,0.18616603,0.20224273,0.2676031,0.31213415,0.37656972,0.32538998,0.13225275,0.0062850486,0.23925735,4.9612577e-06,0.46219322,0.2119097,0.36733758,0.21376252,0.01072322,0.6855937,0.30150354,0.14558853,0.74518704,0.47455597,0.025478026,0.22193941,0.24717343,0.008008679,0.77451974,0.11151635,0.6243492,0.28948644,0.10081945,0.05323304,0.13709675,0.34724858,0.22639738,0.11406274,0.18154319,0.05029578,0.27247524,0.25961426,0.9301869,0.040108375,0.62954533,0.3171421,0.46798998,0.30507582,0.45674226,0.24607824,0.2411741,0.33430463,0.49215946,0.49121016,0.51297843,0.20562185,0.5042289,0.5356708,0.3921162,0.14208317,0.6966549,0.18580888,0.3543932,0.3303209,0.17957696,0.25226405,0.5175626,0.061805975,0.032924157,0.33355728,0.52013344,0.26505548,0.008314952,0.0968233,0.20988779,0.25998944,0.15471378,0.10653093,0.019303953,0.20570287,0.5116111,0.059659988,0.42445272,0.017943054,0.13981709,0.3756553,0.68675774
BC2026_Train_0016_S18_20220204_221500_35,0.030444482,8.284806e-06,0.012885367,0.00021519033,1.4359304e-08,0.17166321,0.3440542,0.2222378,3.1994088e-07,0.3670602,0.06045147,0.09898773,0.01736868,4.6843236e-09,2.4458302e-07,0.00031699278,0.014619695,0.000461535,0.11503462,0.11896709,0.51519567,1.7919409e-07,0.22562547,8.4815016e-05,0.0004940487,2.1448086e-05,4.311538e-08,0.3469739,1.746924e-05,0.008518454,2.8467195e-05,9.102498e-06,1.2833524e-05,4.271795e-06,1.566052e-07,9.38926e-08,1.6235718e-06,1.1968057e-06,1.3580995e-05,1.0571721e-06,9.6095655e-06,6.838122e-06,5.966574e-06,1.8818037e-05,2.4144556e-06,2.4144556e-06,7.0771233e-07,7.236274e-06,4.0384883e-12,2.0029163e-06,1.5193646e-07,1.7604809e-07,1.7604809e-07,1.4420033e-07,5.4334278e-06,3.0904207e-08,0.002437441,8.815236e-05,7.369587e-05,0.14332171,0.0023051072,0.0010136979,1.827582e-05,0.0018897115,1.3934526e-06,1.1256739e-08,7.6597885e-08,0.0035242254,0.0010051216,0.0016740061,1.9648269e-05,0.0007591959,0.1467452,0.21782303,0.010677744,0.26507047,0.2867961,0.570945,0.31055364,0.25907898,0.25350627,0.118528575,0.8730971,0.12942709,0.5139426,0.54539144,0.26413578,0.55200994,0.24645762,0.17375122,0.49017727,0.5195738,0.095147304,0.0053134435,0.033978116,0.46325436,0.3962093,0.01420583,0.29159418,0.19495389,0.004360137,0.3599907,0.5437859,0.061592657,0.645997,0.3532257,0.21137232,0.07287435,0.25012648,0.2452722,0.20708802,0.8456369,0.20067964,0.3730868,0.18520923,0.061283287,0.27031338,0.7555856,0.1833535,0.41158855,0.6404121,0.52028316,0.24827331,0.044796586,0.8028717,0.30612573,0.30733186,0.3019241,0.2806536,0.84894186,0.3984422,0.6194158,0.0012221778,0.23724248,0.19458605,0.108962014,0.09669644,0.69639105,0.4466685,0.0015186832,0.11443417,2.9873108e-05,0.3316077,0.28945604,0.009737447,0.22059622,0.4447997,0.16881034,0.0039018895,0.31864512,0.329249,0.17053233,0.15851775,0.23851597,0.3966752,0.34629682,0.35575798,0.14539646,0.0056502162,0.33585644,2.620347e-06,0.5508001,0.16985436,0.378349,0.24990426,0.0124689555,0.6765415,0.25046945,0.12561911,0.7528773,0.5391768,0.021309417,0.19982792,0.23281418,0.010305128,0.7587439,0.11202921,0.5735038,0.25248182,0.11066501,0.038752872,0.18346609,0.25331414,0.25730783,0.14050408,0.13775177,0.053075314,0.24771242,0.23511314,0.95191336,0.020027937,0.59255886,0.28770673,0.46656293,0.32659268,0.4024834,0.18968134,0.20218565,0.38732502,0.34585944,0.47769615,0.6257602,0.19047333,0.46887347,0.5129682,0.37660572,0.13975522,0.7467337,0.124768965,0.25586116,0.33380893,0.12429729,0.17597423,0.5248261,0.05214764,0.018503554,0.3047036,0.5991465,0.2991703,0.009695437,0.07625312,0.24970599,0.328172,0.15235959,0.11776572,0.015956886,0.20228943,0.4715675,0.047646962,0.40442747,0.015415262,0.14080854,0.34754583,0.58225477
BC2026_Train_0016_S18_20220204_221500_40,0.052599218,7.3914857e-06,0.010381605,0.00030140355,1.419992e-08,0.17835781,0.24578351,0.25499386,3.4117025e-07,0.44619262,0.06352207,0.08048166,0.014296729,4.9092277e-09,1.8598884e-07,0.0002928999,0.014902422,0.0004383758,0.07045625,0.11569872,0.4669185,1.9749334e-07,0.22306414,0.00012821321,0.00053231354,2.0283904e-05,3.309811e-08,0.33793223,1.50804735e-05,0.009925356,3.604642e-05,9.320543e-06,1.38305695e-05,4.5177476e-06,1.5568087e-07,8.599881e-08,1.5524854e-06,1.2631036e-06,1.4264398e-05,9.656418e-07,8.981884e-06,7.2856974e-06,5.486668e-06,1.9082112e-05,3.1093352e-06,3.1093352e-06,6.862724e-07,7.754914e-06,3.4737567e-12,2.2271456e-06,1.4542573e-07,1.6724044e-07,1.6724044e-07,1.3479388e-07,5.170697e-06,2.6392955e-08,0.002432694,0.00011178578,7.007835e-05,0.14429516,0.0036207717,0.0008800793,7.739714e-06,0.0021058663,1.0690347e-06,1.0122392e-08,7.29545e-08,0.0028807195,0.0012931634,0.0016262647,1.9663557e-05,0.0008835185,0.20965788,0.2270727,0.011750725,0.23191692,0.32872543,0.6148188,0.2746356,0.2934276,0.26892906,0.121938996,0.91182727,0.1514249,0.47276422,0.5421714,0.37656826,0.6445048,0.29706597,0.22491874,0.5397035,0.5025886,0.09117891,0.01561244,0.03456438,0.43290293,0.45862392,0.015125378,0.24880871,0.18642032,0.0044203056,0.38302663,0.58923554,0.06879875,0.68268484,0.32090655,0.17561787,0.0544994,0.2470744,0.2518526,0.21295048,0.85579866,0.22813383,0.3806901,0.18905434,0.06358172,0.37646368,0.6904567,0.27797988,0.42991418,0.6076994,0.66633195,0.21733744,0.049998846,0.81178087,0.24660696,0.2215183,0.32620728,0.35556933,0.842422,0.3573404,0.64154315,0.0017904215,0.23643522,0.1717144,0.106836416,0.08312739,0.7974443,0.45669338,0.0015118192,0.1429942,2.9337669e-05,0.37114716,0.28473753,0.010429056,0.18682975,0.44882476,0.15190303,0.008417908,0.36821535,0.30539846,0.15651059,0.15238172,0.26404116,0.31561586,0.35630578,0.51683545,0.17291903,0.005441408,0.3173236,1.2550204e-05,0.43892503,0.16531834,0.4049261,0.20354624,0.016209394,0.6645887,0.2919681,0.14853795,0.71339434,0.4388752,0.02287652,0.17778964,0.2527789,0.010391778,0.80139333,0.10018702,0.6998058,0.23418997,0.094410054,0.042864267,0.16097586,0.27888092,0.26251516,0.17668292,0.13205642,0.035114437,0.27610672,0.2648031,0.93427,0.021911422,0.56138307,0.33562645,0.52715224,0.27487966,0.41397712,0.18909706,0.1747556,0.32525468,0.32312042,0.4884575,0.45186648,0.1618347,0.5276939,0.5436874,0.4196314,0.122349955,0.6482927,0.11287381,0.2952571,0.43868333,0.16439816,0.36553273,0.45995277,0.055934086,0.033433072,0.37889123,0.5746112,0.2774937,0.009106124,0.14694637,0.19348818,0.3354254,0.1327614,0.12751019,0.01938296,0.20992842,0.5607714,0.04459817,0.38426217,0.019620767,0.14076601,0.35129046,0.61047536
BC2026_Train_0016_S18_20220204_221500_45,0.03732346,8.998768e-06,0.01191907,0.00047559701,1.4109806e-08,0.18893951,0.29440528,0.2080356,2.4840799e-07,0.40953293,0.028248195,0.06934112,0.019771185,5.3529123e-09,2.059419e-07,0.0003337021,0.009930709,0.00045686573,0.06509847,0.100731075,0.525874,1.3557893e-07,0.23587434,8.4354404e-05,0.00062012876,2.0760765e-05,6.027509e-08,0.38189536,1.9174393e-05,0.009398619,2.8567909e-05,9.375006e-06,1.1547898e-05,4.1373814e-06,1.5526756e-07,9.584568e-08,1.6540347e-06,1.3463897e-06,1.21014245e-05,1.011037e-06,1.0556239e-05,7.3676993e-06,5.2831656e-06,2.0378442e-05,2.7258063e-06,2.7258063e-06,7.4891534e-07,7.918228e-06,4.3741265e-12,2.249849e-06,1.5394522e-07,1.8021746e-07,1.8021746e-07,1.4994222e-07,5.2324895e-06,2.9388698e-08,0.002439485,9.64664e-05,6.421972e-05,0.15295683,0.0025113416,0.0009911481,1.6029451e-05,0.0018531671,1.6885707e-06,7.941165e-09,1.18241026e-07,0.0038754505,0.0011691739,0.0018730148,1.961582e-05,0.0010458304,0.1958042,0.19101307,0.009144204,0.27292296,0.35925943,0.63669324,0.41508776,0.30407152,0.27720258,0.11167937,0.8690336,0.10590783,0.5366392,0.5531491,0.40416524,0.5175153,0.22117507,0.19752628,0.6417097,0.49901628,0.11047787,0.0058907615,0.030283801,0.5558772,0.34784994,0.024952061,0.27159494,0.16045365,0.0029427374,0.31159443,0.61240137,0.07500914,0.7078152,0.33878365,0.17994171,0.09724423,0.2581371,0.28214294,0.21580587,0.9351054,0.23333058,0.37875217,0.23030794,0.0721153,0.29666233,0.78540415,0.2647316,0.3966744,0.6209357,0.5628263,0.29661405,0.04777682,0.8236408,0.29403853,0.27807963,0.37004104,0.33763605,0.86837906,0.4030446,0.6705744,0.0012955321,0.23510355,0.18567175,0.11280199,0.11060056,0.74125564,0.44359237,0.00083664735,0.15539534,3.3730073e-05,0.37899742,0.3208355,0.00962897,0.20954521,0.46298876,0.13281275,0.0038467404,0.34392866,0.33057216,0.24539934,0.20294835,0.27355096,0.39309427,0.3205799,0.30011097,0.14035885,0.0070063826,0.25614733,7.614326e-06,0.46404544,0.15768346,0.40949094,0.22419114,0.011502986,0.73914397,0.26715645,0.16573693,0.7534069,0.49470484,0.02651935,0.21992724,0.23428637,0.008381664,0.8279421,0.11667314,0.68397427,0.27397382,0.10210663,0.044435874,0.1647731,0.3581274,0.2860624,0.112959385,0.18604483,0.057026856,0.28843775,0.25313288,0.9419886,0.024606746,0.5485916,0.30445665,0.51418126,0.35786176,0.49605003,0.21676366,0.1949424,0.3351501,0.39026493,0.45023963,0.46160984,0.15399581,0.5256818,0.61846185,0.36847904,0.12015116,0.7388368,0.12406869,0.2886612,0.37397596,0.19043934,0.23756173,0.51690936,0.07219576,0.035712074,0.25258198,0.55986255,0.322914,0.010546087,0.11352049,0.14472014,0.284571,0.145671,0.09799919,0.024001397,0.19694309,0.49241325,0.05400837,0.46098998,0.019554593,0.16332448,0.36876225,0.6628832
BC2026_Train_0016_S18_20220204_221500_50,0.026037734,8.660969e-06,0.012149196,0.00048275793,1.4438808e-08,0.18216786,0.44631672,0.2653389,6.77959e-07,0.37524527,0.036493696,0.088902496,0.023718186,5.1188285e-09,2.3362148e-07,0.00037421056,0.01786538,0.00058257004,0.05295351,0.21840818,0.43447968,1.9514363e-07,0.35207483,0.00018109419,0.00045200088,1.8542592e-05,4.8779857e-08,0.31908864,2.0004445e-05,0.008158735,3.8682243e-05,1.0977207e-05,1.9683668e-05,6.144325e-06,1.5579724e-07,1.15758034e-07,1.8062681e-06,1.6631976e-06,1.623652e-05,1.1511388e-06,1.30936805e-05,9.257266e-06,6.1978317e-06,2.4251503e-05,4.5614447e-06,4.5614447e-06,8.012703e-07,1.1823034e-05,4.4479984e-12,2.8845388e-06,1.7347843e-07,2.0604143e-07,2.0604143e-07,1.8974043e-07,5.471873e-06,2.8568037e-08,0.0024445262,6.537306e-05,6.7125344e-05,0.17535296,0.005140671,0.0009219659,5.5614742e-05,0.002462038,3.0728943e-06,1.3515056e-08,1.1409438e-07,0.0035700703,0.000895732,0.0016448026,1.9549187e-05,0.0008509215,0.17587675,0.16732033,0.010110061,0.25047612,0.3375541,0.56881046,0.4440562,0.27373204,0.29120824,0.11566871,0.82648534,0.10178108,0.52818596,0.55486435,0.45980448,0.54900026,0.31459847,0.26039585,0.5596716,0.5409164,0.13983378,0.006455244,0.10041885,0.46923852,0.4507062,0.012892891,0.30730164,0.30752054,0.0034623677,0.37273747,0.55674773,0.07292112,0.6926341,0.41194797,0.1323953,0.07531739,0.24826488,0.32314476,0.24077517,0.8989807,0.22710913,0.4219054,0.27418905,0.07605758,0.31112167,0.7078366,0.20931259,0.43937844,0.5761605,0.6444597,0.26357484,0.038541593,0.77721274,0.2559303,0.35085136,0.3188531,0.40139303,0.83813804,0.40652126,0.6593615,0.0012249616,0.31841326,0.20906088,0.12122303,0.09995468,0.7871726,0.4725998,0.001683861,0.111591026,4.118011e-05,0.4381836,0.29515064,0.007028913,0.20029779,0.42279455,0.13257034,0.007989402,0.49179068,0.36617553,0.19066195,0.17668974,0.26676798,0.34762707,0.31725806,0.45759338,0.13714203,0.0055251047,0.28702047,2.472103e-05,0.48086253,0.15174475,0.46034467,0.2265169,0.012475991,0.76934487,0.3346124,0.16348435,0.75175494,0.49887925,0.028289208,0.19880424,0.205013,0.010400752,0.81525147,0.1454409,0.6829908,0.2629431,0.09701655,0.031682592,0.25184283,0.26229957,0.19882526,0.117778465,0.19012329,0.041539926,0.28966108,0.24202064,0.9270263,0.04611478,0.56978655,0.59630483,0.56884426,0.3379551,0.5029263,0.1890908,0.18934152,0.34943262,0.2763681,0.45942122,0.4826135,0.1837887,0.48642606,0.5409203,0.46840864,0.14575927,0.74054223,0.16609806,0.3037565,0.34216678,0.13021196,0.35008043,0.50222605,0.05127392,0.027277548,0.25472298,0.4838986,0.2833803,0.016455464,0.12991834,0.21432708,0.29294205,0.13053535,0.13095677,0.014385429,0.19136895,0.47743627,0.05758193,0.422622,0.025466148,0.120042585,0.3465534,0.6589039
BC2026_Train_0016_S18_20220204_221500_55,0.042396188,1.02062495e-05,0.010234821,0.00042706475,1.4666633e-08,0.17963076,0.36753413,0.18512492,8.010732e-07,0.3916369,0.03184103,0.073633,0.020082677,5.444109e-09,2.7002062e-07,0.0003764185,0.0117172655,0.00046805476,0.05326087,0.20444193,0.4897865,2.0286382e-07,0.2876327,0.00029955225,0.00075746217,2.0313788e-05,5.281282e-08,0.36883897,2.2657272e-05,0.010611701,4.345412e-05,1.3196292e-05,1.9103582e-05,6.4916953e-06,1.5545344e-07,1.2406444e-07,2.1925023e-06,2.1108297e-06,2.1438404e-05,1.2839971e-06,1.6389042e-05,1.28835245e-05,7.5813696e-06,2.7045384e-05,5.1599122e-06,5.1599122e-06,9.3454605e-07,1.2538124e-05,5.4309153e-12,3.6142378e-06,1.926614e-07,2.2991362e-07,2.2991362e-07,2.1400115e-07,6.505403e-06,2.8175423e-08,0.0024490205,9.347115e-05,6.635225e-05,0.14765272,0.0038016248,0.0009480201,2.4308212e-05,0.0035708637,2.7798158e-06,2.3103448e-08,8.9963216e-08,0.0040824483,0.0012331445,0.0019680806,1.9502419e-05,0.0008939304,0.19561793,0.1755697,0.009747631,0.30215934,0.33567658,0.5313732,0.45179054,0.29460725,0.2513186,0.10818788,0.8034617,0.1687737,0.48354682,0.48725307,0.34639624,0.5473867,0.2929701,0.23693961,0.57191086,0.5389337,0.1649717,0.007985882,0.06696208,0.49144182,0.378041,0.01859201,0.33415762,0.2149421,0.0053842715,0.2817728,0.5899675,0.075705454,0.7037325,0.37379852,0.13809262,0.07350365,0.31465885,0.30288252,0.21955009,0.86771184,0.2472037,0.38777927,0.25504288,0.10490705,0.39488995,0.6453955,0.30518052,0.37580425,0.6288754,0.63808554,0.2538808,0.07951261,0.8200218,0.29057902,0.2766489,0.32187858,0.44494635,0.8271336,0.3874315,0.6780316,0.0020828354,0.33441305,0.19506902,0.09429096,0.15969566,0.64133024,0.34406182,0.0012826122,0.15111098,7.764407e-05,0.37827733,0.3314631,0.013378909,0.24772346,0.38895506,0.11296742,0.0077639055,0.36039716,0.27761343,0.20164633,0.17886765,0.29687697,0.35867533,0.26438892,0.34476313,0.12676442,0.006528928,0.27386653,1.0537138e-05,0.5113869,0.19789751,0.39893264,0.23383904,0.01915408,0.63367915,0.29450038,0.14963427,0.7442976,0.43761548,0.031261347,0.1996696,0.26566705,0.007127219,0.83095753,0.12625408,0.6817027,0.23522618,0.06241311,0.05114291,0.2758374,0.3095714,0.33733955,0.11332026,0.18990688,0.032425877,0.2482462,0.25829622,0.9253598,0.025198242,0.57521474,0.33443356,0.49999624,0.2921569,0.42782512,0.15149637,0.18336199,0.33443433,0.29034716,0.45200175,0.51842606,0.17825188,0.46265313,0.5343161,0.4559641,0.16617148,0.73313314,0.12030993,0.34776917,0.402504,0.15766719,0.22639245,0.5767478,0.058198277,0.028350115,0.28775838,0.51088077,0.26320535,0.014569671,0.09648417,0.21104114,0.34495214,0.12272528,0.16059488,0.020023381,0.2542652,0.5464476,0.043784503,0.4359567,0.021662787,0.12967256,0.33709317,0.5654247
BC2026_Train_0016_S18_20220204_221500_60,0.041179653,7.718855e-06,0.010936886,0.00024877538,1.3936639e-08,0.20221493,0.48263144,0.1477772,3.799032e-07,0.3562036,0.018984046,0.10995862,0.014390524,5.287204e-09,2.3324624e-07,0.00033035554,0.013735729,0.00051291805,0.06042388,0.22323349,0.42811665,1.6023729e-07,0.2641808,6.582883e-05,0.00039690232,1.8777844e-05,3.956637e-08,0.28612378,1.6815871e-05,0.007512927,3.601532e-05,1.28851425e-05,1.6066533e-05,5.5865385e-06,1.5520713e-07,9.4203614e-08,1.6520031e-06,1.942998e-06,1.3087775e-05,1.0840687e-06,1.1421413e-05,7.519511e-06,5.1600045e-06,2.6730995e-05,3.612698e-06,3.612698e-06,7.73069e-07,1.0807425e-05,4.545348e-12,2.9678185e-06,1.5962046e-07,1.9070688e-07,1.9070688e-07,1.4287953e-07,5.327857e-06,2.8730797e-08,0.0024381406,7.0315575e-05,9.514175e-05,0.14456102,0.0074507603,0.0008849916,1.3870928e-05,0.0017320303,1.1371671e-06,5.076137e-09,8.390568e-08,0.003035782,0.0012081288,0.0016650081,1.960819e-05,0.0008584147,0.1978302,0.22059654,0.010248628,0.27655834,0.3580433,0.5643294,0.5830368,0.40885445,0.2629174,0.10149807,0.8053061,0.17161983,0.4494382,0.47598827,0.43065214,0.6562674,0.27666718,0.16330451,0.5087482,0.43332797,0.109659106,0.021101767,0.036643665,0.5222617,0.38161698,0.016904274,0.33354577,0.2041637,0.007774447,0.27215195,0.60662156,0.06429299,0.5858348,0.37463564,0.3006894,0.116298005,0.23969492,0.26250476,0.22227705,0.9276955,0.20472981,0.35190424,0.21066579,0.060885176,0.39117903,0.76164347,0.3876479,0.4179704,0.6373927,0.50863284,0.34379423,0.047969516,0.7564939,0.20068674,0.22458547,0.26478443,0.34684014,0.8566252,0.42153004,0.6358757,0.0017882593,0.2578145,0.20975977,0.083970405,0.15424398,0.760098,0.41150165,0.0008223278,0.13261473,0.00020139558,0.32490972,0.28246027,0.008332341,0.17023703,0.43421337,0.22633936,0.013157977,0.36344615,0.315007,0.15264164,0.1892085,0.4096385,0.2860233,0.28804094,0.32622162,0.14408109,0.0077098696,0.3170173,4.1518353e-05,0.37277913,0.21013483,0.3743332,0.2611364,0.016551122,0.7786179,0.27067873,0.15167953,0.72929573,0.49664468,0.029939812,0.19814335,0.23758028,0.0066749644,0.63067234,0.101491354,0.644241,0.29996133,0.07897197,0.037739147,0.2138631,0.41289055,0.33611956,0.20205605,0.22070836,0.0700009,0.26624277,0.24532042,0.92170763,0.01969834,0.5436734,0.3564546,0.5715016,0.3211951,0.44256037,0.18045154,0.18693191,0.36864835,0.28179538,0.46075782,0.3886276,0.16399206,0.5293642,0.51738876,0.4406296,0.14953394,0.6712618,0.118244484,0.36656067,0.48887312,0.15285777,0.40946028,0.49716127,0.054504972,0.036441907,0.28188747,0.5135459,0.2664804,0.014356474,0.12858933,0.27907172,0.2733126,0.14694479,0.116407424,0.022939166,0.21825987,0.37373206,0.047953762,0.45039174,0.01634368,0.14635831,0.34901252,0.5638137
BC2026_Train_0017_S22_20211026_233000_5,0.06841051,1.593007e-05,0.059818722,0.06252213,2.2976892e-08,0.3210078,0.067973725,0.42096516,1.1441508e-06,0.12908593,0.99688756,0.18939759,0.016592111,4.8160116e-09,2.460054e-07,0.0026976373,0.008159711,0.0004532137,0.006975049,0.1930926,0.20449077,8.0540127e-07,0.11865708,5.0386127e-05,0.00021689337,2.1217345e-05,3.344981e-08,0.45384866,0.0022273494,0.7248193,2.0596855e-05,4.6720716e-06,1.7165117e-06,1.4377356e-06,1.9744101e-07,2.2798373e-08,7.4328376e-08,1.4797373e-06,3.2866355e-05,5.1555734e-08,2.0709315e-06,2.433319e-05,7.5221953e-07,6.1639225e-06,4.762525e-06,4.762525e-06,2.653841e-08,1.3385175e-05,7.620811e-12,7.481609e-06,2.305989e-08,2.1519119e-08,2.1519119e-08,4.0248732e-08,3.11329e-08,6.5908665e-08,0.0020159616,0.0054544504,0.00011241926,0.38470414,0.34297258,0.0009169233,9.605753e-07,0.028912704,0.00030026538,1.4951222e-07,1.4446678e-06,0.0028289245,0.0016055838,0.07080523,1.9944275e-05,0.0010688003,0.17590363,0.47388887,0.07057445,0.39437163,0.26323044,0.6433979,0.13977462,0.6785696,0.43826747,0.07977554,0.93602043,0.14849624,0.3420056,0.70623124,0.46580553,0.8880928,0.47478506,0.1313815,0.41122925,0.59216,0.18143794,0.09827775,0.07117285,0.6071391,0.66368884,0.35824826,0.6740209,0.37294164,0.0011657677,0.24613516,0.6669617,0.9702948,0.50334495,0.50483024,0.20683092,0.0965625,0.5135468,0.3063097,0.22716615,0.88211143,0.23291174,0.29758307,0.18281467,0.08089159,0.32808334,0.48813727,0.30382898,0.82009137,0.67681795,0.56177527,0.43315458,0.08932163,0.7779332,0.2782615,0.28514028,0.5943929,0.18784313,0.63627386,0.70217204,0.7292262,0.11943634,0.90861857,0.41122094,0.09873476,0.1734809,0.89770705,0.64650357,0.92696536,0.19271478,9.2908536e-05,0.28351843,0.23488148,0.43622443,0.21819443,0.36668953,0.27915955,0.017479338,0.4007578,0.2273138,0.20455524,0.49401233,0.19897664,0.7632306,0.3417842,0.45529395,0.25652403,0.010846525,0.3185322,1.8458222e-06,0.80110544,0.5168818,0.4982656,0.24962355,0.102380574,0.517785,0.37973967,0.23302218,0.7784054,0.6720743,0.041330025,0.22109278,0.44494393,0.022637943,0.83453035,0.13403895,0.94030917,0.46371517,0.34027693,0.037234936,0.05716825,0.25900683,0.3250234,0.28491834,0.17317091,0.04591265,0.26758754,0.19481125,0.73018926,0.01232933,0.904282,0.6889573,0.8185596,0.38212416,0.47190997,0.19613926,0.17407958,0.43483317,0.56079674,0.30527192,0.18780714,0.18260612,0.625202,0.52118343,0.57601285,0.65259534,0.6749232,0.14341284,0.7592942,0.41105798,0.2100361,0.47990036,0.43375528,0.5675011,0.2081806,0.3491174,0.7543557,0.24134159,0.016260698,0.10287775,0.16912007,0.34559998,0.13863662,0.1900072,0.059734974,0.38972387,0.6928064,0.18859029,0.5802384,0.14271487,0.18997969,0.34771186,0.53832185
BC2026_Train_0017_S22_20211026_233000_10,0.0805588,1.1241883e-05,0.04489281,0.05428227,2.355801e-08,0.3533262,0.037829608,0.50944465,4.926344e-07,0.13717815,0.9968314,0.10768687,0.018866865,4.877415e-09,2.7068006e-07,0.0041578347,0.0056008617,0.0005742918,0.011981193,0.26568598,0.21562113,7.523389e-07,0.13119462,2.8046585e-05,0.0001816144,2.1406877e-05,6.5807754e-08,0.43213713,0.0005343981,0.72429216,1.3178347e-05,3.6308606e-06,1.1340094e-06,9.326197e-07,1.973282e-07,1.6167673e-08,5.1129312e-08,9.414948e-07,2.232793e-05,3.9008928e-08,1.3803723e-06,1.3852715e-05,5.213522e-07,4.8781226e-06,3.9252573e-06,3.9252573e-06,2.02925e-08,1.0615601e-05,5.9638887e-12,4.814345e-06,1.6618547e-08,1.5471748e-08,1.5471748e-08,2.7332462e-08,2.520714e-08,6.575375e-08,0.0020207716,0.003285032,8.861525e-05,0.7679797,0.3750164,0.0010494377,1.1139886e-06,0.028902963,0.0009310479,9.24818e-08,2.009702e-06,0.0030721452,0.0024262704,0.08490699,1.9966272e-05,0.00093666813,0.20875667,0.43922973,0.08596221,0.44628718,0.266545,0.6467352,0.1927228,0.65970576,0.4398551,0.09350591,0.88321084,0.16077183,0.3620969,0.76223993,0.49207464,0.8654901,0.46714193,0.13607414,0.3087455,0.50646824,0.0984328,0.046597954,0.09301241,0.6685498,0.6520173,0.2059716,0.6502038,0.3870262,0.00072020205,0.22895199,0.7047641,0.9952155,0.5485259,0.44666365,0.24807122,0.10491652,0.501832,0.2222395,0.23131236,0.8765818,0.2772318,0.3182612,0.19079438,0.07795636,0.23917806,0.43788248,0.27956998,0.8434004,0.62990713,0.6748894,0.36517015,0.13164726,0.69256306,0.35837454,0.25213352,0.4480866,0.17642447,0.49191877,0.66463417,0.71834123,0.16927503,0.8809546,0.5158301,0.1093319,0.32904467,0.9441997,0.7065144,0.8407537,0.17822078,0.00011205951,0.23796172,0.21407104,0.35416874,0.17552623,0.32102162,0.3819098,0.010945993,0.39774248,0.21042061,0.36050823,0.39416525,0.20168087,0.57240546,0.38165823,0.40489623,0.17495567,0.011529485,0.3554014,1.4902149e-06,0.6158507,0.3325299,0.6504528,0.18595079,0.11345478,0.48193684,0.36418927,0.21884835,0.73044664,0.7325822,0.055230416,0.17260173,0.5266384,0.04069892,0.69990975,0.1393068,0.9180777,0.3812163,0.2622785,0.019521963,0.07237377,0.22849517,0.2734676,0.27475694,0.106412314,0.044078838,0.24084894,0.26815832,0.756302,0.009419299,0.90720123,0.6561121,0.8069258,0.41045454,0.4288026,0.19963966,0.15701467,0.43290287,0.5429096,0.25321072,0.28788286,0.2798178,0.5118678,0.5083891,0.5741954,0.60743773,0.63213533,0.17899083,0.7515443,0.33288282,0.17464727,0.54850215,0.48096588,0.62794286,0.20315768,0.31024298,0.7733244,0.20570584,0.014069008,0.09729986,0.15952094,0.24588993,0.14374475,0.24009953,0.058161743,0.30400383,0.8595967,0.10954174,0.49884596,0.10800355,0.18578365,0.32634696,0.46896288
BC2026_Train_0017_S22_20211026_233000_15,0.0946066,1.4111397e-05,0.08431194,0.07244601,2.623461e-08,0.3055786,0.048901837,0.6047587,4.2869283e-07,0.13150169,0.9936644,0.17332417,0.017301615,4.8825326e-09,2.4117952e-07,0.0046949857,0.010479706,0.0004733131,0.014130002,0.10974322,0.2252149,7.7814207e-07,0.09764478,3.6481924e-05,0.00018703712,2.2834518e-05,3.488488e-08,0.42196122,0.0009436076,0.642605,2.0871848e-05,2.776081e-06,1.5209297e-06,1.7101131e-06,1.9973278e-07,1.6244337e-08,4.976812e-08,1.4590263e-06,2.0467416e-05,3.8032425e-08,1.5430137e-06,2.2797789e-05,5.287281e-07,3.9160914e-06,3.9224924e-06,3.9224924e-06,1.9068558e-08,1.0760625e-05,5.3332694e-12,5.9278086e-06,1.5304792e-08,1.3945293e-08,1.3945293e-08,2.583267e-08,2.2140544e-08,7.0826815e-08,0.0020123587,0.0007183642,0.00012326615,0.30801082,0.22959456,0.0011207118,2.636499e-07,0.029847216,0.00055773876,1.1597323e-07,1.7226413e-06,0.0027814338,0.002465392,0.08140689,1.9730443e-05,0.0008273532,0.15732318,0.4594201,0.03865033,0.46780446,0.23439771,0.69478023,0.1580386,0.5753451,0.4411625,0.09356131,0.9108229,0.1709211,0.35164133,0.7163056,0.3126606,0.77581036,0.49711862,0.14361137,0.4446694,0.6285811,0.11153415,0.089827776,0.03590369,0.6593557,0.6881551,0.19655615,0.4036056,0.2946339,0.00080612674,0.28169283,0.7680826,0.8165268,0.439387,0.43947992,0.17046878,0.077934586,0.47203076,0.218936,0.21423152,0.8463447,0.23249312,0.33156425,0.3033527,0.04366268,0.3438213,0.58740973,0.35167485,0.8706135,0.67259884,0.62147516,0.35886616,0.10428442,0.7321887,0.3598205,0.25439882,0.6200122,0.1655349,0.72508526,0.7704689,0.6670537,0.11990694,0.5618263,0.405448,0.12134601,0.28631964,0.9306849,0.62216264,0.95399934,0.21697122,2.4146182e-05,0.23241366,0.19500127,0.5088399,0.26775074,0.37688422,0.43697196,0.010546856,0.40855533,0.24501257,0.24439555,0.4600754,0.20662475,0.61813045,0.38865316,0.38308266,0.21760844,0.017170561,0.31207836,1.9462868e-06,0.5258449,0.35322437,0.7716807,0.24557114,0.08565812,0.52500415,0.41222703,0.29290074,0.7685848,0.6917722,0.041605875,0.22613522,0.44337288,0.023457093,0.6326457,0.16324225,0.68758416,0.41155142,0.27723068,0.025077114,0.05563635,0.22176604,0.28529203,0.40755427,0.110562466,0.03099376,0.28746885,0.2084703,0.6925973,0.014563292,0.9118122,0.57816845,0.7850222,0.4413565,0.4504824,0.22204675,0.20806214,0.4567492,0.6180105,0.24621591,0.26288667,0.21802641,0.5938539,0.4526215,0.59385926,0.48142052,0.70071733,0.13923691,0.30057392,0.43096095,0.15283893,0.410839,0.49919754,0.67156756,0.32142985,0.4230663,0.7162472,0.20766146,0.017730936,0.10360132,0.16112854,0.39133516,0.11641798,0.18214248,0.06311314,0.3135402,0.6621724,0.12474387,0.5360439,0.15837911,0.17425378,0.3559344,0.5562281
BC2026_Train_0017_S22_20211026_233000_20,0.116788454,2.5517997e-05,0.08038169,0.06487455,2.4714693e-08,0.24997698,0.054500073,0.5906427,8.7029196e-07,0.16879195,0.99245,0.23598902,0.014802524,4.426861e-09,2.3686796e-07,0.0049224882,0.008389219,0.00052096933,0.022784205,0.15665953,0.21533151,5.8888634e-07,0.10660152,3.3245615e-05,0.0004499343,2.1846563e-05,5.5795024e-08,0.4814936,0.0013778597,0.56916153,2.705031e-05,4.3286386e-06,2.675232e-06,2.008897e-06,2.014227e-07,2.2890086e-08,6.662455e-08,1.8075903e-06,3.6179586e-05,4.8573032e-08,2.0508173e-06,2.9468154e-05,7.175815e-07,5.3632098e-06,6.232587e-06,6.232587e-06,2.6689957e-08,2.2330474e-05,8.437984e-12,9.796026e-06,2.0966661e-08,1.9417705e-08,1.9417705e-08,3.676175e-08,2.90963e-08,8.352425e-08,0.0020109173,0.0009613717,9.735135e-05,0.31956595,0.19291681,0.0012550647,3.5883272e-07,0.03950721,0.0005053474,3.1849225e-07,1.2841946e-06,0.0024452757,0.0013586015,0.10364004,1.9829668e-05,0.00082935457,0.14246681,0.35425487,0.10239651,0.4890396,0.24988137,0.68882936,0.1508415,0.37309176,0.45811936,0.08432688,0.8938194,0.16414185,0.39027986,0.9152322,0.37269616,0.7753446,0.55346036,0.1580529,0.4169313,0.7514891,0.14844824,0.051763628,0.033321515,0.5968731,0.63737214,0.24460268,0.5525822,0.23895554,0.000907361,0.23395582,0.73083115,0.99460554,0.4311187,0.5343557,0.19895796,0.0829924,0.43451124,0.2612881,0.2027675,0.86024845,0.25001508,0.31062168,0.21711524,0.051094376,0.33168954,0.4939367,0.3173951,0.83225006,0.65049684,0.6650582,0.516777,0.08630479,0.74983734,0.29282525,0.21381147,0.55914223,0.18222319,0.6103497,0.71765333,0.7061148,0.036859494,0.96506214,0.5931838,0.117810994,0.18001613,0.8769594,0.65362716,0.9332263,0.28761297,1.8753226e-05,0.27924427,0.18859695,0.5285385,0.22015144,0.34096676,0.39456844,0.019888548,0.35032213,0.2987588,0.23045582,0.31930783,0.20430546,0.82862926,0.50368285,0.34380302,0.21755473,0.02571824,0.312137,4.9761175e-06,0.5019383,0.30927822,0.65543705,0.25988758,0.08961084,0.57363874,0.32558563,0.19440238,0.741561,0.67744976,0.029610286,0.21508534,0.42635494,0.020388983,0.78250545,0.14802015,0.53666705,0.41336784,0.41808894,0.025913164,0.052291375,0.22021377,0.23256643,0.24489479,0.15073857,0.046322454,0.2594777,0.22592773,0.79540443,0.012310611,0.9210463,0.44595256,0.775398,0.33738676,0.4935007,0.3670549,0.17125168,0.43747175,0.406548,0.25582537,0.25381708,0.2686264,0.6452553,0.42248744,0.5978222,0.5881346,0.75769925,0.15830107,0.34893268,0.28724545,0.10358709,0.2759569,0.47593513,0.626418,0.3500667,0.35358357,0.712538,0.17253979,0.01896792,0.09628488,0.15678181,0.52464443,0.20466769,0.29705638,0.09687873,0.36449787,0.5640946,0.11873952,0.6701741,0.17778012,0.1508952,0.372387,0.5767341
BC2026_Train_0017_S22_20211026_233000_25,0.06597487,1.606669e-05,0.07341874,0.08570154,2.286264e-08,0.34284914,0.054520287,0.48945326,1.033519e-06,0.13767223,0.9842216,0.16704799,0.01880584,5.0786e-09,2.8181464e-07,0.01203483,0.005801147,0.00049195223,0.013861921,0.17436323,0.23999898,1.0998142e-06,0.15612654,4.7773316e-05,0.00040544194,2.1588105e-05,1.3043912e-07,0.48014206,0.0013241521,0.64756906,1.4810136e-05,3.8026708e-06,1.3843062e-06,1.586651e-06,2.0066621e-07,2.0829303e-08,7.203787e-08,1.3233373e-06,2.4966612e-05,4.6318064e-08,1.6342987e-06,1.5233832e-05,7.3250266e-07,4.9547098e-06,5.1833267e-06,5.1833267e-06,2.643419e-08,1.5703741e-05,7.5906096e-12,5.4652805e-06,2.0617328e-08,1.9040229e-08,1.9040229e-08,3.494398e-08,2.9248252e-08,6.272908e-08,0.002011714,0.0006929252,0.000106371706,0.35809168,0.14796235,0.0012735435,7.133999e-07,0.035531264,0.0004823397,1.5966918e-07,1.5924384e-06,0.0029752664,0.0020421941,0.219627,1.962896e-05,0.0010602053,0.19285002,0.3266698,0.1712894,0.32697847,0.31320596,0.6604509,0.1466409,0.38755378,0.36033207,0.080449715,0.8605304,0.19686535,0.38975635,0.9052087,0.38800827,0.729207,0.44583368,0.14070685,0.387356,0.5867821,0.13718645,0.05373878,0.026663013,0.54900384,0.65339786,0.1990971,0.60050106,0.3111418,0.0009084077,0.36517146,0.7188915,0.99727046,0.49372452,0.5479151,0.22370832,0.107023984,0.48532698,0.27775776,0.17862894,0.82851803,0.22134672,0.28855854,0.17773247,0.08458174,0.28447965,0.47162184,0.24641901,0.7678855,0.6602193,0.5890338,0.50445026,0.11114506,0.81871593,0.401847,0.22806731,0.85238564,0.190967,0.64569616,0.70860016,0.68872017,0.047115996,0.94828767,0.6797865,0.10701268,0.25494176,0.897016,0.67083216,0.88151675,0.23398848,2.9921624e-05,0.20401277,0.17785884,0.39277446,0.25085786,0.30037248,0.35156056,0.013983558,0.3624939,0.26629514,0.25353223,0.3233275,0.20921898,0.8695383,0.35925934,0.34404662,0.18133457,0.015924957,0.2993305,3.3309532e-06,0.5518592,0.330048,0.65094876,0.2010541,0.07684974,0.48200926,0.41176704,0.19945908,0.7233661,0.7626731,0.04123395,0.1883695,0.46957463,0.027487542,0.8038526,0.18097302,0.61194044,0.582682,0.6293313,0.023682622,0.0674948,0.21439601,0.21681488,0.30115554,0.14541294,0.032652736,0.27536544,0.22175772,0.80751896,0.009020188,0.91311973,0.46065363,0.7920959,0.4001187,0.46209225,0.21965691,0.20567113,0.47783563,0.55320686,0.2919291,0.20887667,0.31003535,0.5983864,0.59833914,0.5156756,0.48465535,0.8075899,0.14401495,0.53273815,0.3250362,0.12981215,0.3633834,0.42650172,0.5433353,0.4509748,0.40090695,0.78373575,0.19575031,0.013533912,0.08526291,0.20461051,0.32514063,0.15608051,0.2676057,0.21865728,0.3187532,0.6068581,0.11777293,0.540909,0.12147971,0.15686485,0.33571085,0.49425524
BC2026_Train_0017_S22_20211026_233000_30,0.07189797,1.7872704e-05,0.08520318,0.08078532,2.2595918e-08,0.2465628,0.06730852,0.53521365,6.8986975e-07,0.16472942,0.9904656,0.2623337,0.022457637,4.783542e-09,2.1811226e-07,0.004612402,0.008051841,0.00050284946,0.0131617375,0.17628333,0.14641374,7.8021594e-07,0.11623747,1.2458348e-05,0.00033674107,2.1699017e-05,3.742923e-08,0.488239,0.0011163346,0.37427562,2.244662e-05,2.8037637e-06,2.4046342e-06,2.234898e-06,2.0047413e-07,1.7107368e-08,5.1846797e-08,1.3212094e-06,2.9371437e-05,3.967238e-08,1.6518006e-06,2.045251e-05,6.1668266e-07,3.655044e-06,5.0546296e-06,5.0546296e-06,1.9452433e-08,1.7618751e-05,5.8360213e-12,7.619162e-06,1.5864392e-08,1.4664829e-08,1.4664829e-08,2.8758656e-08,2.3143272e-08,6.879991e-08,0.00201025,0.00065219466,9.597171e-05,0.41819853,0.16747819,0.0010968179,3.6104097e-07,0.031385265,0.0006383944,8.670963e-08,1.9606584e-06,0.0025888637,0.001559477,0.10819661,1.9903377e-05,0.00090635754,0.17699827,0.42395917,0.09159208,0.2812533,0.2666077,0.68590623,0.15963767,0.38792947,0.4331128,0.080000944,0.9412134,0.17602354,0.36924332,0.90189344,0.34925285,0.81084716,0.48338762,0.13214739,0.37577215,0.55510527,0.11252723,0.042605314,0.033778034,0.62710357,0.637177,0.29831487,0.4840251,0.23683406,0.0006387286,0.32320642,0.80177593,0.99685675,0.5322068,0.44429383,0.19701892,0.09515573,0.417755,0.21496424,0.21289253,0.92460924,0.2407498,0.33046347,0.14494772,0.0613237,0.29383978,0.5282846,0.28529906,0.81963724,0.64950377,0.62450737,0.5915709,0.10916731,0.69305557,0.3308938,0.2666045,0.4738728,0.19482347,0.8099636,0.80934876,0.6395068,0.04613955,0.94605595,0.5965265,0.095966704,0.18929473,0.94734204,0.6538876,0.96975213,0.2361566,2.7922208e-05,0.28807193,0.22664697,0.53239864,0.1678771,0.40386304,0.49025285,0.015200122,0.39003888,0.27621487,0.22439015,0.40210035,0.20913178,0.54198873,0.47003862,0.3331665,0.23455828,0.018370645,0.28741774,2.7044148e-06,0.5517274,0.27241886,0.6056448,0.20498376,0.08029495,0.69842887,0.36769706,0.26797694,0.7506592,0.72405005,0.04419846,0.21529165,0.45812884,0.026428033,0.74029547,0.17080769,0.5183312,0.39953554,0.36864814,0.023221519,0.06418844,0.21410431,0.1867541,0.35950667,0.09792694,0.03428479,0.28212368,0.20226443,0.79406184,0.013931945,0.78896326,0.60189843,0.7611226,0.38676542,0.47176135,0.24070367,0.18874206,0.5199778,0.45279717,0.2589357,0.20824628,0.2596931,0.61614627,0.4314982,0.63936704,0.37688345,0.66629356,0.1624928,0.32993388,0.40420842,0.14052103,0.36014727,0.44630465,0.5721642,0.6090614,0.31217074,0.76575863,0.1815007,0.01847702,0.0886684,0.14482713,0.47364655,0.16589233,0.23654681,0.09096711,0.4267381,0.6358369,0.12697151,0.7260089,0.20290509,0.16047059,0.4107262,0.48474967
BC2026_Train_0017_S22_20211026_233000_35,0.099514514,1.5967695e-05,0.071534365,0.057733122,2.2214675e-08,0.20331696,0.058384262,0.4933628,5.793533e-07,0.15534757,0.9925972,0.1828304,0.0112238955,4.543767e-09,2.4292888e-07,0.003943723,0.007084068,0.00043819376,0.01566961,0.12672709,0.16869147,1.3038509e-06,0.118025206,9.930354e-06,0.00027373518,2.0077761e-05,4.0778783e-08,0.42750967,0.00079571485,0.3688017,1.8913322e-05,2.9264713e-06,1.9310041e-06,1.8107305e-06,2.0184997e-07,1.6745448e-08,5.1743566e-08,1.2405283e-06,2.5448076e-05,3.8934385e-08,1.4677579e-06,1.6986012e-05,6.730293e-07,3.5872233e-06,4.5543793e-06,4.5543793e-06,2.021586e-08,1.675652e-05,7.362668e-12,6.0814596e-06,1.6610485e-08,1.500195e-08,1.500195e-08,2.7970406e-08,2.4204109e-08,6.569256e-08,0.002005706,0.0004222889,9.208406e-05,0.29791448,0.13440354,0.001036738,2.503718e-07,0.024855288,0.00044667334,1.09570884e-07,1.6182094e-06,0.002360421,0.0015190232,0.06667908,1.9825955e-05,0.00088793255,0.16670711,0.47142172,0.16892345,0.40299764,0.21818165,0.6387783,0.15718956,0.5274673,0.3939208,0.09368125,0.8537054,0.18933801,0.32863885,0.9124169,0.32340294,0.71409506,0.46797144,0.14329803,0.46481988,0.4987043,0.13036679,0.06617656,0.025978016,0.6122499,0.63175267,0.22564878,0.52926034,0.23892167,0.0009428779,0.306839,0.83144414,0.99740785,0.5205139,0.5033235,0.2088859,0.086162046,0.46919486,0.22886527,0.18109934,0.8837782,0.14129521,0.35971272,0.24087818,0.073207214,0.33053622,0.57004756,0.41005853,0.80988294,0.67520297,0.56158847,0.5579755,0.1334855,0.64756095,0.40300742,0.25673756,0.43068132,0.14907117,0.78403777,0.80630916,0.689174,0.09079533,0.96312976,0.6536483,0.12823787,0.26169878,0.93872637,0.72563374,0.9247134,0.33369458,3.8192393e-05,0.23817095,0.17624852,0.4746049,0.22610159,0.31677574,0.3054365,0.018380526,0.34993285,0.33348128,0.33957034,0.3387022,0.20244187,0.56451434,0.4076358,0.4551521,0.23754561,0.022617808,0.3302095,4.683665e-06,0.4855398,0.37359694,0.68882304,0.24404365,0.09977573,0.5382156,0.3696895,0.25278676,0.69653857,0.7951462,0.052746974,0.21243535,0.5336536,0.05876971,0.7334783,0.14071435,0.4789917,0.43345985,0.329281,0.020287761,0.06195323,0.25529832,0.24480297,0.2614261,0.15484439,0.027704457,0.21683693,0.22629973,0.78728354,0.010357748,0.869304,0.28650233,0.83111006,0.39927137,0.4594508,0.23727551,0.20863585,0.45547688,0.58859926,0.27514064,0.26800045,0.31732956,0.6114849,0.4562753,0.63628733,0.40833938,0.6807021,0.16114788,0.653824,0.3665946,0.11312319,0.28579912,0.44082293,0.43757182,0.27174497,0.4206429,0.74943775,0.18786602,0.016223336,0.097810484,0.18770415,0.45266807,0.12644696,0.26522568,0.07850225,0.40374544,0.7087425,0.12607045,0.61978036,0.19112857,0.17864986,0.37582597,0.44915885
BC2026_Train_0017_S22_20211026_233000_40,0.088973716,1.5575224e-05,0.10860592,0.07554328,2.3187697e-08,0.22467878,0.052564617,0.51687324,7.734693e-07,0.14473827,0.98652047,0.30529803,0.01945468,4.9835203e-09,2.3801717e-07,0.0031927524,0.007535693,0.00044995453,0.007772613,0.13706733,0.19557159,9.675193e-07,0.07892645,1.6213171e-05,0.00023727119,1.8771538e-05,3.5480316e-08,0.544843,0.001382792,0.32051253,1.754571e-05,2.9981368e-06,1.5410989e-06,1.519189e-06,2.0099787e-07,1.5646062e-08,4.7890143e-08,1.0685641e-06,2.5561962e-05,3.484724e-08,1.3127453e-06,1.4211946e-05,5.78907e-07,3.7647076e-06,3.984363e-06,3.984363e-06,1.7857975e-08,1.2732129e-05,5.766853e-12,4.711835e-06,1.5105574e-08,1.40186724e-08,1.40186724e-08,2.618576e-08,2.1681924e-08,6.616128e-08,0.002005441,0.0005439702,0.00010299369,0.3863941,0.13464643,0.0011856944,4.3361902e-07,0.026126212,0.00055005186,7.899305e-08,1.3367359e-06,0.003831037,0.0018147232,0.076406516,1.9849615e-05,0.0011420045,0.18620509,0.3917627,0.15581413,0.42025682,0.21717808,0.5826124,0.12515794,0.3697524,0.39683473,0.09289563,0.88228863,0.16061172,0.28383312,0.85869217,0.3485185,0.79312354,0.46519837,0.14139467,0.39447087,0.6350373,0.0869685,0.036627844,0.02685554,0.6844023,0.6309865,0.09993367,0.5193229,0.3128229,0.00066548004,0.26905027,0.79810786,0.99710965,0.6384244,0.44157666,0.189731,0.096723825,0.4718705,0.24909821,0.16129991,0.9127085,0.19754054,0.27529392,0.15723948,0.047788687,0.290471,0.46689126,0.2882311,0.7729364,0.6221733,0.5371962,0.51298213,0.07638548,0.7871438,0.37657604,0.22577196,0.46166742,0.21238488,0.6426677,0.8435673,0.6707917,0.035405423,0.9376654,0.61393875,0.087342784,0.23462006,0.8848711,0.6454902,0.92095155,0.2548152,2.071701e-05,0.23195976,0.21750371,0.5236747,0.17251943,0.33158782,0.42895,0.0109758545,0.30631632,0.3214459,0.24987845,0.36927497,0.2136206,0.49992803,0.29028288,0.30908367,0.17624255,0.023555899,0.31449026,7.328189e-06,0.5322833,0.22697975,0.5693043,0.23467585,0.08247615,0.49015874,0.44674903,0.20315765,0.6658327,0.7794598,0.04393259,0.2123115,0.43907353,0.037527803,0.8304335,0.17332217,0.62008816,0.3766468,0.23648745,0.01797062,0.057489514,0.23432633,0.27635378,0.28376937,0.14592357,0.027152486,0.23976141,0.24863131,0.8011063,0.011652882,0.8389295,0.5710775,0.8132437,0.36212775,0.38373888,0.2546238,0.21406533,0.47885862,0.53526,0.27195886,0.21586615,0.2724914,0.5650665,0.43425772,0.5873501,0.44714308,0.70530605,0.13319245,0.5367277,0.3805053,0.1483179,0.29914552,0.37972033,0.5276037,0.39476776,0.2903666,0.7148138,0.14912899,0.019307198,0.09380809,0.1574697,0.41766384,0.10612228,0.30982742,0.07711462,0.39801744,0.7222719,0.14822531,0.61172116,0.09924859,0.16543034,0.37720874,0.42941827
BC2026_Train_0017_S22_20211026_233000_45,0.058158804,1.6097787e-05,0.0952453,0.055522595,2.3086583e-08,0.36148635,0.042588055,0.5579171,6.319035e-07,0.14747328,0.9898297,0.3162275,0.021386879,4.821659e-09,2.564238e-07,0.003597803,0.009663154,0.00059858046,0.015387908,0.25242975,0.21093477,8.614809e-07,0.10112959,2.4612169e-05,0.0002733666,1.9075635e-05,3.110948e-08,0.4428424,0.0016851664,0.37068692,2.1742662e-05,2.9304804e-06,1.8243506e-06,1.2259911e-06,1.9989126e-07,1.4650943e-08,4.3737337e-08,1.6449026e-06,1.9161529e-05,3.4186026e-08,1.434666e-06,1.3713013e-05,4.457577e-07,4.2027755e-06,4.537605e-06,4.537605e-06,1.7903972e-08,1.4522086e-05,5.6157717e-12,7.4834743e-06,1.45667e-08,1.2807074e-08,1.2807074e-08,2.4615032e-08,2.0725427e-08,6.526578e-08,0.0020226159,0.0003902652,0.000114674775,0.7678613,0.31729618,0.0010304917,2.67707e-07,0.035779398,0.0024682158,1.3738034e-07,2.0780078e-06,0.0038913602,0.0020382723,0.08233361,1.9860992e-05,0.0010069305,0.18127963,0.52109206,0.19078016,0.36358526,0.2921765,0.6823527,0.18156661,0.7438499,0.43240523,0.083517715,0.92359245,0.13939585,0.38448602,0.8621194,0.40696275,0.62469625,0.46338245,0.1527067,0.406899,0.58563066,0.089476906,0.06895096,0.03050198,0.675394,0.5924245,0.24206848,0.49229723,0.22629051,0.00075475685,0.2704804,0.7542096,0.99612105,0.5380619,0.51233256,0.19734967,0.12960035,0.46286663,0.2599819,0.20903578,0.85522664,0.21001357,0.29728606,0.20891126,0.053369407,0.24169312,0.5702931,0.27222782,0.76937705,0.6562289,0.64524287,0.34491545,0.1345912,0.717672,0.36600664,0.22104767,0.54563564,0.16493255,0.75939983,0.86620134,0.6334657,0.29221684,0.9502175,0.58081996,0.10251672,0.39748433,0.836802,0.6609323,0.93563765,0.24059905,1.740839e-05,0.24049123,0.18275331,0.50966895,0.23680414,0.28417507,0.45038885,0.009887013,0.44069386,0.29908928,0.25191873,0.39070082,0.20359923,0.518278,0.38178372,0.38905105,0.19552931,0.0198234,0.3158325,3.4581851e-06,0.5367138,0.41975063,0.5491034,0.21637061,0.083943225,0.5691268,0.29646286,0.22718649,0.76205355,0.6571481,0.041315176,0.17647883,0.47718063,0.02762999,0.85654914,0.21862927,0.60246426,0.3464347,0.29582882,0.018832564,0.057450894,0.25403923,0.23235372,0.3089836,0.131299,0.040634718,0.20679028,0.19228132,0.75154394,0.012141966,0.8608893,0.63248307,0.8163563,0.3790035,0.42320275,0.22981974,0.1796972,0.49237403,0.64443266,0.29648027,0.24409223,0.24748766,0.6392508,0.47862116,0.6046158,0.41033325,0.73991317,0.12715417,0.5154691,0.23625098,0.1399116,0.5281524,0.40983522,0.48285553,0.30121073,0.31230125,0.7351868,0.18053241,0.021080015,0.120367624,0.14781782,0.40174744,0.11746496,0.29362854,0.06602713,0.3741279,0.9013511,0.102693714,0.5327221,0.15305112,0.16479811,0.3703033,0.44237942
BC2026_Train_0017_S22_20211026_233000_50,0.12436676,1.6369639e-05,0.063101575,0.052344758,2.2835431e-08,0.28926903,0.04020155,0.47201458,5.248943e-07,0.16554943,0.9914908,0.124291286,0.014432706,4.631836e-09,2.6791645e-07,0.0050387853,0.006539944,0.0004920167,0.017026776,0.13294321,0.2476897,7.507774e-07,0.13541546,1.4463652e-05,0.00024429915,2.107883e-05,5.9335033e-08,0.44121248,0.0008628251,0.30953893,1.653403e-05,2.9600742e-06,2.0779028e-06,1.5700482e-06,1.9911695e-07,1.6891729e-08,5.135318e-08,1.2919847e-06,2.9152567e-05,3.6448522e-08,1.553079e-06,1.6462534e-05,6.206629e-07,3.3362412e-06,3.737254e-06,3.737254e-06,1.932023e-08,1.1707678e-05,7.552278e-12,5.33794e-06,1.572945e-08,1.4754313e-08,1.4754313e-08,2.9581088e-08,2.3045374e-08,6.787232e-08,0.0020164677,0.0006146138,9.464973e-05,0.3769707,0.2614929,0.00092626916,1.747275e-07,0.02744609,0.00042057585,1.5931315e-07,2.0511186e-06,0.0034440893,0.0018733048,0.065438785,1.980801e-05,0.0009168173,0.23430614,0.4005332,0.07277976,0.38647398,0.2723162,0.6763908,0.21617778,0.68861544,0.45210466,0.07696402,0.93954027,0.24546699,0.36648417,0.6517256,0.3918418,0.689697,0.5455563,0.16576779,0.40524405,0.57586396,0.1816688,0.12734534,0.044744294,0.71107864,0.62473947,0.2566291,0.42237288,0.26071247,0.00051763834,0.296256,0.8382876,0.9173125,0.50118065,0.49084184,0.22757971,0.07051244,0.42929003,0.2307964,0.19786838,0.903025,0.17867336,0.28036782,0.17789656,0.06018497,0.3397859,0.5671103,0.2795196,0.8364364,0.68365127,0.56575835,0.3905012,0.13375357,0.81679124,0.3936053,0.26586545,0.5667108,0.20677516,0.7675512,0.72207373,0.6332086,0.06393784,0.54012614,0.38485116,0.124398135,0.21356378,0.89503884,0.5696252,0.82105166,0.20586203,1.7557437e-05,0.21958545,0.19378561,0.3960209,0.2823314,0.34185123,0.38514322,0.032305915,0.4205501,0.35448864,0.23201272,0.44143224,0.19586495,0.58153474,0.35104886,0.37225744,0.2137941,0.023727564,0.370703,6.7578276e-06,0.596461,0.41867036,0.7142819,0.20503102,0.09069506,0.6440336,0.4987195,0.22568709,0.6778171,0.72791636,0.040651437,0.22401859,0.4446883,0.024737729,0.74598557,0.17855687,0.6221593,0.33250564,0.26155978,0.025437672,0.04771332,0.26374593,0.27262002,0.22015952,0.15390491,0.025918249,0.22152857,0.2334644,0.8623558,0.011061243,0.9241618,0.33813784,0.86425626,0.40732852,0.4094087,0.21654703,0.17883493,0.4884733,0.465302,0.31950054,0.3128438,0.3292156,0.59172034,0.56141704,0.5694223,0.50333863,0.7277008,0.12355829,0.32326153,0.30509204,0.18431228,0.5562091,0.42366624,0.49750513,0.44903865,0.33378965,0.7261244,0.19131404,0.015637152,0.08204264,0.15252511,0.52315223,0.1404454,0.23605148,0.085852526,0.29680827,0.7827567,0.12796079,0.5231112,0.24131595,0.14723215,0.46442187,0.43717486
BC2026_Train_0017_S22_20211026_233000_55,0.06912535,1.8310719e-05,0.06299355,0.06770884,2.2229948e-08,0.3189714,0.06130812,0.53251076,5.39382e-07,0.16149151,0.99136156,0.15930055,0.014599492,4.5721706e-09,2.388164e-07,0.005927031,0.012360554,0.0004952843,0.025012039,0.102623306,0.20764832,1.0351945e-06,0.23875521,1.8816954e-05,0.00026237185,1.771097e-05,1.0222747e-07,0.45405552,0.0009887151,0.3657198,2.5644073e-05,4.0626574e-06,2.248742e-06,2.034559e-06,2.0067395e-07,2.3243732e-08,7.411773e-08,1.6746939e-06,3.713743e-05,5.0262262e-08,2.1520216e-06,2.3239365e-05,9.696674e-07,4.8146985e-06,6.229493e-06,6.229493e-06,2.8028188e-08,1.8415842e-05,1.0097156e-11,7.671539e-06,2.2231763e-08,2.0401572e-08,2.0401572e-08,4.162797e-08,3.19856e-08,9.073225e-08,0.002008149,0.00063171,0.00010720694,0.29378527,0.16055565,0.0011998011,2.9686205e-07,0.030089166,0.0003802779,8.46858e-07,3.881634e-06,0.0026458,0.0017054843,0.16759549,1.9765639e-05,0.0009169933,0.23572464,0.37784743,0.15568216,0.38018838,0.22105002,0.69034576,0.16692466,0.536092,0.5576856,0.09922415,0.9251822,0.2519751,0.3319908,0.68603873,0.39444816,0.7248717,0.57660687,0.1723694,0.32410848,0.46815577,0.1573646,0.04998422,0.030822653,0.56463385,0.6700243,0.2797366,0.5877702,0.22957058,0.00062643155,0.35167292,0.79459107,0.9941752,0.5018931,0.4805895,0.20294788,0.06773507,0.4510916,0.25173515,0.21452934,0.8770267,0.2157702,0.29530135,0.22757442,0.04705941,0.32641315,0.53968734,0.29799658,0.82635146,0.6856072,0.6351959,0.4146487,0.16356255,0.8059218,0.38087416,0.2758003,0.5141088,0.18981959,0.7945953,0.75648385,0.671524,0.053724717,0.5946916,0.5110556,0.12705973,0.20167866,0.90397996,0.710606,0.9768813,0.3507246,4.048205e-05,0.28025603,0.23436472,0.41685566,0.20570534,0.33374268,0.42556328,0.017749567,0.46138114,0.24375692,0.23461705,0.4905713,0.20618112,0.66712475,0.39166802,0.24527428,0.22267455,0.017957803,0.37576967,2.5266522e-06,0.6173747,0.39220113,0.6196565,0.25391182,0.08105611,0.54387677,0.34700495,0.21803902,0.80071294,0.7794495,0.036740914,0.20747255,0.43618765,0.04335403,0.85202146,0.15604031,0.6392132,0.3589322,0.5437091,0.03711753,0.0560806,0.20463866,0.23342861,0.17973481,0.0963006,0.029933823,0.29746112,0.23955129,0.85422164,0.013676746,0.93759155,0.5240617,0.8210096,0.4052482,0.44505966,0.27614135,0.1921117,0.5230199,0.4882493,0.32776302,0.23498745,0.31939515,0.5731816,0.48087645,0.58466136,0.43898985,0.66930693,0.18251963,0.54762477,0.4613527,0.20984252,0.38009602,0.4222831,0.5773093,0.5278247,0.31841558,0.81099325,0.21785799,0.018555343,0.09934654,0.15642284,0.47734305,0.12916742,0.23119001,0.11383541,0.31013975,0.5333778,0.16075963,0.47440678,0.18453386,0.18258575,0.3680918,0.48556948
BC2026_Train_0017_S22_20211026_233000_60,0.065690875,1.879789e-05,0.046518855,0.08723566,2.2572808e-08,0.24927326,0.029724406,0.2586932,6.063897e-07,0.12744239,0.9886133,0.1013677,0.01863021,4.795477e-09,2.7539758e-07,0.021882921,0.0052820225,0.0005701752,0.02082255,0.14956303,0.14745854,1.1945222e-06,0.19581658,2.243017e-05,0.00043043695,2.4637553e-05,3.3549634e-07,0.37418064,0.0015526036,0.6033973,2.4580442e-05,6.233888e-06,3.2718226e-06,1.6681381e-06,1.9294664e-07,3.1953434e-08,1.1204673e-07,2.4163087e-06,4.0055398e-05,6.948926e-08,2.7739432e-06,4.1596475e-05,7.18717e-07,7.2496528e-06,7.785962e-06,7.785962e-06,3.792027e-08,2.7616383e-05,1.3932059e-11,1.3174365e-05,2.9661695e-08,2.769134e-08,2.769134e-08,5.0982536e-08,4.1474973e-08,5.9183556e-08,0.002030851,0.0038759725,9.372346e-05,0.39322585,0.23552103,0.0009585664,8.5898716e-07,0.035347354,0.0007671461,1.1602774e-07,2.8487132e-06,0.0020149697,0.0015249811,0.20388049,1.9946945e-05,0.001064922,0.21866722,0.49955595,0.099725366,0.27036014,0.24131152,0.69169617,0.22105637,0.38343856,0.42488024,0.09052844,0.89105946,0.13671823,0.42014262,0.8570817,0.45357102,0.83528423,0.4446716,0.14957248,0.44129494,0.499522,0.15556642,0.08229765,0.08913589,0.48122337,0.4711498,0.22768171,0.52464366,0.3609805,0.001051383,0.15009798,0.73753744,0.84559584,0.54865634,0.48811585,0.2089881,0.07951928,0.4915931,0.31466153,0.19248942,0.82372975,0.29310519,0.329363,0.20594828,0.09345746,0.3042098,0.36437207,0.29124624,0.7900176,0.6559939,0.65987796,0.50718045,0.11305642,0.7825151,0.3544043,0.28982013,0.88140446,0.16309828,0.7711301,0.5937895,0.7390559,0.038178775,0.96545076,0.5023683,0.084119946,0.32039034,0.7890903,0.60664296,0.88405997,0.27572793,9.429592e-05,0.24214259,0.22079538,0.3543828,0.19004168,0.35361275,0.41039476,0.012351389,0.39960173,0.22931162,0.30894262,0.5204458,0.25779423,0.8595603,0.3947885,0.32092133,0.21165714,0.013324524,0.34024107,8.738292e-06,0.7593289,0.33345583,0.5809762,0.20876385,0.11956455,0.6996783,0.43374726,0.27357474,0.7723742,0.73803025,0.038749263,0.2509593,0.44810268,0.025558863,0.5133921,0.16891925,0.95027834,0.58608574,0.60780746,0.021426434,0.07393547,0.24727406,0.29144058,0.2948731,0.12355827,0.03330812,0.29895657,0.19037898,0.7197531,0.014719994,0.9047069,0.69380724,0.77310157,0.39068615,0.44160533,0.198501,0.18354028,0.4054923,0.33691767,0.31174764,0.18201399,0.20185003,0.6346205,0.61531484,0.6120425,0.6326702,0.72199,0.15777269,0.414489,0.4399352,0.18221529,0.36268398,0.42276958,0.6038805,0.66778374,0.44850117,0.74835676,0.22255877,0.019779004,0.13517828,0.16370983,0.4033208,0.14204182,0.31028995,0.23914418,0.3329135,0.68336064,0.11645927,0.667517,0.15806238,0.15713687,0.357707,0.48889923
BC2026_Train_0018_S22_20211028_234500_5,0.024983097,7.878831e-06,0.02087925,0.14680931,1.4261309e-08,0.38911378,0.10765123,0.3625547,2.895273e-06,0.62912965,0.99907655,0.13551074,0.0137100695,4.7307873e-09,2.265459e-07,7.180122e-05,0.0070952363,0.0006263684,0.0070863324,0.10092746,0.23917289,1.1951276e-07,0.17141338,3.6194502e-05,0.00054315594,1.9151319e-05,1.3479078e-09,0.53821164,0.00045600155,0.14021075,2.665439e-05,5.1682073e-06,2.1553121e-06,1.1262765e-06,1.869792e-07,4.4675744e-08,1.3728149e-07,3.5922985e-06,5.159589e-05,1.03342416e-07,4.295079e-06,1.5593683e-05,9.533813e-07,6.3554858e-06,8.552822e-06,8.552822e-06,5.1506973e-08,2.5324829e-05,1.0075556e-11,1.6563677e-05,4.2506677e-08,4.002683e-08,4.002683e-08,6.2825755e-08,5.6497097e-08,3.6554752e-08,0.001988979,0.0035755443,5.753375e-05,0.08092225,0.0064734877,0.0005724259,0.00011816498,0.0196495,8.411479e-06,1.7753745e-08,2.9573638e-07,0.0020384693,0.002145101,0.0755569,2.0328747e-05,0.0011144185,0.15867709,0.26542777,0.020970864,0.22304231,0.2549976,0.6592459,0.24594636,0.37211707,0.6696213,0.16431488,0.9771604,0.32672083,0.5931432,0.33700824,0.48611885,0.8481788,0.44935614,0.25514385,0.6767418,0.3623945,0.18162869,0.01555899,0.3509623,0.5352014,0.6781837,0.689623,0.69874924,0.59652007,0.0012409912,0.11185223,0.4996802,0.4964942,0.60071236,0.33511737,0.21641752,0.035194173,0.5204911,0.28491724,0.28500602,0.7816222,0.26413023,0.460317,0.12819007,0.08567912,0.37910712,0.4766655,0.32768485,0.72687906,0.7755815,0.49913913,0.17120695,0.14508392,0.78422594,0.32793558,0.43397668,0.21038505,0.16876858,0.6188937,0.47652125,0.74699026,0.003930171,0.34576583,0.2559686,0.10187194,0.14397725,0.83001864,0.51792645,0.56732666,0.14908528,0.00011415273,0.2988002,0.36788896,0.07142577,0.16448058,0.44978243,0.505081,0.010260656,0.40432552,0.192364,0.24536668,0.48514846,0.30426946,0.1614205,0.30337757,0.18929978,0.18239403,0.0371305,0.44172513,9.521477e-06,0.6190499,0.2375629,0.3476468,0.39389786,0.124367364,0.41311318,0.48656777,0.13150659,0.85591483,0.6034606,0.041424733,0.26311147,0.1887915,0.01823474,0.37618485,0.16586852,0.9432022,0.28447577,0.23033158,0.06212321,0.19742762,0.31614813,0.33631247,0.12961467,0.10560755,0.047895804,0.2705642,0.20841326,0.76578075,0.016893936,0.8774853,0.59832436,0.7686829,0.35182446,0.4489622,0.14151664,0.15703616,0.5620525,0.23116209,0.32068792,0.090099275,0.1255342,0.60370034,0.39566097,0.5393985,0.839658,0.6766832,0.1143621,0.55401,0.21838881,0.3445754,0.2236714,0.40643287,0.942208,0.17312789,0.33120257,0.8131172,0.26343423,0.018717065,0.054876644,0.20044625,0.20363866,0.13002488,0.41593933,0.016727047,0.13577639,0.4215445,0.11273277,0.53609467,0.08873286,0.19220592,0.24518323,0.6259678
BC2026_Train_0018_S22_20211028_234500_10,0.02816052,7.472697e-06,0.019095972,0.10879568,1.395162e-08,0.46540648,0.10499477,0.33310196,2.1859914e-06,0.54688025,0.9986658,0.13457386,0.015123087,4.9655573e-09,2.5851372e-07,7.072658e-05,0.01046084,0.00066795445,0.009434963,0.19354288,0.3008885,1.17203946e-07,0.21641183,7.985803e-05,0.00054082216,2.0971609e-05,1.3625207e-09,0.46829596,0.00075126055,0.1205525,2.980636e-05,4.2564498e-06,2.2367537e-06,9.93535e-07,1.8546069e-07,3.327032e-08,9.6208765e-08,3.827181e-06,4.1928844e-05,7.735065e-08,4.379982e-06,1.4748441e-05,7.622558e-07,5.330005e-06,7.2624257e-06,7.2624257e-06,3.825363e-08,2.1789076e-05,7.792015e-12,1.7861012e-05,3.154608e-08,2.9546664e-08,2.9546664e-08,4.8853472e-08,4.2902624e-08,3.5565005e-08,0.001997133,0.0020693748,5.9617098e-05,0.076846346,0.0070676575,0.0005445253,6.1000177e-05,0.022231136,1.0016356e-05,7.699606e-09,2.480687e-07,0.002498613,0.0012390703,0.060299084,2.0367204e-05,0.0009915209,0.11802621,0.26444545,0.022078095,0.211297,0.24265017,0.6466927,0.24195026,0.4032905,0.64292234,0.16100056,0.97238183,0.30099067,0.48522142,0.39049104,0.41306254,0.77250826,0.4343818,0.26163116,0.6093319,0.3342534,0.18761678,0.018198978,0.39722311,0.54210794,0.694592,0.78427446,0.7044304,0.60910505,0.00096991914,0.15600058,0.5026597,0.47056854,0.5213185,0.34775832,0.17083038,0.035585303,0.510311,0.29658702,0.23473386,0.77300084,0.2468475,0.42640942,0.13995135,0.06780653,0.28624815,0.5941897,0.3135914,0.7225854,0.7651084,0.43129614,0.14962223,0.11141918,0.7397377,0.38521227,0.30360326,0.19304685,0.17055354,0.6889337,0.4790347,0.7491014,0.003211553,0.30930972,0.26691127,0.102212295,0.09968596,0.86115754,0.49877837,0.5461322,0.13448565,0.00011204145,0.3058085,0.37519014,0.07746325,0.1587435,0.46125162,0.4980442,0.0088563245,0.39901793,0.2535507,0.24366325,0.5061723,0.28809538,0.14799777,0.2362657,0.20609005,0.15707979,0.025872566,0.4174487,5.110072e-06,0.58197314,0.24219652,0.31158528,0.26377162,0.1283893,0.51068944,0.44903725,0.11946476,0.8355791,0.5727412,0.03222101,0.23464015,0.18497576,0.026331333,0.37617227,0.1664199,0.91975135,0.28824976,0.18704614,0.04475058,0.18839249,0.28149232,0.31178245,0.093342155,0.14869069,0.055253215,0.20559493,0.17464872,0.7228237,0.019048845,0.9004052,0.6528387,0.7788596,0.34100646,0.48993093,0.14334737,0.14997602,0.4756975,0.286807,0.31564543,0.090128265,0.12451208,0.55357987,0.37149218,0.5676991,0.8450504,0.6093912,0.12546608,0.51719713,0.1929724,0.255744,0.32475385,0.42020786,0.8489486,0.13105814,0.38008267,0.7922731,0.2554343,0.03256893,0.07441595,0.22010815,0.19021435,0.15085506,0.4177338,0.013384717,0.12345576,0.51109016,0.13207467,0.46976882,0.0808542,0.17823684,0.20947146,0.59665525
BC2026_Train_0018_S22_20211028_234500_15,0.050270375,7.027681e-06,0.020394059,0.14135575,1.3743235e-08,0.25827852,0.12082171,0.31791133,1.940814e-06,0.5973422,0.99943155,0.13955651,0.010969277,5.1026103e-09,1.7432906e-07,8.95034e-05,0.013375847,0.0005591181,0.008240407,0.11620131,0.29665214,1.6100054e-07,0.14242736,3.8804246e-05,0.00054863835,1.9890747e-05,2.035068e-09,0.39096186,0.00013152973,0.1097624,6.1220846e-05,4.803587e-06,3.2419618e-06,2.0121117e-06,1.9119811e-07,2.7674892e-08,9.25542e-08,7.4065424e-06,5.510034e-05,7.1948435e-08,5.3694134e-06,1.9532425e-05,1.0826942e-06,5.885737e-06,1.0021981e-05,1.0021981e-05,3.4573848e-08,3.3879864e-05,8.542369e-12,2.8992054e-05,2.8923877e-08,2.5854126e-08,2.5854126e-08,4.5035993e-08,3.780979e-08,3.2926817e-08,0.001987942,0.0006193125,6.083474e-05,0.08161426,0.0064454265,0.00055178057,2.697835e-05,0.023354925,7.2933103e-06,1.8291594e-08,2.7032937e-07,0.0018488923,0.0014355093,0.04712305,2.0077116e-05,0.00078211824,0.19010375,0.24587971,0.028390085,0.2897753,0.21476784,0.67481273,0.23810144,0.4402589,0.7242312,0.18998818,0.9845768,0.28052744,0.49401027,0.32838053,0.30970067,0.69354105,0.4719588,0.30880624,0.5924603,0.27739066,0.2157917,0.027377758,0.11775959,0.6013562,0.7278936,0.53367305,0.4553837,0.40212548,0.0011188627,0.1887022,0.5519309,0.79173565,0.5342846,0.37977576,0.20524414,0.033836074,0.48898104,0.30527154,0.24320489,0.83557045,0.1508835,0.42258796,0.1637988,0.038347516,0.41672993,0.51422524,0.32207045,0.7520655,0.8065233,0.45303747,0.20365448,0.2036101,0.7495737,0.49277043,0.3606762,0.19922452,0.17570022,0.6504912,0.45620343,0.6934025,0.0042395038,0.2733382,0.36778957,0.1260654,0.13723561,0.88209313,0.44265148,0.6726763,0.15918116,7.005046e-05,0.28574193,0.32499647,0.0796241,0.17741643,0.5652694,0.59543246,0.027793651,0.44303492,0.28794423,0.15297902,0.55739063,0.26789552,0.13547486,0.25442082,0.17002527,0.17980805,0.03607807,0.37841958,3.4421564e-06,0.4905551,0.24592735,0.37707165,0.33354262,0.099852145,0.4375679,0.4148032,0.14253634,0.90093446,0.60526294,0.031340964,0.29964188,0.2071673,0.02833838,0.40553233,0.15979826,0.66320413,0.27255028,0.11284844,0.08446533,0.096544236,0.31833988,0.40058714,0.112331085,0.12564078,0.038257122,0.28905588,0.21446219,0.7421545,0.018397983,0.9245279,0.46139902,0.75008947,0.49954686,0.49646664,0.15768936,0.1875977,0.55103856,0.36836743,0.33673233,0.08836347,0.13625965,0.5598641,0.3582927,0.60092974,0.5838157,0.67047507,0.123978235,0.3465742,0.22930697,0.17401761,0.28797445,0.48311377,0.87996006,0.17735943,0.35739565,0.80429554,0.21947639,0.030395757,0.08111839,0.18391372,0.32319337,0.2026604,0.3373671,0.027603116,0.15573364,0.54796946,0.14142135,0.5925925,0.0758449,0.18334174,0.26329225,0.7464585
BC2026_Train_0018_S22_20211028_234500_20,0.029598739,7.591688e-06,0.026421648,0.104503565,1.3804519e-08,0.2869902,0.097788,0.37111154,2.4499393e-06,0.5424183,0.9994609,0.10597984,0.011705888,4.845811e-09,2.3077607e-07,9.286247e-05,0.008616583,0.00046537703,0.01259613,0.1027067,0.2804133,1.3864296e-07,0.24905589,2.6231635e-05,0.00068162417,2.3682138e-05,1.8521628e-09,0.37525144,0.0002182473,0.12229874,3.3038337e-05,5.0775807e-06,2.087867e-06,1.1238444e-06,1.8769877e-07,4.0810058e-08,1.2438338e-07,4.9377923e-06,5.603245e-05,8.803556e-08,5.040621e-06,1.938385e-05,1.0002606e-06,6.286972e-06,8.863822e-06,8.863822e-06,4.649005e-08,2.7299733e-05,9.889148e-12,2.1855438e-05,3.9837385e-08,3.7194e-08,3.7194e-08,6.09795e-08,5.0718146e-08,3.6148638e-08,0.0019956133,0.003976277,6.006421e-05,0.089945786,0.007221692,0.000640126,9.543949e-05,0.02264901,1.2658318e-05,1.543243e-08,2.2201594e-07,0.0015012444,0.0013829137,0.04069789,2.0362544e-05,0.0010882692,0.15274638,0.2363348,0.023953447,0.25234053,0.2515864,0.63952214,0.32068294,0.27643618,0.6433075,0.19958407,0.96965164,0.2828794,0.5010872,0.3711668,0.417368,0.830491,0.49636462,0.26481637,0.6180127,0.30475852,0.31991383,0.014162743,0.4405649,0.5209218,0.67184126,0.45479876,0.73448664,0.52646136,0.0014265836,0.11646336,0.53597045,0.66341174,0.5781159,0.34481728,0.19836222,0.03297109,0.54591376,0.27198508,0.26079053,0.7415064,0.26660836,0.48361036,0.13954945,0.06810457,0.42909792,0.41482982,0.3830654,0.6968028,0.68354046,0.47092387,0.15930621,0.12984025,0.71726996,0.37510073,0.345774,0.17569254,0.16218708,0.5159983,0.39038822,0.7953959,0.0033491056,0.34978852,0.2958501,0.09911646,0.09544008,0.79143596,0.49591497,0.6920003,0.13399702,0.00018045463,0.27816173,0.3468285,0.07008869,0.16151929,0.48161647,0.56121296,0.009353117,0.3989417,0.18525913,0.26864555,0.5222733,0.30643392,0.14325696,0.24004485,0.18068647,0.17072998,0.036625445,0.44961032,7.113645e-06,0.63088435,0.21303833,0.31440362,0.34576008,0.11997615,0.33135882,0.46570995,0.12743302,0.850244,0.5046595,0.03526793,0.2522441,0.21180508,0.023523575,0.31008258,0.13914251,0.928208,0.28607696,0.1228552,0.04034886,0.22454247,0.33679858,0.33192793,0.10709942,0.14828478,0.051165048,0.3146408,0.18366678,0.7229281,0.015669584,0.9032158,0.6830437,0.76820666,0.36312643,0.5062679,0.14675178,0.14238064,0.5245529,0.20017476,0.28546253,0.09320878,0.11261645,0.571573,0.38192314,0.54241747,0.8568297,0.678834,0.1544923,0.5216078,0.20673102,0.25449106,0.20616518,0.4441975,0.8851271,0.16505574,0.3619554,0.7636574,0.27717328,0.029444477,0.060353506,0.24195203,0.22837666,0.1534118,0.5079386,0.015845986,0.12094702,0.56461567,0.12775773,0.54395604,0.10916676,0.18613495,0.24890979,0.62951523
BC2026_Train_0018_S22_20211028_234500_25,0.034682363,6.7022756e-06,0.018464865,0.08273665,1.369575e-08,0.4476424,0.099284515,0.34362257,1.558793e-06,0.5066502,0.9992687,0.07866961,0.012934222,5.0504747e-09,2.5880408e-07,7.589458e-05,0.013199732,0.0005024383,0.0039513577,0.09072757,0.27747306,7.598688e-08,0.27059215,2.0715655e-05,0.001124002,2.4718263e-05,1.7115901e-09,0.36355937,0.00027770863,0.10284662,2.879941e-05,4.609963e-06,1.8685289e-06,9.4082895e-07,1.8574072e-07,4.1627107e-08,1.1857975e-07,3.94618e-06,4.9547445e-05,9.0502205e-08,4.4425747e-06,1.4066081e-05,8.0570413e-07,5.726524e-06,8.006161e-06,8.006161e-06,4.7100958e-08,2.1213085e-05,1.0426267e-11,1.9832682e-05,3.9935355e-08,3.7581753e-08,3.7581753e-08,5.683638e-08,5.0989783e-08,4.179463e-08,0.0020013882,0.0045623626,5.546599e-05,0.081853345,0.006018599,0.0005918278,6.7052424e-05,0.019231718,1.3020572e-05,9.843962e-09,2.0062237e-07,0.002374491,0.0016115574,0.03230978,2.0416535e-05,0.001417514,0.15414073,0.21768674,0.015147193,0.23850165,0.25702074,0.6505744,0.319878,0.34034693,0.63439745,0.19021085,0.96832174,0.4028031,0.6091177,0.38139036,0.43291703,0.7629843,0.48040834,0.2779987,0.7555782,0.4384194,0.39517874,0.00918892,0.49990523,0.6069712,0.6847534,0.4957436,0.67552537,0.61172694,0.0010735927,0.10592759,0.5191802,0.4639599,0.5013586,0.30556253,0.22122465,0.029171353,0.50639725,0.27566475,0.21437639,0.75850964,0.27308118,0.45217195,0.118290216,0.07005496,0.36213687,0.47423407,0.2917162,0.6563063,0.6698978,0.53579766,0.16315903,0.10320921,0.6836692,0.3358823,0.38536754,0.21791705,0.16717581,0.64322126,0.3350788,0.7760364,0.002641839,0.2269729,0.28381965,0.115577474,0.091003135,0.7613574,0.470942,0.5722371,0.15413103,0.00015667445,0.3137825,0.40618017,0.044104047,0.2271229,0.4865545,0.5291241,0.0111274235,0.44682577,0.1731999,0.2474451,0.43128124,0.30776373,0.16684803,0.25151175,0.2526792,0.1688367,0.059577655,0.4239742,2.9649476e-05,0.5716943,0.2432926,0.33663464,0.3061939,0.14835538,0.3599808,0.5604937,0.13162796,0.8201266,0.539645,0.03272928,0.23126243,0.16715571,0.016967842,0.36306956,0.13340826,0.9213014,0.3064328,0.11556001,0.052659776,0.23172064,0.2975965,0.29212847,0.11831094,0.18163554,0.04246317,0.23451793,0.22707401,0.7216492,0.016445937,0.8750084,0.62873673,0.7791864,0.42903945,0.4691635,0.16077834,0.1817648,0.5389067,0.21134084,0.29102919,0.07510476,0.109838404,0.5644845,0.37363932,0.5087372,0.88043725,0.7015099,0.13106132,0.46822107,0.23726988,0.3249737,0.21545154,0.4160631,0.8366394,0.17121924,0.32120812,0.7733045,0.21135703,0.019570094,0.055384386,0.28619865,0.1720796,0.10828932,0.56675845,0.013598644,0.11399199,0.5563941,0.12939484,0.5150957,0.15700048,0.20091596,0.33021963,0.6222732
BC2026_Train_0018_S22_20211028_234500_30,0.046739534,6.064826e-06,0.024976004,0.09219173,1.3915984e-08,0.3300301,0.12967263,0.37662828,2.0253551e-06,0.5760604,0.99944204,0.080947205,0.013331638,5.0815356e-09,2.1854733e-07,6.3975625e-05,0.014724369,0.00046084597,0.0052620205,0.13394895,0.43391746,1.2365379e-07,0.2026943,1.8583101e-05,0.0015001479,2.2710758e-05,1.0692368e-09,0.37141377,0.0001462208,0.10324624,2.7503746e-05,4.518564e-06,1.5064061e-06,1.1609261e-06,1.8666695e-07,3.1734405e-08,9.354617e-08,3.23853e-06,4.0259936e-05,7.1242184e-08,3.4273971e-06,1.36872995e-05,6.7873754e-07,5.3163835e-06,6.3477055e-06,6.3477055e-06,3.481556e-08,1.9451452e-05,6.6574125e-12,1.5824007e-05,3.1888142e-08,3.0325477e-08,3.0325477e-08,4.3640313e-08,4.0996007e-08,3.5199292e-08,0.0019911746,0.0048927017,6.109914e-05,0.07854311,0.004553501,0.0006475764,0.00016981982,0.026540576,6.962224e-06,1.1239185e-08,1.956319e-07,0.0027793902,0.0015394909,0.03651388,2.0438614e-05,0.001032215,0.15234509,0.29042378,0.01252468,0.23026517,0.2612885,0.6512835,0.2797712,0.30743733,0.63463074,0.15322436,0.97793543,0.34028417,0.5043222,0.39631718,0.4918304,0.8581082,0.51568794,0.25001577,0.68246514,0.33708024,0.22988982,0.010579473,0.39043775,0.63078713,0.71721315,0.48464465,0.7218178,0.63297504,0.0011127152,0.131283,0.55938685,0.61803305,0.56547636,0.29959226,0.20028745,0.031248502,0.5414069,0.28258574,0.22852954,0.82602483,0.25334963,0.44345835,0.12672916,0.08625573,0.3092926,0.4052764,0.30296382,0.70504385,0.6787084,0.49603736,0.17628579,0.09869583,0.771639,0.35721627,0.35119006,0.22200005,0.1635156,0.6220236,0.37415248,0.7883687,0.0028222268,0.3441269,0.28683054,0.11885757,0.07277319,0.8620084,0.5094648,0.650666,0.14497203,0.00011753702,0.28253406,0.340852,0.053249415,0.21376133,0.48275518,0.57709634,0.0068010427,0.4217464,0.1750125,0.30414546,0.46540698,0.282607,0.16358234,0.28431237,0.15583915,0.18942633,0.034087345,0.42113099,8.724114e-06,0.6744393,0.23261797,0.3061474,0.31277505,0.14305224,0.3569718,0.46541053,0.1317858,0.8218268,0.5309737,0.044466004,0.24512495,0.16773981,0.030809933,0.40222695,0.12554848,0.9091382,0.30230483,0.1207956,0.039557777,0.16543242,0.2964203,0.33573228,0.08596089,0.14564782,0.050648615,0.28475055,0.19753222,0.77083224,0.015042253,0.82777214,0.70066386,0.7925369,0.3898684,0.4956367,0.14414151,0.12641157,0.49128443,0.2232761,0.3277725,0.08685792,0.1381776,0.62321097,0.46361506,0.53443146,0.8583112,0.6915913,0.116379574,0.53115034,0.19947788,0.2862475,0.22552115,0.43441004,0.8584454,0.13831864,0.26571375,0.72650534,0.25291392,0.0278273,0.063182645,0.19755088,0.18810762,0.15013239,0.44331425,0.011313362,0.10066426,0.5161613,0.1294274,0.6012271,0.093419455,0.21248418,0.28165635,0.6478043
BC2026_Train_0018_S22_20211028_234500_35,0.037418015,6.531019e-06,0.020452306,0.11247478,1.353735e-08,0.30486372,0.13309339,0.33827484,2.611673e-06,0.65911794,0.99932593,0.07821427,0.015220861,4.9939732e-09,2.3976386e-07,8.436104e-05,0.01184571,0.0004460647,0.007354665,0.117669456,0.3238598,1.07371356e-07,0.2401516,2.4731567e-05,0.00063892605,2.6290852e-05,1.4186369e-09,0.33077863,0.00014803285,0.10974811,2.7746748e-05,4.8862053e-06,1.8770694e-06,1.177082e-06,1.8679248e-07,4.1564736e-08,1.2195355e-07,4.3405407e-06,5.0931347e-05,9.2053675e-08,4.319087e-06,1.670914e-05,8.8546176e-07,6.1068868e-06,7.2926136e-06,7.2926136e-06,4.720277e-08,2.4400268e-05,1.0756329e-11,1.9609488e-05,4.2601744e-08,4.0068947e-08,4.0068947e-08,5.7371143e-08,5.2554075e-08,3.664562e-08,0.0019904757,0.0060693556,5.0641327e-05,0.080640934,0.0047244863,0.0006188836,9.8462464e-05,0.030948035,1.8894392e-05,1.0681918e-08,1.9884872e-07,0.0016939713,0.0014558166,0.038212523,2.0444062e-05,0.00096568564,0.1938442,0.27508226,0.018908486,0.235483,0.23098326,0.62862617,0.26822624,0.28109768,0.6576639,0.1891493,0.9868542,0.42815506,0.5413799,0.334008,0.4107901,0.81597465,0.45083573,0.25151142,0.68596613,0.3573796,0.23745109,0.012276328,0.43609142,0.58148015,0.650613,0.4019978,0.6573451,0.59793127,0.0012980155,0.11854004,0.51571196,0.53316015,0.5376098,0.30949065,0.17317235,0.03022445,0.52972156,0.26506194,0.20191927,0.8633211,0.2496934,0.46386367,0.12319833,0.06560887,0.31934705,0.44505635,0.30031624,0.70571834,0.62080085,0.47076812,0.15037765,0.15048797,0.6867581,0.34705403,0.35504302,0.20356847,0.15243684,0.5546654,0.32704324,0.7884292,0.0034139857,0.33559752,0.26759952,0.104892224,0.094155364,0.7831373,0.43061668,0.5530634,0.19196387,0.0001688403,0.28434896,0.41385216,0.056202143,0.14735807,0.566675,0.5397355,0.00485155,0.46285075,0.19722809,0.28346446,0.4536969,0.2837512,0.14729427,0.23672879,0.20052126,0.1762468,0.04011753,0.42320043,9.513547e-06,0.6478702,0.20754331,0.3191216,0.34763595,0.1475339,0.43642497,0.4055662,0.14367554,0.84588194,0.49008128,0.038347118,0.22824335,0.20762992,0.031564422,0.39363667,0.14904402,0.940674,0.38017428,0.112746805,0.041457087,0.22701223,0.33035257,0.31797206,0.09846372,0.117845066,0.046198525,0.21568465,0.17040333,0.7472305,0.010791989,0.8611399,0.6723636,0.79630315,0.36635858,0.4905326,0.14550664,0.12716995,0.5295905,0.1650067,0.28958094,0.083317354,0.11366063,0.53923655,0.4002583,0.5620511,0.85815835,0.6112563,0.10902692,0.44687322,0.17076348,0.23802468,0.16064043,0.4107964,0.819983,0.18658455,0.3244575,0.7554661,0.26938874,0.023593165,0.05769661,0.24989396,0.20926933,0.1612843,0.52940506,0.015506357,0.10559308,0.4682758,0.12287594,0.56777686,0.11216952,0.17170991,0.2664439,0.62386477
BC2026_Train_0018_S22_20211028_234500_40,0.02682155,5.0726426e-06,0.02049697,0.100254685,1.3684045e-08,0.3481594,0.16320112,0.38890904,2.026391e-06,0.602298,0.99939775,0.11684964,0.013412998,5.1574305e-09,2.3098467e-07,6.66536e-05,0.020832114,0.00047413344,0.0070290444,0.11624133,0.392136,6.778969e-08,0.19003806,1.501857e-05,0.00086923974,2.3239212e-05,1.2683251e-09,0.37190056,0.0001739092,0.096126705,3.0498442e-05,4.1929493e-06,1.9637803e-06,8.8679843e-07,1.8745438e-07,2.8657226e-08,8.855772e-08,4.1511616e-06,4.327973e-05,6.645776e-08,4.372573e-06,1.5348205e-05,7.077889e-07,4.991812e-06,6.018737e-06,6.018737e-06,3.2466264e-08,2.0884985e-05,6.823027e-12,1.8915869e-05,2.8133522e-08,2.623794e-08,2.623794e-08,4.3264553e-08,3.5727997e-08,4.1819998e-08,0.0019926447,0.0040909043,5.1042774e-05,0.09048146,0.0058098207,0.000534522,3.4702607e-05,0.02946352,1.0079039e-05,1.912223e-08,2.0278222e-07,0.00256919,0.0020613377,0.035389677,2.030966e-05,0.0009150768,0.1805002,0.2613309,0.009472666,0.18614948,0.2549054,0.63773924,0.25354847,0.3228432,0.67175347,0.14549834,0.97806144,0.31040478,0.49425197,0.3979494,0.45675522,0.801737,0.49752954,0.2978301,0.6462022,0.35123628,0.24062504,0.0129969455,0.40839273,0.5738394,0.69570524,0.51152754,0.66929924,0.6171631,0.0010280195,0.1249662,0.49415022,0.6088637,0.6088086,0.3553508,0.16957027,0.033568688,0.5097155,0.24028112,0.23544319,0.7804054,0.2281782,0.38634044,0.15090057,0.067445844,0.31023294,0.4358639,0.31037712,0.71992314,0.72365665,0.55309373,0.13768226,0.11756399,0.62018454,0.3356172,0.33251777,0.18536343,0.16871074,0.64188683,0.3830212,0.7494381,0.003343913,0.25088146,0.31865653,0.112786524,0.11429806,0.8451585,0.43833122,0.5528713,0.19270988,0.0001442495,0.24017349,0.32923782,0.05483951,0.20712994,0.42183438,0.48609057,0.007500686,0.41041252,0.20533653,0.2230999,0.39459813,0.2902948,0.15069798,0.28435737,0.25958052,0.15417694,0.027255362,0.41842967,4.017236e-06,0.52991897,0.21737212,0.3116898,0.25332192,0.106260985,0.39132318,0.47241002,0.12530358,0.8314214,0.46159378,0.032743752,0.20842004,0.15190311,0.023684518,0.34360862,0.123949304,0.93332666,0.24960348,0.13340329,0.039431736,0.21268782,0.32116026,0.29193836,0.115658425,0.1322447,0.042703424,0.2214775,0.21751074,0.7314951,0.012596088,0.86116874,0.5946793,0.761149,0.42459446,0.48115835,0.15358776,0.14444755,0.50762695,0.20957243,0.27951363,0.06598118,0.10995412,0.5641663,0.39391655,0.5433369,0.85973954,0.63552296,0.1071073,0.4102424,0.22826062,0.24588157,0.23283836,0.42857742,0.89569795,0.11790135,0.29385394,0.7870943,0.26949218,0.028194297,0.06449119,0.27369833,0.16539583,0.14708571,0.3691344,0.012113577,0.091813296,0.47302806,0.13871518,0.539736,0.11394269,0.19641335,0.27763844,0.65333754
BC2026_Train_0018_S22_20211028_234500_45,0.0560826,4.9063615e-06,0.018572947,0.08141752,1.3943013e-08,0.2598407,0.16363676,0.3905416,1.6954409e-06,0.59105027,0.9995795,0.07958021,0.011313312,5.181697e-09,2.026756e-07,6.423533e-05,0.0143056335,0.00047764424,0.0055487314,0.07656955,0.28124934,1.3617284e-07,0.12723517,4.826164e-05,0.0006435986,2.4493349e-05,1.627507e-09,0.36512095,0.000101511316,0.07064324,5.9547325e-05,4.290661e-06,2.3963482e-06,1.6416855e-06,1.921067e-07,2.002057e-08,6.416831e-08,5.2798796e-06,4.658028e-05,4.9216617e-08,4.5288934e-06,2.0596315e-05,9.119856e-07,4.5450934e-06,6.440072e-06,6.440072e-06,2.4234105e-08,2.7439042e-05,6.3391913e-12,2.2599766e-05,2.1067695e-08,1.8786388e-08,1.8786388e-08,3.4325033e-08,2.6219285e-08,3.1562195e-08,0.001982845,0.0005464595,5.696517e-05,0.08010838,0.0047071716,0.0005403646,2.8034872e-05,0.023428002,6.0251596e-06,1.9699733e-08,2.2925468e-07,0.001907654,0.001659928,0.032802816,2.0134858e-05,0.00086350564,0.19036156,0.27197745,0.025005499,0.2770914,0.28072765,0.66650367,0.28668278,0.35279045,0.6481215,0.20259763,0.9886062,0.30176824,0.54977125,0.410702,0.45731348,0.61313933,0.43798912,0.36544508,0.6309219,0.3850367,0.29574037,0.027271349,0.1155946,0.6072697,0.7831681,0.50891536,0.45977893,0.3853862,0.0009492927,0.16767491,0.5727143,0.73662424,0.6213889,0.34329534,0.15202673,0.030572811,0.5020399,0.36845475,0.254552,0.838088,0.22416148,0.3587242,0.1672947,0.056870636,0.42668745,0.47896641,0.3362916,0.77005523,0.67828,0.4478126,0.17456649,0.13623682,0.7661479,0.42498517,0.40115482,0.2251754,0.17134814,0.631981,0.410021,0.6794828,0.0031172675,0.29285365,0.3045107,0.16042595,0.085838445,0.89222354,0.50393975,0.59596026,0.19782318,2.6249618e-05,0.32151857,0.35432282,0.06142413,0.226023,0.70197606,0.5761941,0.020570083,0.43649602,0.30584174,0.2556317,0.44542468,0.26069137,0.17488982,0.32519296,0.21186501,0.16148473,0.04819187,0.3663505,4.2537317e-06,0.45527598,0.27972373,0.3802191,0.3821165,0.11306444,0.48099655,0.5089926,0.1762822,0.8959418,0.51952523,0.029742274,0.29716167,0.18396562,0.034632586,0.47242466,0.14575237,0.6748461,0.29905948,0.10825974,0.08793504,0.14595757,0.3016734,0.29762626,0.11078729,0.13672036,0.038205773,0.32137555,0.20255229,0.7212473,0.021335293,0.91118324,0.3455713,0.7510056,0.46592858,0.44981703,0.12972257,0.18025525,0.5393734,0.37955514,0.41669074,0.07611484,0.13018064,0.6007234,0.44636637,0.54211277,0.6661582,0.6051957,0.12837875,0.34346256,0.1896039,0.24834312,0.23101039,0.51887614,0.82470775,0.14743377,0.41057903,0.7572566,0.2385778,0.017795416,0.089167066,0.21213599,0.25728506,0.1762017,0.30011111,0.017363042,0.16353479,0.6120446,0.1534858,0.5901407,0.11572447,0.1976269,0.3142795,0.7491591
BC2026_Train_0018_S22_20211028_234500_50,0.028453777,4.702371e-06,0.023327742,0.1168583,1.35124125e-08,0.25699288,0.14037809,0.32435736,1.2978389e-06,0.6659799,0.9994286,0.13968763,0.011761771,4.4778683e-09,1.8160115e-07,7.039091e-05,0.0163709,0.0004691281,0.0055888165,0.09107779,0.34781417,1.3216429e-07,0.11198647,2.070878e-05,0.0005691425,2.292032e-05,1.4973264e-09,0.30887347,7.295588e-05,0.09667403,5.687376e-05,4.3323985e-06,2.4793912e-06,1.783077e-06,1.913277e-07,2.195424e-08,7.5663976e-08,5.303252e-06,4.836413e-05,5.284167e-08,4.4208086e-06,2.1948348e-05,9.252403e-07,4.538734e-06,8.20158e-06,8.20158e-06,2.6375545e-08,2.7563643e-05,6.9079616e-12,2.1050573e-05,2.2628647e-08,2.0445661e-08,2.0445661e-08,3.764894e-08,2.8614425e-08,3.0181532e-08,0.0019793715,0.00054409116,6.392246e-05,0.08721496,0.0051413714,0.0005831233,4.151756e-05,0.024142897,8.11196e-06,1.515886e-08,2.50171e-07,0.0018541339,0.0015381115,0.04296354,2.014481e-05,0.0008143587,0.14000247,0.300368,0.029537104,0.28108177,0.23239535,0.6629908,0.243487,0.31408316,0.73805857,0.177761,0.98498887,0.23803717,0.536172,0.3071269,0.34889635,0.5623436,0.43421063,0.26510227,0.58272445,0.2736893,0.20357461,0.018486254,0.07808947,0.59822,0.8089306,0.33043745,0.48410568,0.42570063,0.0012610562,0.1682194,0.52658486,0.60113907,0.5746192,0.3227169,0.19475166,0.031110417,0.46720877,0.2781872,0.25143218,0.82872593,0.15345925,0.34158713,0.14154315,0.047562666,0.33822232,0.5231011,0.31924856,0.75722843,0.6721367,0.49689215,0.14146559,0.12182527,0.68115485,0.47322705,0.32716057,0.19431819,0.14790896,0.6599507,0.39410946,0.6253678,0.004715798,0.26248094,0.33386174,0.13695538,0.09629111,0.8846166,0.52341074,0.58588487,0.19524096,2.7436461e-05,0.28542987,0.32148296,0.072815605,0.17844263,0.49018335,0.6081799,0.017802674,0.4070367,0.28142926,0.1764148,0.5026109,0.22713731,0.16156787,0.33094454,0.23324113,0.17792828,0.034755647,0.3469645,8.324235e-06,0.50082254,0.23156492,0.33233228,0.33104634,0.11710823,0.4252267,0.48046628,0.137352,0.8820126,0.5578017,0.03757766,0.24546187,0.20778258,0.0473493,0.40517017,0.18258779,0.5759469,0.287021,0.10886391,0.066353336,0.1095396,0.32286936,0.3276691,0.13167153,0.1247888,0.040317994,0.27566418,0.21632306,0.7489432,0.016590953,0.9009068,0.32627788,0.7687627,0.445014,0.5532695,0.14455779,0.16844274,0.55715555,0.29357144,0.29275343,0.07426447,0.1478666,0.6011297,0.3879922,0.5694969,0.6158727,0.60234416,0.1244683,0.28050086,0.23179236,0.22405607,0.2519431,0.4028451,0.86061233,0.19090675,0.33519968,0.80839205,0.24552353,0.02111792,0.06922154,0.19689263,0.2437122,0.1832396,0.33387905,0.016751599,0.14654677,0.5230338,0.14413625,0.54980016,0.07698659,0.20519495,0.26296514,0.62924755
BC2026_Train_0018_S22_20211028_234500_55,0.046452705,5.440145e-06,0.021399,0.094881006,1.3842188e-08,0.32173723,0.13675469,0.35696045,1.3353684e-06,0.57385355,0.9993922,0.13710079,0.015185419,4.6895066e-09,1.8737305e-07,7.859033e-05,0.021654915,0.0004844188,0.00388639,0.0837161,0.25601095,1.2823403e-07,0.087629735,2.1916434e-05,0.0005425143,2.3694518e-05,1.071027e-09,0.34182784,8.338447e-05,0.10388418,4.1203308e-05,3.3748315e-06,2.5184638e-06,1.2889484e-06,1.934764e-07,1.7332612e-08,5.6267087e-08,4.5232873e-06,4.079611e-05,4.2896488e-08,4.05079e-06,1.850668e-05,8.3187183e-07,3.6936274e-06,5.5950995e-06,5.5950995e-06,2.1483242e-08,2.4451458e-05,5.8988647e-12,1.7253398e-05,1.7470839e-08,1.6075015e-08,1.6075015e-08,3.0586104e-08,2.2170417e-08,3.2323673e-08,0.0019828056,0.00055383536,6.131315e-05,0.085806526,0.0058199572,0.00058233767,2.9858167e-05,0.020043058,6.8383174e-06,3.6925485e-08,2.5909657e-07,0.003310617,0.0025855138,0.035898067,2.0094505e-05,0.0007876009,0.12980637,0.28749728,0.017485017,0.29492518,0.21974516,0.63907254,0.2707278,0.3064148,0.64409876,0.17771053,0.98219013,0.3054976,0.48976886,0.3535324,0.318896,0.60915446,0.37929508,0.41197827,0.55963254,0.22199465,0.13137843,0.016412975,0.11171182,0.54483855,0.80789644,0.43921778,0.49544612,0.3568604,0.00085923355,0.17050877,0.54900116,0.6472541,0.53998905,0.35732657,0.21838106,0.031626537,0.5497539,0.34321967,0.20412219,0.83717376,0.1418695,0.3485146,0.13717557,0.038628288,0.42399967,0.47091132,0.34327668,0.7642636,0.69481236,0.44428462,0.16649437,0.13655154,0.73013675,0.35906392,0.3511968,0.18998146,0.18667796,0.5343957,0.43217194,0.69057655,0.0041639116,0.24753687,0.27211466,0.1240598,0.12975107,0.9275766,0.5484082,0.67637575,0.14043418,2.5396153e-05,0.24803573,0.28337753,0.0759713,0.21257484,0.5170373,0.60850537,0.012133449,0.40884358,0.27511624,0.18974845,0.46940923,0.2273086,0.16892102,0.31683135,0.16357936,0.1869934,0.042558435,0.3903996,1.9603124e-06,0.5345551,0.27488914,0.3501057,0.32268363,0.09713417,0.49596438,0.43567604,0.117053285,0.8579754,0.5538154,0.037120372,0.2931967,0.1590211,0.018526262,0.35078204,0.11041268,0.66026706,0.23866463,0.11460185,0.051816825,0.12026127,0.2944735,0.28324,0.13232912,0.12970713,0.037885886,0.22945777,0.19814928,0.7282137,0.017847655,0.9407803,0.37060106,0.7131786,0.4369547,0.5013801,0.13710506,0.17033784,0.47109795,0.23239617,0.29214215,0.087380596,0.12345496,0.5873081,0.3867693,0.5067086,0.6723993,0.65080065,0.115864396,0.2834349,0.18652031,0.17721212,0.19894873,0.46857285,0.94805807,0.08692173,0.34491733,0.78693175,0.20461921,0.016292244,0.07144884,0.21407916,0.26886538,0.18347631,0.36325884,0.011998014,0.16265364,0.51831925,0.18035077,0.49277958,0.087763585,0.16225125,0.25161377,0.58632714
BC2026_Train_0018_S22_20211028_234500_60,0.03793265,3.6991646e-06,0.022328822,0.08358378,1.3727983e-08,0.32519013,0.1672003,0.33213744,1.6365909e-06,0.52694714,0.9987307,0.10995015,0.015363239,5.443944e-09,2.3275805e-07,5.667101e-05,0.012463278,0.00050749216,0.00414874,0.11530759,0.3894291,7.063758e-08,0.1495479,2.090175e-05,0.0005772902,2.2975137e-05,9.747901e-10,0.36110753,0.0001454892,0.10423617,2.744869e-05,3.4521008e-06,2.2873621e-06,9.1868674e-07,1.8866216e-07,2.0821936e-08,6.716798e-08,3.3573363e-06,3.9095252e-05,4.7494854e-08,3.8235908e-06,1.8551182e-05,7.1621093e-07,4.130283e-06,4.895947e-06,4.895947e-06,2.198587e-08,1.8705588e-05,5.324314e-12,1.5754946e-05,1.925371e-08,1.7511045e-08,1.7511045e-08,3.6747082e-08,2.4022944e-08,3.5610103e-08,0.002001433,0.0035609447,5.6834517e-05,0.0747262,0.0061752037,0.0005343534,5.2625535e-05,0.015929779,1.06057905e-05,1.12831025e-08,2.1102905e-07,0.0020385622,0.0016732428,0.032905336,2.0263245e-05,0.0010175626,0.16241644,0.35968104,0.013005738,0.3681521,0.24303597,0.598178,0.367905,0.2756726,0.593033,0.15579863,0.95793873,0.2911895,0.41737014,0.38889065,0.3481077,0.7566124,0.40272102,0.22957937,0.6365523,0.39763632,0.37445036,0.012870289,0.46298182,0.593806,0.6671652,0.44308797,0.5034524,0.5546067,0.0009437976,0.17954516,0.5416178,0.5673574,0.6116276,0.31633362,0.15435807,0.027322702,0.45527375,0.26471645,0.20258513,0.7912762,0.22405113,0.4476685,0.12104596,0.061314218,0.2993044,0.5603071,0.32741135,0.6931453,0.71628445,0.51830506,0.17016138,0.10261765,0.76667035,0.37114057,0.4024599,0.19033803,0.15660529,0.63830566,0.4304122,0.7590845,0.0027218736,0.25611177,0.24355634,0.12592556,0.11859601,0.8287617,0.42699635,0.7192853,0.12166438,0.00012139888,0.24593489,0.37819898,0.058560893,0.19017245,0.47959986,0.5474892,0.005445342,0.41649264,0.20548022,0.22508173,0.49834916,0.29042915,0.15640095,0.22138874,0.24325474,0.17180139,0.07316932,0.4532128,7.125897e-06,0.62943965,0.22039352,0.27230373,0.2952363,0.10109963,0.36974314,0.41037226,0.14444807,0.87816685,0.38263258,0.03181034,0.24642415,0.17737691,0.030948812,0.4313297,0.10149829,0.93402284,0.21315888,0.1569919,0.040821698,0.18888247,0.29845262,0.28261253,0.09130132,0.17177492,0.046076275,0.240142,0.16674659,0.759839,0.012446069,0.8487394,0.73343444,0.7661245,0.38864607,0.4498597,0.12558466,0.1264015,0.4909643,0.25357893,0.29566193,0.09082535,0.11377009,0.5614968,0.41840923,0.5359231,0.88230497,0.6444002,0.112557456,0.41327286,0.25414288,0.28009012,0.15831134,0.37408262,0.81959885,0.14375839,0.28459385,0.74686325,0.25116152,0.018795459,0.05616087,0.22256616,0.2706559,0.18820757,0.58413017,0.010345212,0.11590505,0.46623844,0.13624483,0.53712904,0.12165339,0.183949,0.2824375,0.6608137
BC2026_Train_0019_S22_20211104_200000_5,0.008717787,1.0492356e-05,0.021814736,0.0037102033,1.5831384e-08,0.27650806,0.03732563,0.34632686,0.00016590525,2.4092227e-05,0.9872891,0.03865035,0.014570858,4.3132364e-09,1.3545768e-07,0.008431751,0.09697872,0.00028719092,0.0005700054,0.111325,0.74794525,1.3008287e-05,0.35626438,1.2915788e-05,0.013957364,2.0274714e-05,1.0603187e-08,0.38607678,0.0003240549,0.15895651,6.7596793e-06,2.1424387e-06,9.546262e-07,6.0120726e-07,1.6051138e-07,7.672851e-09,2.2956685e-08,1.0138085e-06,4.199648e-06,1.5285135e-08,6.841841e-07,4.3469004e-06,3.2114812e-07,1.9014079e-06,1.2366327e-06,1.2366327e-06,6.978646e-09,4.3659093e-06,3.854393e-12,1.91015e-06,7.2375745e-09,6.254275e-09,6.254275e-09,9.392525e-09,8.921132e-09,2.1127132e-08,0.0019067748,0.000112664056,8.760011e-05,0.078031056,0.006930054,0.005103843,7.089936e-06,0.9989395,5.0506962e-05,3.508367e-09,2.981013e-07,0.0018066934,0.00076467125,0.0024933028,1.9687708e-05,0.00061531,0.15025945,0.28569436,0.0030367337,0.148713,0.2299612,0.7092851,0.37236708,0.24178638,0.74771774,0.13516937,0.9173145,0.18302932,0.3291656,0.29825824,0.26729172,0.5154028,0.56142104,0.62255186,0.5017758,0.58237016,0.37060383,0.011294084,0.15064082,0.55230147,0.7625202,0.005870425,0.71530503,0.18492047,0.00053980947,0.39526433,0.70648426,0.12469598,0.56463844,0.2470701,0.12827983,0.03935033,0.6196715,0.2581518,0.3545669,0.7663644,0.33062786,0.8203822,0.9668865,0.070275046,0.1150142,0.22505464,0.22106872,0.8810086,0.6033725,0.5247828,0.508206,0.048461005,0.67308235,0.57667744,0.194031,0.29145616,0.13697748,0.29037395,0.5133624,0.6725729,0.0007277319,0.20380288,0.32782885,0.23938054,0.035097543,0.7300911,0.62532794,0.021654554,0.10418176,3.2882625e-05,0.49743003,0.4503117,0.024806881,0.08578117,0.38398775,0.4172604,0.0049588457,0.26534525,0.27454695,0.12923123,0.4515312,0.3001138,0.21041898,0.35020477,0.1367665,0.15664266,0.0050007165,0.56160176,3.4082996e-06,0.3863597,0.17532404,0.5501945,0.27701637,0.01446525,0.31182346,0.31120095,0.4392275,0.8016282,0.31086186,0.056113966,0.23341481,0.48129907,0.0096797785,0.45113432,0.3901399,0.2153485,0.3949963,0.16248946,0.099334255,0.046203226,0.31387398,0.2793098,0.25262296,0.67759377,0.04948028,0.24701755,0.13806869,0.66129,0.16008541,0.88783026,0.2647609,0.746677,0.5566538,0.5949625,0.2520691,0.16481087,0.33949292,0.12890711,0.1561059,0.516797,0.21850926,0.31273454,0.30006805,0.47728682,0.054293953,0.5526325,0.16862865,0.20149595,0.31942472,0.11770361,0.14668968,0.5894736,0.09881329,0.1681537,0.16257384,0.68070287,0.24762793,0.08439474,0.03744877,0.22377346,0.11522973,0.12114679,0.10887589,0.02020814,0.14799808,0.41790962,0.108849965,0.50412756,0.06107388,0.22169667,0.4139764,0.71088576
BC2026_Train_0019_S22_20211104_200000_10,0.0077202707,1.1801701e-05,0.02385163,0.0044922754,1.5807307e-08,0.2333483,0.028774867,0.38529274,0.0001990168,1.3845424e-05,0.98290414,0.041707773,0.012431009,4.1218344e-09,1.2368037e-07,0.011056365,0.11927771,0.00028844626,0.00084799045,0.107270695,0.8059579,1.6731894e-05,0.3527698,1.0612858e-05,0.013273222,1.881353e-05,6.9010664e-09,0.33108136,0.00026974457,0.16719167,6.4665114e-06,2.1589383e-06,6.4051835e-07,5.1002326e-07,1.6201356e-07,7.8669355e-09,2.3567267e-08,9.052943e-07,4.248209e-06,1.5993654e-08,6.259162e-07,3.9238103e-06,3.284587e-07,1.8521914e-06,1.1029114e-06,1.1029114e-06,7.052065e-09,3.34631e-06,3.985884e-12,1.7911227e-06,7.686923e-09,6.660006e-09,6.660006e-09,9.631076e-09,9.222089e-09,2.333278e-08,0.0019027243,0.00017166126,7.678204e-05,0.09836956,0.0076302583,0.004723219,7.873929e-06,0.9995861,8.166696e-05,3.7708077e-09,2.2211088e-07,0.001562048,0.00074098405,0.00219862,1.9667646e-05,0.0005955254,0.14404935,0.22079591,0.002343982,0.14069271,0.23010063,0.625868,0.3073314,0.25521722,0.72144026,0.12460013,0.8812721,0.25298968,0.26519582,0.36084843,0.26682657,0.5577318,0.52620375,0.66010207,0.47093043,0.55773413,0.41255718,0.013809882,0.13816153,0.5210749,0.7672178,0.007419154,0.784824,0.22124778,0.0005307017,0.31354007,0.58225614,0.11327763,0.5473184,0.27038622,0.1249873,0.043305114,0.6522963,0.24568744,0.3940284,0.76484287,0.36377952,0.78444093,0.97559917,0.05865152,0.11796989,0.16541803,0.26496312,0.8587251,0.58196837,0.46992052,0.37050584,0.055769246,0.69791746,0.52157456,0.19356431,0.20592466,0.14697382,0.25735044,0.41858193,0.6525318,0.00083242095,0.18583229,0.29444543,0.29094592,0.025220888,0.71882546,0.53757584,0.019211894,0.09371466,6.979557e-05,0.5160555,0.41242662,0.020192547,0.09978736,0.5045814,0.34582847,0.0057729115,0.32833555,0.34645984,0.13134623,0.40707535,0.32964948,0.19570945,0.39209107,0.14378664,0.13268903,0.0049620033,0.64222324,4.980788e-06,0.38949952,0.17838627,0.52687454,0.2687621,0.01455481,0.3075344,0.32387906,0.46260932,0.7675235,0.29279596,0.0828378,0.24679145,0.5080593,0.014261792,0.4920031,0.35220438,0.21384792,0.34041566,0.15831363,0.092187084,0.04485741,0.2887721,0.28889257,0.27174354,0.7037364,0.050238892,0.24802853,0.20189022,0.6348824,0.15845087,0.86210686,0.26764628,0.6522942,0.45343322,0.5244107,0.2515791,0.17935017,0.2913013,0.12448558,0.16213745,0.42898554,0.234476,0.35238525,0.34414673,0.4617799,0.06824244,0.6276667,0.14796272,0.20338982,0.22092064,0.106896825,0.11484103,0.59966254,0.1013634,0.08351783,0.20665532,0.64278,0.24221529,0.082099386,0.046221983,0.18277174,0.11383435,0.106686234,0.12043307,0.012912743,0.14819616,0.44876528,0.11941322,0.5008361,0.07388995,0.27315432,0.387526,0.5985424
BC2026_Train_0019_S22_20211104_200000_15,0.005520394,1.2593898e-05,0.030916132,0.0062737674,1.5668807e-08,0.30429122,0.029271144,0.32858458,0.00017200879,1.84925e-05,0.9900739,0.06130574,0.011973309,3.7316745e-09,1.4191413e-07,0.013752253,0.08306704,0.00029073027,0.0006911375,0.090696104,0.7553516,1.6364074e-05,0.30969185,1.9779221e-05,0.014823981,2.0868698e-05,1.680617e-08,0.35341367,0.00033794454,0.19580245,9.46048e-06,2.7989427e-06,9.873879e-07,6.0818365e-07,1.6239665e-07,9.3145305e-09,2.6998045e-08,1.015318e-06,5.4476022e-06,1.8499843e-08,7.9369653e-07,4.9693035e-06,4.1438318e-07,2.5006213e-06,1.5490408e-06,1.5490408e-06,8.178431e-09,6.0354632e-06,3.815368e-12,2.1877117e-06,8.930906e-09,7.563425e-09,7.563425e-09,1.1337595e-08,1.0284139e-08,2.712966e-08,0.001911086,0.00018616043,6.819379e-05,0.07812,0.008490064,0.0038309887,1.730528e-05,0.99874055,6.0532868e-05,4.415131e-09,2.764811e-07,0.0015934884,0.00080410065,0.0023266878,1.9648214e-05,0.00068951317,0.18106747,0.28956932,0.0036870877,0.14364715,0.24337973,0.65080196,0.31761843,0.2322429,0.79266155,0.14557885,0.90985256,0.19342394,0.30849427,0.32120252,0.3189653,0.52341527,0.59643996,0.70729893,0.45380133,0.6388164,0.41339716,0.01228061,0.15638885,0.47257385,0.76156354,0.0078582065,0.8126274,0.2535328,0.0006331961,0.2753282,0.66419774,0.19527413,0.5114928,0.2549731,0.15311927,0.061058506,0.6716655,0.25823864,0.3680945,0.75878257,0.3606808,0.807997,0.97416514,0.094245866,0.1602847,0.1773366,0.25864837,0.84527415,0.5631539,0.5723136,0.5962954,0.07965134,0.697607,0.5348777,0.19365926,0.26977083,0.14695299,0.32926318,0.55381703,0.6356874,0.00087960484,0.30049348,0.33369306,0.2999147,0.036487553,0.72852635,0.6770589,0.028876742,0.10065077,8.66316e-05,0.6399937,0.60219413,0.035373863,0.12468216,0.544557,0.20300607,0.0054864357,0.26174724,0.41240314,0.12807451,0.5216553,0.21296273,0.22488832,0.4740386,0.15528417,0.25280222,0.0043914234,0.57660955,5.0239673e-06,0.36579406,0.16121097,0.507738,0.3059642,0.022647344,0.24358727,0.34108022,0.4145694,0.8171859,0.3110695,0.06632575,0.33685327,0.5971715,0.011728379,0.55357987,0.34154078,0.21469322,0.48543668,0.17951338,0.061991658,0.055774584,0.32105485,0.30947554,0.30852804,0.6789246,0.057968017,0.30393913,0.1901878,0.53062594,0.2728015,0.86794937,0.2237501,0.64513654,0.7427542,0.7705963,0.36299178,0.19560157,0.32342592,0.16032566,0.19337435,0.60894465,0.2703517,0.34781298,0.3261205,0.5154804,0.05723452,0.57488215,0.19931222,0.20593831,0.26027933,0.16696319,0.11067885,0.6059197,0.11814312,0.08271342,0.18700972,0.6735356,0.2629651,0.09383265,0.05071933,0.3055357,0.12481135,0.10607881,0.071628466,0.027774295,0.1686958,0.56409717,0.14951813,0.5958432,0.07397699,0.25022772,0.53780913,0.7988798
BC2026_Train_0019_S22_20211104_200000_20,0.005176576,1.633301e-05,0.026646143,0.004770111,1.6470377e-08,0.2656328,0.027557068,0.32192126,0.00028753077,2.3898103e-05,0.97644895,0.046238508,0.011566233,3.6052723e-09,1.2285864e-07,0.02018671,0.11027724,0.0002869231,0.00060425367,0.08599226,0.81897414,1.5359354e-05,0.3583507,1.997928e-05,0.016968478,1.8044533e-05,1.4803804e-08,0.38207975,0.0007496286,0.28159228,6.5133204e-06,3.2369344e-06,8.745354e-07,7.0595144e-07,1.6027785e-07,9.700563e-09,2.8006106e-08,1.1631466e-06,5.3596464e-06,1.8412676e-08,7.6683705e-07,4.632651e-06,3.8870172e-07,2.821794e-06,1.6119719e-06,1.6119719e-06,8.258682e-09,4.9242462e-06,4.3874977e-12,2.1914889e-06,8.32969e-09,7.190671e-09,7.190671e-09,1.0590879e-08,1.0580776e-08,2.5345352e-08,0.0019015651,9.164368e-05,7.328643e-05,0.107388064,0.008436408,0.005754736,6.3973816e-06,0.9995279,8.094181e-05,5.7650285e-09,2.5922876e-07,0.0019619504,0.0007442131,0.004949548,1.9627716e-05,0.0005497383,0.19743831,0.32425028,0.0033295106,0.10190721,0.22784956,0.6871047,0.3042903,0.25916898,0.67983663,0.13696775,0.9024483,0.24599476,0.28581855,0.33432037,0.29018453,0.55372655,0.5089848,0.6785947,0.4975468,0.7559467,0.43135008,0.014897541,0.1620928,0.46540815,0.71153826,0.0075206086,0.7297425,0.1821768,0.0005849163,0.23650499,0.6402057,0.14062081,0.51125145,0.2880953,0.12569036,0.046212517,0.6659645,0.2635807,0.38417703,0.8364153,0.41208956,0.7084758,0.9733553,0.06932774,0.12930982,0.1398219,0.22036159,0.85477376,0.6140916,0.5611369,0.3816209,0.06730675,0.69271743,0.38057044,0.18038596,0.29687804,0.14605385,0.30394137,0.5210441,0.6349871,0.0012340823,0.2152855,0.30719474,0.33574095,0.03347983,0.74724525,0.67012304,0.024240043,0.11040237,6.438504e-05,0.5397558,0.4615813,0.046560593,0.11588053,0.60619044,0.27645457,0.0060059763,0.29359996,0.34086865,0.09808396,0.50579995,0.22321846,0.26435012,0.33886912,0.12833168,0.14446469,0.0051025646,0.60824436,3.7333473e-06,0.34558368,0.16519505,0.5510778,0.34763205,0.02395076,0.29680452,0.27106422,0.42021257,0.8384947,0.29758772,0.06620135,0.22098117,0.45173484,0.008978878,0.41238683,0.28258637,0.23380072,0.33823055,0.26924962,0.09529648,0.03688737,0.3425071,0.27911708,0.24118352,0.66375,0.05745266,0.32620215,0.1330684,0.54460615,0.17963462,0.8927338,0.2380195,0.6993617,0.59981126,0.502339,0.350448,0.18160212,0.3084788,0.13108148,0.19558837,0.45640483,0.22637871,0.40143356,0.37118065,0.5145766,0.055123936,0.62027967,0.2315392,0.17174114,0.25128752,0.16513917,0.15200365,0.59940225,0.076537475,0.090680316,0.18842305,0.6571714,0.21055788,0.06490003,0.047728833,0.23648316,0.116263546,0.08943153,0.09921763,0.030079812,0.19212098,0.4774999,0.1386948,0.5699225,0.07470388,0.17550243,0.4375831,0.6717056
BC2026_Train_0019_S22_20211104_200000_25,0.006049975,1.0918797e-05,0.019874973,0.0047213426,1.6260195e-08,0.26314458,0.038088843,0.4191743,0.00019465045,3.6677997e-05,0.99287987,0.045131225,0.0149925165,3.8216714e-09,1.18960536e-07,0.010887774,0.110875994,0.00031674566,0.00042904497,0.10336729,0.7397167,1.4074663e-05,0.38922134,2.515377e-05,0.018762538,2.0866892e-05,1.3353468e-08,0.34975824,0.00023450957,0.2634456,6.9430466e-06,2.6793432e-06,6.635925e-07,6.217112e-07,1.6392363e-07,8.636363e-09,2.7368808e-08,1.0802127e-06,4.7347344e-06,1.7023273e-08,8.099993e-07,4.035999e-06,4.088553e-07,2.3710897e-06,1.3582159e-06,1.3582159e-06,7.996628e-09,4.078521e-06,4.0808737e-12,2.3110624e-06,7.9966895e-09,6.9548816e-09,6.9548816e-09,1.0707067e-08,1.00183275e-08,2.4210308e-08,0.0019004482,0.00012268833,7.138311e-05,0.10725615,0.0069962554,0.006935064,4.605994e-06,0.9995571,5.7509682e-05,5.2862714e-09,2.2992015e-07,0.0019723473,0.00072011177,0.0033572328,1.9587756e-05,0.00060422416,0.18741253,0.26888356,0.0040132813,0.13722825,0.2585592,0.6708291,0.3178521,0.2548288,0.7081903,0.14880897,0.9280662,0.15517145,0.30901507,0.34767383,0.3331762,0.4819682,0.5584871,0.57420456,0.5011505,0.6092471,0.37271583,0.021370849,0.1590018,0.41792235,0.75385827,0.010569524,0.7256005,0.20521617,0.00050751865,0.37469804,0.66477865,0.24904035,0.60079867,0.3118368,0.12655728,0.046649043,0.65114236,0.23026083,0.38441792,0.80337375,0.3895624,0.85405225,0.96980906,0.07004815,0.13007303,0.19911742,0.25279835,0.8693204,0.6502429,0.5306212,0.446569,0.049941152,0.741985,0.53921145,0.18602568,0.23918365,0.1518884,0.2924878,0.48123622,0.6779177,0.0008344345,0.2301147,0.33705103,0.3597157,0.03069777,0.75922674,0.6156748,0.023536362,0.10810398,5.9112037e-05,0.5533435,0.40440217,0.03474792,0.1082376,0.6106549,0.33028376,0.008167094,0.32594317,0.3573531,0.1521422,0.43558398,0.2963682,0.25647014,0.39057535,0.12840869,0.14372857,0.0070135193,0.5454548,4.546913e-06,0.37787676,0.17837591,0.57699835,0.32036513,0.019359326,0.33458805,0.2934871,0.44936052,0.82068646,0.3082027,0.071808286,0.24448882,0.333545,0.010958506,0.5468207,0.31638008,0.24642324,0.2672988,0.22399493,0.10051059,0.04097017,0.3291061,0.25341687,0.3226842,0.62914145,0.050504114,0.2722949,0.165004,0.60331005,0.14788522,0.9003633,0.28562042,0.6374861,0.6221669,0.48749152,0.2259291,0.16593732,0.26675045,0.18217559,0.18156251,0.46971306,0.22346364,0.41193712,0.35677427,0.43482357,0.062295597,0.6175072,0.17918274,0.19286966,0.2744181,0.117849626,0.118314646,0.57175714,0.120940454,0.079536535,0.23208417,0.66313463,0.22516656,0.10933089,0.051895928,0.18601276,0.12517555,0.08095947,0.08982302,0.027724048,0.15631138,0.46002352,0.12127545,0.5100815,0.059000812,0.24275024,0.35849115,0.6981886
BC2026_Train_0019_S22_20211104_200000_30,0.0066446373,9.591762e-06,0.023826795,0.0055243117,1.5245016e-08,0.25594625,0.03008118,0.27775174,0.00013279746,1.6242313e-05,0.9918372,0.050730202,0.011082327,3.5023602e-09,1.2959009e-07,0.010290177,0.18805255,0.00027327743,0.00057495805,0.075861454,0.7136177,9.611391e-06,0.29777274,2.2989723e-05,0.01075387,1.8287421e-05,1.5209146e-08,0.31952864,0.0001747756,0.16470395,6.6425328e-06,2.5014117e-06,6.961124e-07,4.143675e-07,1.6230015e-07,6.771092e-09,2.1134309e-08,9.585478e-07,4.0772884e-06,1.2880855e-08,6.753741e-07,3.5392948e-06,3.2719058e-07,2.2681318e-06,1.3100181e-06,1.3100181e-06,6.082985e-09,4.958777e-06,3.1069158e-12,2.1817766e-06,5.918915e-09,5.273694e-09,5.273694e-09,7.963537e-09,7.536897e-09,2.7353089e-08,0.0019071494,7.337188e-05,9.518089e-05,0.09337065,0.008296563,0.0058671376,3.7056543e-05,0.9994024,3.9092778e-05,4.2991584e-09,2.2120471e-07,0.0017441246,0.0008122461,0.003442659,1.962542e-05,0.000660209,0.19216217,0.37221792,0.0041163084,0.12182269,0.22709899,0.6726217,0.32568613,0.24178047,0.70673364,0.16955496,0.92689836,0.17015474,0.350891,0.29674667,0.29231673,0.48407808,0.56247276,0.6533255,0.41955483,0.5665256,0.3410737,0.011748933,0.2044639,0.50301915,0.70191085,0.0071369307,0.80307084,0.1665987,0.00040952567,0.22786538,0.6917794,0.20752737,0.5662347,0.284475,0.13701504,0.05529384,0.588249,0.23680362,0.3289024,0.75868374,0.43303242,0.75216115,0.9696567,0.049318824,0.17225255,0.19893034,0.32798558,0.8440933,0.6974515,0.5190989,0.4631458,0.06608111,0.73856354,0.53266495,0.17436925,0.24959694,0.13731341,0.51843774,0.432058,0.69130504,0.00077440904,0.2209462,0.37930527,0.32540965,0.023950065,0.70479214,0.62364876,0.019672614,0.1492603,5.5045904e-05,0.5150488,0.43886515,0.037483115,0.093164936,0.4991495,0.2975699,0.0051296502,0.32090077,0.32579568,0.13587655,0.45367998,0.26896754,0.2780991,0.32893464,0.1799208,0.17708068,0.005104093,0.68239117,5.0310314e-06,0.38898188,0.16610555,0.5022682,0.2782987,0.013341984,0.35631,0.34338427,0.35312343,0.82662165,0.30904433,0.06855524,0.2562888,0.48779297,0.014325749,0.5384829,0.4425218,0.23229457,0.25743937,0.25297523,0.07654733,0.038802195,0.29198465,0.23671418,0.36165833,0.6330539,0.0608873,0.25800234,0.21263756,0.6087557,0.1663833,0.89997435,0.2894579,0.6607338,0.49103028,0.55770415,0.19728173,0.15582713,0.33933124,0.16225679,0.17228407,0.3609417,0.2012538,0.33317924,0.34002584,0.46122974,0.074776806,0.6043079,0.19091864,0.18857203,0.33638078,0.17429185,0.12920818,0.60475993,0.13897285,0.08012813,0.1843728,0.67535955,0.23800857,0.061381668,0.04360215,0.17809142,0.14646257,0.10874816,0.09056628,0.029151289,0.15080842,0.551377,0.12290258,0.51435566,0.0636949,0.19603147,0.33981982,0.69531727
BC2026_Train_0019_S22_20211104_200000_35,0.008657218,9.515913e-06,0.030730853,0.0033605385,1.5518136e-08,0.31609267,0.025048973,0.31164548,0.00019456998,2.5085414e-05,0.95978373,0.05677199,0.012787186,3.916367e-09,1.3921138e-07,0.031004546,0.10074453,0.0003172426,0.0008307178,0.09464197,0.73490375,1.4497518e-05,0.35243014,1.27745725e-05,0.015158231,1.5397387e-05,3.0304953e-08,0.29811326,0.00042259562,0.29426777,6.9485654e-06,2.847318e-06,1.2325097e-06,6.1700746e-07,1.5638548e-07,9.900921e-09,2.98929e-08,9.671738e-07,4.959811e-06,1.8032132e-08,7.461863e-07,6.2250406e-06,2.7905486e-07,2.4696842e-06,1.5897443e-06,1.5897443e-06,8.104123e-09,5.7309285e-06,4.0720313e-12,2.4355895e-06,7.922445e-09,6.8214305e-09,6.8214305e-09,9.9142685e-09,1.1513567e-08,2.76068e-08,0.001910402,8.195535e-05,7.9318226e-05,0.11531502,0.010324003,0.0041318038,7.064728e-06,0.99936527,5.7665406e-05,3.7477963e-09,2.4318945e-07,0.0014974171,0.00093901216,0.0042773527,1.9720055e-05,0.0005891083,0.1842167,0.27755156,0.0023681542,0.19622244,0.27534798,0.7199284,0.25821745,0.22105467,0.5702958,0.12397156,0.86505824,0.17699654,0.34649587,0.36379525,0.265637,0.4820895,0.5938584,0.74894685,0.4641901,0.7163133,0.38362905,0.012479297,0.21894623,0.5240945,0.7090741,0.0070290086,0.7543741,0.19225399,0.00043828902,0.27041024,0.58314675,0.10951843,0.5676222,0.23936404,0.15061735,0.03791124,0.60214823,0.17504686,0.3230848,0.6610539,0.36824417,0.65693825,0.9722403,0.075155646,0.113670096,0.18882813,0.21756008,0.82380044,0.7431502,0.53641605,0.43823555,0.059933677,0.7219551,0.43740824,0.16336264,0.3637689,0.143901,0.41096234,0.43419015,0.6554486,0.0011329098,0.21659562,0.3480946,0.33288136,0.043424796,0.67738634,0.66093445,0.03685651,0.1077953,7.8798694e-05,0.47847354,0.48782146,0.030387359,0.08872636,0.4928606,0.25246271,0.0055393805,0.29174322,0.34562168,0.15123528,0.47435394,0.23326127,0.28159532,0.41703597,0.205045,0.15519111,0.0055866814,0.72863036,5.887392e-06,0.37299496,0.18663773,0.4583573,0.30653107,0.019752597,0.34388122,0.302672,0.35625118,0.7829499,0.32856354,0.1207827,0.22883171,0.472604,0.015738295,0.5253618,0.27061653,0.2585497,0.3539595,0.34235048,0.07655935,0.029557202,0.29756057,0.26432684,0.28217483,0.61257905,0.050139636,0.31432074,0.15997587,0.6055122,0.14937042,0.82486385,0.29081964,0.7008095,0.52276963,0.5760087,0.21729204,0.18129478,0.32022586,0.14905243,0.19015782,0.35941315,0.1944047,0.3239075,0.40633103,0.48010692,0.06774182,0.5721634,0.1957649,0.17697956,0.46889317,0.12966734,0.13026023,0.5576334,0.10363045,0.07248865,0.2620917,0.74791855,0.23131222,0.04510078,0.053505633,0.1842139,0.14357099,0.11271372,0.08814934,0.030048138,0.17957954,0.41105902,0.118226446,0.5392692,0.07216227,0.140541,0.38390225,0.6627914
BC2026_Train_0019_S22_20211104_200000_40,0.006436062,1.4000768e-05,0.019051375,0.005373401,1.6662812e-08,0.41871896,0.034773145,0.30548587,0.00025838864,1.8892904e-05,0.9766412,0.03972052,0.015954828,3.8113783e-09,1.3507538e-07,0.03359467,0.12356737,0.00030173495,0.0018804978,0.15136343,0.7927758,1.9529869e-05,0.24520706,2.7843875e-05,0.013222606,2.0141415e-05,5.194998e-08,0.38870618,0.00041762507,0.50240374,7.536654e-06,3.310524e-06,7.326897e-07,7.830925e-07,1.6155545e-07,1.01480335e-08,2.7181311e-08,9.646168e-07,5.8295022e-06,2.0264732e-08,8.385159e-07,4.251453e-06,4.3518313e-07,2.7915344e-06,1.3546718e-06,1.3546718e-06,9.109015e-09,3.9819934e-06,5.088391e-12,1.8655204e-06,9.428918e-09,8.069716e-09,8.069716e-09,1.1922514e-08,1.2090377e-08,2.6144672e-08,0.0019105051,0.000112930786,9.1258524e-05,0.10516095,0.01892362,0.0050639845,1.081182e-05,0.9995323,8.577475e-05,6.8956907e-09,2.725685e-07,0.0020932185,0.0013797801,0.0023202545,1.959923e-05,0.0005548084,0.15416226,0.37177163,0.0049353656,0.28137332,0.29658148,0.66626316,0.27504066,0.30868652,0.66664916,0.14440003,0.8660227,0.19743899,0.37129512,0.35256925,0.2799371,0.47853172,0.53542674,0.6547336,0.3973667,0.5738718,0.31112677,0.018970558,0.13558659,0.6137967,0.71024925,0.015202701,0.53292525,0.17241108,0.0004667376,0.3442791,0.66342974,0.2016362,0.5002097,0.24203804,0.10585914,0.040560964,0.6146121,0.26317498,0.3654934,0.7247128,0.3258393,0.6271986,0.97555214,0.05764483,0.12022349,0.16249698,0.31613526,0.80255544,0.74067366,0.50980896,0.40709317,0.067600094,0.7347735,0.4086002,0.22914779,0.28443134,0.14453194,0.35359558,0.6158468,0.64639026,0.001444959,0.20674771,0.31252927,0.3986091,0.029464338,0.7127814,0.58549803,0.02465688,0.11834446,8.526761e-05,0.51776147,0.4682992,0.065971665,0.0982024,0.4723733,0.24027844,0.00615739,0.32536337,0.31531352,0.15097108,0.4923214,0.23329516,0.29224348,0.34358212,0.15316905,0.12511745,0.004858813,0.60664135,8.534322e-06,0.2941874,0.19085047,0.59296244,0.24192736,0.029467791,0.23224165,0.24692528,0.38879335,0.776694,0.29898164,0.059455063,0.21141101,0.4102745,0.008930634,0.4384679,0.2708084,0.23194735,0.38745558,0.15578309,0.109661125,0.037991133,0.27703777,0.25351295,0.5089666,0.64701104,0.06773036,0.2192847,0.16715837,0.5301673,0.15834466,0.87658143,0.24268799,0.66146594,0.50038135,0.551476,0.22998051,0.17524436,0.402086,0.118042625,0.18124637,0.33103117,0.18973194,0.3795793,0.32487732,0.4915516,0.10966647,0.5977695,0.18659094,0.18021339,0.27014104,0.14980164,0.10378436,0.58265406,0.12137439,0.087241404,0.21484695,0.682827,0.20614249,0.0658715,0.0419347,0.18670546,0.10672629,0.0907201,0.10110185,0.028720383,0.13580127,0.43059626,0.099816695,0.5056901,0.054784685,0.20456895,0.36342415,0.6524913
BC2026_Train_0019_S22_20211104_200000_45,0.004716705,1.578626e-05,0.023600528,0.005745225,1.6442124e-08,0.35005334,0.03529445,0.35611024,0.00037396213,2.4335272e-05,0.9887042,0.058112584,0.011160489,3.7806194e-09,1.3174662e-07,0.019177075,0.14391316,0.00028335638,0.0010044797,0.084936865,0.77482677,1.5313086e-05,0.3104622,1.7642436e-05,0.012933773,1.9547522e-05,3.511804e-08,0.39363986,0.00034922114,0.3924548,8.935915e-06,2.898386e-06,8.49053e-07,8.8827517e-07,1.6284741e-07,1.1045692e-08,3.165499e-08,1.136525e-06,5.482768e-06,2.138349e-08,9.5258366e-07,5.4141656e-06,5.0793665e-07,2.730789e-06,1.4147807e-06,1.4147807e-06,9.883415e-09,5.227797e-06,5.454086e-12,2.398759e-06,1.0152188e-08,8.614035e-09,8.614035e-09,1.3217911e-08,1.2893171e-08,2.3019021e-08,0.001915147,8.9551366e-05,9.482289e-05,0.092686564,0.012452395,0.0055920077,1.3268364e-05,0.99923605,0.00010575772,9.43694e-09,3.0899247e-07,0.0018377682,0.0013247333,0.0046850396,1.9526498e-05,0.000661834,0.1555467,0.28231126,0.0042308476,0.12914485,0.24231566,0.6293015,0.23210216,0.34007555,0.7163062,0.16279343,0.90758514,0.20463301,0.29264903,0.3158199,0.24236059,0.4897257,0.517006,0.46537927,0.5155476,0.5167192,0.39042014,0.021531565,0.15403196,0.5634594,0.6891187,0.022178482,0.55112153,0.2218264,0.00070858264,0.26552975,0.57124585,0.13313504,0.4907346,0.28677675,0.1133959,0.042233426,0.65786296,0.27296996,0.3636143,0.7221088,0.33609384,0.7393549,0.9671182,0.04823682,0.14257213,0.221906,0.23250826,0.86282516,0.6264504,0.5404327,0.3395767,0.05392141,0.6039691,0.4454174,0.19962606,0.2984334,0.1364843,0.36361542,0.55140007,0.64285207,0.0013140304,0.22530793,0.294802,0.46434596,0.04231353,0.71081173,0.61911905,0.028882183,0.09240964,0.00042731714,0.56217235,0.46639946,0.059257425,0.1276969,0.41096428,0.30514133,0.008111536,0.3226318,0.32380727,0.10854105,0.47162512,0.24504381,0.2839892,0.32852295,0.14434661,0.14446352,0.0057987873,0.6265623,9.971616e-06,0.35648808,0.17389719,0.49052697,0.2575708,0.026022302,0.2611483,0.3564642,0.48131981,0.8590164,0.32347155,0.08212344,0.22232908,0.3502546,0.013112137,0.40898085,0.40914297,0.20923229,0.331804,0.17432223,0.06485802,0.03503046,0.33323732,0.30695644,0.3424733,0.7245255,0.059754714,0.22162211,0.13879748,0.5200099,0.18972991,0.87988013,0.3225684,0.66808826,0.51551545,0.5254026,0.24344172,0.15153527,0.3416317,0.18045376,0.18372492,0.26701242,0.22915947,0.37592143,0.2969967,0.5110015,0.062070575,0.6140295,0.22427057,0.21593983,0.36214498,0.15789741,0.14776284,0.5531473,0.14911023,0.07774509,0.18341784,0.70250756,0.21486504,0.07391542,0.0490436,0.19997507,0.09627644,0.10826844,0.08949435,0.030403165,0.1384094,0.4123315,0.1416925,0.5508787,0.05915982,0.21739504,0.39090502,0.6961718
BC2026_Train_0019_S22_20211104_200000_50,0.0050692842,1.4659732e-05,0.017798021,0.0049560396,1.597863e-08,0.2463617,0.032205313,0.29306912,0.00027508778,2.554913e-05,0.95721954,0.044662632,0.012209632,3.7294106e-09,1.2975498e-07,0.027024293,0.13517807,0.00026090562,0.0010767939,0.138689,0.8332177,1.0553601e-05,0.43562376,1.853537e-05,0.015131104,2.027608e-05,1.5628459e-08,0.24275498,0.00022611915,0.2880972,1.1953025e-05,3.3888173e-06,1.0822358e-06,8.623638e-07,1.6196479e-07,9.4087325e-09,2.7349397e-08,1.1144897e-06,6.0661346e-06,1.8626473e-08,9.6457e-07,5.2330815e-06,4.4296982e-07,3.007112e-06,1.5337703e-06,1.5337703e-06,8.124169e-09,6.3974535e-06,3.9281707e-12,2.8295378e-06,8.418541e-09,6.997053e-09,6.997053e-09,1.0955243e-08,1.08299325e-08,2.8159771e-08,0.0019186886,7.511864e-05,0.0001085306,0.10772365,0.012844644,0.008255593,1.1582576e-05,0.99766964,9.421682e-05,5.632278e-09,2.8850783e-07,0.0023366183,0.0010735972,0.0021765763,1.9531053e-05,0.00074471644,0.20621632,0.42076606,0.0028150154,0.1683931,0.23804969,0.6646172,0.19470318,0.26641336,0.67947364,0.12096376,0.88688457,0.17634606,0.29932663,0.38741255,0.27965206,0.6242344,0.55803365,0.4385696,0.54569256,0.52200574,0.3472653,0.034097817,0.15497015,0.5434198,0.7295609,0.009903286,0.57062006,0.22302516,0.00041641225,0.38687873,0.6609373,0.12199618,0.46706775,0.2877136,0.119247325,0.051044833,0.49303907,0.23348995,0.42485657,0.7932372,0.30661148,0.58881813,0.95126593,0.055528652,0.12673713,0.18760484,0.25168717,0.8412363,0.6338684,0.5514423,0.30237144,0.04991763,0.7249303,0.38791627,0.18549857,0.24394241,0.12909977,0.33130032,0.5396735,0.67685914,0.0010648477,0.21624891,0.3127132,0.47637907,0.028376268,0.7647838,0.6049578,0.02822549,0.119598866,9.945574e-05,0.5480924,0.5038665,0.04100466,0.09012126,0.43835145,0.2386361,0.0122457165,0.2469971,0.369722,0.14050692,0.4283448,0.23452502,0.19780982,0.37880528,0.15041228,0.11515885,0.005229077,0.6888828,9.939834e-06,0.32714605,0.16208208,0.5253074,0.24262902,0.026089363,0.30637544,0.28614858,0.36669806,0.77750486,0.30818513,0.061730158,0.21565506,0.40779734,0.011359585,0.53200805,0.43648893,0.2245181,0.26300353,0.15843707,0.055147517,0.033291027,0.28911063,0.20775607,0.45814997,0.7077581,0.05249519,0.27052465,0.19007415,0.6424738,0.12018851,0.9037881,0.21739198,0.6502083,0.5283127,0.5282304,0.25512373,0.17950375,0.34103337,0.14906643,0.1503688,0.50701946,0.16931666,0.42178223,0.30749518,0.50182706,0.09346,0.55024266,0.26227838,0.22110985,0.30747116,0.16870861,0.11116108,0.42957267,0.1262273,0.078988284,0.21703933,0.69935715,0.23134644,0.09146179,0.04681064,0.13877565,0.1261195,0.14817704,0.07591844,0.027822603,0.18324241,0.5132792,0.11144259,0.5256192,0.06946297,0.22358477,0.39474174,0.65393806
BC2026_Train_0019_S22_20211104_200000_55,0.008258884,1.3299512e-05,0.02199651,0.0064764037,1.38911025e-08,0.35874733,0.028132183,0.26012784,9.2582006e-05,3.8195805e-05,0.98987293,0.039310005,0.015218714,3.845293e-09,1.16972494e-07,0.011064876,0.11583462,0.0002749085,0.00048788663,0.08836823,0.56509477,9.488984e-06,0.18166341,3.0639796e-05,0.0096809985,2.1714863e-05,2.2861492e-08,0.38120648,0.00056473206,0.41644642,1.0976803e-05,4.6698706e-06,1.5866858e-06,8.770434e-07,1.6305005e-07,1.0956091e-08,3.1560596e-08,1.6018273e-06,9.2261325e-06,2.296933e-08,1.4800946e-06,6.629648e-06,4.2529425e-07,4.13791e-06,2.4657024e-06,2.4657024e-06,1.0601573e-08,9.737157e-06,5.1111697e-12,3.579432e-06,9.9023785e-09,8.2621865e-09,8.2621865e-09,1.5463666e-08,1.3460713e-08,2.2598767e-08,0.0019232439,4.8777994e-05,8.782188e-05,0.11761907,0.014737261,0.00330134,8.625452e-06,0.5774908,2.911695e-05,7.1416872e-09,3.4686846e-07,0.002101078,0.0013673564,0.0024853281,1.9453002e-05,0.000623559,0.17889166,0.3032488,0.0060089603,0.24870877,0.28176507,0.6262023,0.1891303,0.33393314,0.7861275,0.1549316,0.921301,0.13349463,0.34445256,0.35677996,0.2845962,0.4857943,0.5109774,0.36449566,0.38811,0.5926134,0.21164493,0.016200757,0.13743019,0.6145241,0.77158344,0.017199071,0.5280304,0.24465726,0.0006148941,0.2779975,0.71171963,0.2345403,0.54312205,0.3417889,0.13345954,0.05021849,0.509095,0.28623143,0.2851446,0.8026822,0.2998387,0.5749992,0.45177463,0.042383768,0.19957691,0.28074846,0.28931412,0.857955,0.7874477,0.5563316,0.3699051,0.08530838,0.78899187,0.29530054,0.1701347,0.30465952,0.16064097,0.25270095,0.54515105,0.63554037,0.0012717654,0.22678548,0.37844285,0.20582296,0.055885505,0.8065626,0.56112874,0.040879834,0.12892316,3.4362718e-05,0.38917506,0.36926886,0.08540062,0.12181437,0.57758194,0.3584894,0.007798821,0.30685163,0.4393596,0.114884496,0.48227072,0.24585329,0.24836281,0.44482097,0.19348197,0.14512666,0.006747607,0.563527,4.4692774e-06,0.36186513,0.19013816,0.53548086,0.26298296,0.025776912,0.43321425,0.34920555,0.245956,0.8220272,0.31443518,0.09894927,0.29920456,0.4674309,0.012210651,0.64595515,0.3484814,0.28009742,0.35587314,0.25916603,0.073037945,0.040261723,0.28619528,0.28784794,0.636098,0.3585036,0.03843314,0.2379014,0.20462598,0.46915784,0.11272428,0.8828413,0.28130278,0.72722125,0.6202549,0.6245378,0.22073977,0.18434365,0.30998752,0.18799354,0.16515037,0.3487562,0.18745324,0.368818,0.33292174,0.5177802,0.08603779,0.63378954,0.21458402,0.17491056,0.28624958,0.17771742,0.14417991,0.44707412,0.19478919,0.10882941,0.19314353,0.70552367,0.22141044,0.22756475,0.044771794,0.19984464,0.13739164,0.14467989,0.10336858,0.03930012,0.23129688,0.588814,0.12202322,0.58566946,0.053241763,0.28245488,0.44143036,0.6518986
BC2026_Train_0019_S22_20211104_200000_60,0.008135757,1.7359658e-05,0.022143988,0.0069321543,1.369835e-08,0.34893292,0.032965858,0.33284315,0.00014514072,5.266512e-05,0.9780354,0.07128715,0.013265249,3.8843386e-09,1.2220487e-07,0.009676477,0.085335605,0.00036935133,0.00027757202,0.102424875,0.47788414,1.1580923e-05,0.18523626,6.034417e-05,0.016391868,2.0204936e-05,1.3738929e-08,0.41823784,0.0003885949,0.3693596,1.6578704e-05,4.3282366e-06,2.3367554e-06,1.2973567e-06,1.6163263e-07,1.0327555e-08,2.9755016e-08,2.2773627e-06,1.04251685e-05,2.2030699e-08,1.7971815e-06,1.1378433e-05,5.2033613e-07,4.1104367e-06,2.9195467e-06,2.9195467e-06,1.0284183e-08,1.5767535e-05,5.3389463e-12,6.018474e-06,9.628771e-09,7.828827e-09,7.828827e-09,1.386769e-08,1.2423265e-08,2.0456723e-08,0.0019179166,6.0808994e-05,8.392831e-05,0.08566098,0.00964946,0.0036767216,6.392987e-06,0.46896312,3.598247e-05,1.0110969e-08,4.2217607e-07,0.0020528478,0.0010889793,0.0033448031,1.9482673e-05,0.0005648938,0.17990036,0.28847143,0.0058363588,0.19856867,0.20213991,0.6638568,0.19363827,0.2958625,0.75553876,0.15164757,0.91748893,0.12645726,0.35848594,0.3859433,0.32660934,0.6284155,0.48203275,0.482784,0.46397087,0.6674344,0.16635431,0.013416497,0.10276042,0.57143056,0.7869285,0.027157353,0.44234225,0.19067241,0.0005820688,0.31667206,0.72476023,0.17937768,0.5656913,0.26602152,0.12823565,0.04230519,0.5066964,0.3438119,0.3798046,0.8307623,0.29164624,0.5987111,0.48748618,0.038815003,0.160648,0.21886285,0.32305568,0.87748116,0.6880191,0.5315757,0.3701939,0.08044693,0.7857248,0.3521239,0.19405252,0.2899898,0.16657163,0.31573808,0.493162,0.6178679,0.0014565988,0.21313854,0.3186743,0.22508878,0.03540147,0.78493315,0.53074974,0.04645372,0.09340088,5.6449328e-05,0.42695686,0.38826805,0.064316444,0.10237531,0.5585301,0.3670326,0.008935345,0.32096612,0.42642188,0.13180277,0.508555,0.26826257,0.2425304,0.4004127,0.18841195,0.15726392,0.005944774,0.5358173,3.5964715e-06,0.35478833,0.17464173,0.5477126,0.2767929,0.02413345,0.45217466,0.36482367,0.27189904,0.84824044,0.3156337,0.081526004,0.27141786,0.38541535,0.008952442,0.4903247,0.31839374,0.27175558,0.3417909,0.1994051,0.10507875,0.04427937,0.2882696,0.24573584,0.38999435,0.3274466,0.040332682,0.27076533,0.16249943,0.6303452,0.09907729,0.8918025,0.24458711,0.68456376,0.6362055,0.56720895,0.24434604,0.15803385,0.3162664,0.14427166,0.1903966,0.33414087,0.21236418,0.4310814,0.3721798,0.5094365,0.103441425,0.56628376,0.18424377,0.17594334,0.23809806,0.2005286,0.16299635,0.41433036,0.16809413,0.15100622,0.28607935,0.6466404,0.20935492,0.15268214,0.045611802,0.19747123,0.1422878,0.1235963,0.07301566,0.037360456,0.168973,0.48073345,0.11938155,0.5604508,0.0452103,0.25749502,0.4000298,0.5731698
BC2026_Train_0020_S22_20211104_231500_5,0.04655909,1.0574132e-05,0.014296621,0.046885964,3.013048e-08,0.121782884,0.13767965,0.120561324,9.546948e-07,0.005736616,0.9504774,0.07802301,0.009681013,3.5649683e-09,2.2466418e-07,0.0007981153,0.013388182,0.00034527198,0.009034935,0.051345132,0.40818116,1.026412e-06,0.13993895,9.165313e-06,0.0002688563,2.7292037e-05,4.425882e-08,0.26689154,3.9808125e-05,0.07766985,1.1665478e-05,7.4833365e-06,4.4233983e-07,8.680049e-07,1.7345359e-07,1.903184e-08,5.3249636e-08,7.944289e-07,1.0760396e-05,3.000774e-08,1.1770451e-06,6.0120838e-06,6.0809396e-07,1.0114662e-05,1.6191098e-06,1.6191098e-06,1.3483166e-08,4.2209463e-06,3.1976093e-12,1.8791512e-06,1.6133667e-08,1.8149615e-08,1.8149615e-08,1.8580753e-08,2.5984965e-08,2.9062173e-08,0.001992792,0.0019820898,8.80598e-05,0.085119404,0.006212815,0.0016179697,2.8327886e-05,0.98364925,4.3875276e-05,1.1129892e-07,1.14075e-06,0.0064579644,0.002252898,0.017455472,1.996894e-05,0.00094527414,0.12025045,0.42873472,0.031139687,0.30638835,0.2576661,0.7151894,0.26289985,0.13739005,0.6103691,0.150282,0.92535293,0.09600243,0.37796912,0.3121984,0.35162148,0.82074714,0.38702124,0.49597347,0.44719318,0.32906714,0.22973487,0.0042269863,0.07684146,0.42912668,0.52097315,0.04827074,0.6130197,0.4647137,0.0009282187,0.1947566,0.6871039,0.82333773,0.6713574,0.42536026,0.10805241,0.061980814,0.7589178,0.18277808,0.166361,0.76199675,0.17899841,0.5651101,0.9430446,0.044481117,0.19419155,0.5000466,0.22146799,0.8258945,0.5377937,0.74766785,0.42425543,0.067446485,0.77674127,0.6787224,0.48341703,0.27755493,0.17088047,0.36659795,0.40843174,0.6543064,0.0030674802,0.37801328,0.49067143,0.31169254,0.054959677,0.6318372,0.6213605,0.09002406,0.109113395,0.00058028003,0.3515542,0.28571498,0.03191485,0.09141993,0.34141698,0.314944,0.002482933,0.44891012,0.3170528,0.27563706,0.45270216,0.1470098,0.5482949,0.18820556,0.18839578,0.19144152,0.024137843,0.53131944,1.8509479e-06,0.5967956,0.13610779,0.2721805,0.36925265,0.02467225,0.35199898,0.34981692,0.47979861,0.8519516,0.6652549,0.1588745,0.15521874,0.42385086,0.032521773,0.4603887,0.33561525,0.6141913,0.19538304,0.11143046,0.08306385,0.08782775,0.37025696,0.20168021,0.28805813,0.54232174,0.07887211,0.30787903,0.18331459,0.7528785,0.32630408,0.7228149,0.39258775,0.7090052,0.32144204,0.43622985,0.24779429,0.17025141,0.48332796,0.20661573,0.43231726,0.15996034,0.30888912,0.49140698,0.42274404,0.56868035,0.5335972,0.73488295,0.22868435,0.63058764,0.3176759,0.12772861,0.1819634,0.7538471,0.9280647,0.8861547,0.45326343,0.7534256,0.34550402,0.015276203,0.08221325,0.24901296,0.18520242,0.3096782,0.23984487,0.021287033,0.18626899,0.36507636,0.18200895,0.42070547,0.053046025,0.14523317,0.2356222,0.73947096
BC2026_Train_0020_S22_20211104_231500_10,0.046777807,1.3234159e-05,0.012873023,0.08974747,2.9547683e-08,0.1355395,0.15932609,0.24612251,1.3401267e-06,0.009851319,0.99121696,0.09679776,0.013256573,3.766807e-09,2.588218e-07,0.0021095318,0.014094397,0.0003733889,0.015484847,0.037907556,0.42836976,9.0493523e-07,0.16464902,1.3605415e-05,0.0004820253,3.3796056e-05,6.146449e-08,0.25045383,3.1877284e-05,0.11563024,9.408712e-06,7.68785e-06,5.2513644e-07,6.931825e-07,1.73132e-07,2.7961997e-08,7.285347e-08,8.5914075e-07,1.7094422e-05,5.1060887e-08,1.6520333e-06,7.131645e-06,8.7855443e-07,1.03279335e-05,2.3765385e-06,2.3765385e-06,2.3366916e-08,4.83214e-06,4.3132776e-12,3.0269061e-06,2.6545154e-08,2.9374448e-08,2.9374448e-08,3.013024e-08,3.9062694e-08,2.9589758e-08,0.001989967,0.016707415,8.355756e-05,0.08090314,0.02313892,0.001200083,0.0001438923,0.9886395,9.5940726e-05,1.608326e-07,1.0330867e-06,0.004489734,0.0026442534,0.016437318,2.0218915e-05,0.0010994095,0.1281866,0.3589674,0.025487956,0.2678049,0.20320567,0.64657015,0.27692366,0.17884147,0.6318641,0.1372694,0.8992802,0.12244866,0.3802279,0.3796545,0.42678916,0.8790215,0.33966208,0.38146597,0.557966,0.33572546,0.20472582,0.006559114,0.26817074,0.41983888,0.46082118,0.10815436,0.7174515,0.55596054,0.0016121133,0.1991779,0.6290173,0.7748566,0.5771342,0.39802137,0.13026948,0.053312793,0.7683478,0.19675721,0.1574636,0.6491089,0.27602935,0.7054423,0.90305036,0.049905382,0.19183509,0.46421176,0.1947665,0.73712415,0.4984742,0.6742798,0.43581054,0.06064454,0.6907912,0.5789656,0.37122133,0.3311778,0.15584016,0.37119493,0.29483175,0.73464966,0.005729689,0.42085782,0.428609,0.2817705,0.06695838,0.6224463,0.6132967,0.2661483,0.115539975,0.00071343227,0.44415066,0.30611208,0.04458461,0.10616109,0.3441801,0.474914,0.0011523529,0.36797035,0.33404404,0.33040226,0.42925128,0.17674685,0.6462085,0.22380948,0.26213616,0.16431744,0.022855999,0.50797933,3.0341885e-06,0.61026603,0.13059811,0.34107184,0.3321318,0.04680681,0.26395813,0.3716346,0.4552715,0.80668974,0.5977573,0.07787769,0.16874136,0.4773408,0.014854049,0.4681407,0.25119033,0.85266805,0.236226,0.116504766,0.06667994,0.093050934,0.32890493,0.20049863,0.2975283,0.5230794,0.06325284,0.17865342,0.16024996,0.6411406,0.30492628,0.71656984,0.79499334,0.6928219,0.29069406,0.3832984,0.18874383,0.15393534,0.2949489,0.1681191,0.4570829,0.15890951,0.30917835,0.50861335,0.401943,0.52903104,0.76106876,0.69695765,0.2513198,0.5899857,0.23708385,0.1761587,0.15936585,0.6650152,0.88729876,0.8417716,0.42143235,0.8045784,0.2746793,0.023041824,0.063195355,0.23319082,0.14772935,0.2596694,0.3626748,0.016958473,0.19179346,0.4490006,0.24748398,0.41536367,0.05106678,0.20419286,0.200904,0.6550595
BC2026_Train_0020_S22_20211104_231500_15,0.029067226,7.926858e-06,0.010487494,0.08037695,4.2541746e-08,0.16872856,0.09159348,0.1625719,5.4460605e-07,0.0101760095,0.95574725,0.045868833,0.015110617,3.5613863e-09,2.7422374e-07,0.0010805802,0.012193279,0.00040506382,0.008378795,0.04082211,0.4601466,7.7045945e-07,0.18167612,5.72245e-06,0.00018804576,2.9882334e-05,7.2345117e-09,0.25283042,2.1511012e-05,0.09515353,6.7318233e-06,4.8300253e-06,2.9752064e-07,6.5221616e-07,1.7331108e-07,1.7634584e-08,4.683171e-08,3.907265e-07,9.715822e-06,3.5579227e-08,1.0166798e-06,4.9116247e-06,4.358966e-07,7.73571e-06,1.5582575e-06,1.5582575e-06,1.4851795e-08,3.1356644e-06,2.6749176e-12,1.9192091e-06,1.805211e-08,1.9666809e-08,1.9666809e-08,1.784554e-08,2.8805525e-08,3.072132e-08,0.0019874224,0.025241267,0.00010166351,0.10197282,0.018288055,0.0014862635,4.7805224e-05,0.98868674,6.550879e-05,1.3073502e-06,7.0392065e-07,0.0064088874,0.0028977836,0.016376348,2.020791e-05,0.0011691116,0.12025981,0.44201714,0.009705663,0.3287951,0.2258947,0.709981,0.30385962,0.15174274,0.52161014,0.10612658,0.9240526,0.08143704,0.3728604,0.4014121,0.37279886,0.88381624,0.31433272,0.3354405,0.5164293,0.3613058,0.15976168,0.003611243,0.24498324,0.43770605,0.3238201,0.064436585,0.66689247,0.46566984,0.00067766535,0.13667369,0.66629636,0.76277024,0.6527361,0.36136308,0.09342792,0.0659954,0.6589458,0.18034106,0.16838172,0.7458912,0.24202271,0.6626218,0.9340366,0.041343883,0.18104595,0.4327448,0.2174648,0.62983596,0.50253564,0.59649926,0.27710608,0.048225224,0.7311396,0.40569675,0.4674188,0.29598966,0.13645408,0.46285424,0.29592043,0.7148739,0.0035384714,0.41267696,0.4212555,0.3243106,0.05146256,0.6338818,0.7093658,0.24060863,0.09412956,0.00018671996,0.35758182,0.3227631,0.053240586,0.10522443,0.27593315,0.6853856,0.0006818113,0.47459468,0.24295071,0.2893379,0.447632,0.20462124,0.32201302,0.2677022,0.21543361,0.14462693,0.021113537,0.492604,8.556374e-07,0.7442956,0.15257014,0.36267346,0.23195247,0.04884098,0.4246433,0.29490212,0.3756623,0.80741113,0.58627236,0.09088104,0.14448947,0.39548385,0.012904727,0.5122291,0.21281448,0.8792727,0.29529718,0.121608056,0.057806626,0.11619538,0.2936146,0.22581773,0.21271841,0.34815657,0.07009399,0.22874944,0.14383925,0.88452053,0.17992663,0.62543166,0.8057433,0.69014436,0.27432072,0.357593,0.15929615,0.13003801,0.38660166,0.2111274,0.50258183,0.12418905,0.3120241,0.45294192,0.477318,0.50580764,0.78318655,0.69234604,0.25671667,0.5991087,0.28382766,0.1411335,0.13706776,0.5632746,0.9951255,0.9324272,0.43317667,0.8149422,0.3153573,0.015197337,0.0712931,0.24833463,0.15423024,0.26026902,0.36968264,0.008742719,0.22534196,0.32263464,0.1320211,0.39944592,0.05917191,0.18330306,0.21591686,0.7038562
BC2026_Train_0020_S22_20211104_231500_20,0.043744072,1.0589194e-05,0.011295385,0.08803525,3.1471497e-08,0.17962435,0.05894298,0.14005493,1.4942807e-06,0.008567036,0.5253337,0.036524504,0.019294634,3.9520565e-09,2.507649e-07,0.0013105366,0.008485745,0.00046450112,0.00822965,0.056768507,0.4194374,8.606964e-07,0.18806228,1.5690162e-05,0.00042210327,3.0061788e-05,8.668493e-09,0.2680975,5.0835082e-05,0.10132561,9.281937e-06,7.966592e-06,3.96854e-07,8.620864e-07,1.7120836e-07,3.1900182e-08,7.960862e-08,5.258435e-07,1.6487473e-05,6.393778e-08,1.3239718e-06,6.805479e-06,6.460049e-07,1.2846436e-05,2.0496568e-06,2.0496568e-06,2.5657291e-08,3.4056618e-06,3.9732306e-12,2.1559313e-06,3.16489e-08,3.600604e-08,3.600604e-08,3.0568163e-08,5.2337132e-08,3.0949625e-08,0.0019858978,0.03624865,8.163736e-05,0.110810444,0.012950497,0.0016096435,0.0001769052,0.96487164,7.3306546e-05,1.12669255e-07,7.2510096e-07,0.009777236,0.0017967001,0.018259326,2.0314152e-05,0.0011828345,0.11748395,0.37548807,0.012143794,0.23478895,0.21663395,0.56442976,0.2514753,0.16908291,0.48339298,0.10082799,0.840732,0.13361964,0.37615877,0.27708432,0.30434513,0.7997598,0.3622303,0.29136917,0.555489,0.3553025,0.19033097,0.0063404553,0.3156872,0.45842853,0.33555856,0.057661258,0.6613347,0.5940912,0.0019513433,0.1827015,0.6529493,0.7766623,0.7113944,0.33068496,0.0937544,0.06964723,0.6294145,0.1847961,0.17541374,0.66997296,0.34206894,0.7153332,0.95229083,0.058366794,0.17749864,0.44924983,0.20501274,0.6238427,0.49440354,0.5545703,0.37839428,0.04846461,0.8248322,0.5506182,0.34505618,0.27529997,0.15624045,0.4067639,0.2935143,0.7236979,0.0036735628,0.37226707,0.32875532,0.24535933,0.065647684,0.4880543,0.5307741,0.17034507,0.08243073,0.00054587674,0.2844597,0.31272194,0.039675236,0.12500635,0.31748146,0.21676198,0.0016151667,0.3599237,0.17556976,0.29498923,0.33452892,0.19377254,0.38957846,0.22722676,0.19738363,0.13144785,0.014649697,0.45530164,7.113935e-07,0.73718655,0.14250618,0.26958653,0.2694189,0.036569007,0.2853192,0.30556217,0.40766233,0.77650976,0.5400691,0.06782898,0.15791638,0.309605,0.01484651,0.55240333,0.29380482,0.8385775,0.27125743,0.09654373,0.03963371,0.09060219,0.34103417,0.25954014,0.15925607,0.35198167,0.073930524,0.2273949,0.1585008,0.7114624,0.10113782,0.5102251,0.75867015,0.63292265,0.26932505,0.38589412,0.1690106,0.15958785,0.36340615,0.21115384,0.4499269,0.1203985,0.36682376,0.45567682,0.3789964,0.52659386,0.7626329,0.7488546,0.26498353,0.55456996,0.27362144,0.1400475,0.13873395,0.58436626,0.829973,0.60172933,0.3547709,0.8144603,0.34685814,0.018316478,0.058065474,0.3160766,0.14108518,0.3332809,0.33643317,0.010141326,0.15790413,0.31595066,0.14842571,0.39607692,0.04313227,0.15522347,0.21648376,0.64980024
BC2026_Train_0020_S22_20211104_231500_25,0.033177603,9.158115e-06,0.011627061,0.08696373,4.0462513e-08,0.18702932,0.06754296,0.09426197,1.2648006e-06,0.0051903175,0.345404,0.0707689,0.013772353,3.617491e-09,2.748988e-07,0.0014364967,0.008746928,0.000381131,0.006516131,0.035585564,0.3782296,8.1194327e-07,0.17378396,1.225402e-05,0.00030534744,2.7765554e-05,9.107522e-09,0.24731597,2.7261067e-05,0.09777501,8.990437e-06,8.8887755e-06,4.6169401e-07,8.302709e-07,1.7344867e-07,2.370379e-08,5.86041e-08,4.2851886e-07,1.2696908e-05,4.766455e-08,1.0652365e-06,5.828096e-06,4.5027517e-07,1.4310187e-05,2.0683724e-06,2.0683724e-06,1.79989e-08,3.9386778e-06,2.9790996e-12,2.1426717e-06,2.2655625e-08,2.5598288e-08,2.5598288e-08,2.048805e-08,3.7704364e-08,3.1026094e-08,0.0019837406,0.018446475,8.654365e-05,0.09066124,0.012834025,0.0019954562,5.0554172e-05,0.9292052,5.5143755e-05,7.6298295e-07,6.113929e-07,0.014825588,0.0022138164,0.017362418,2.0144162e-05,0.0011233243,0.1298416,0.48522368,0.031125207,0.36698848,0.2769015,0.68268657,0.40107626,0.1835099,0.5090285,0.10623153,0.79677075,0.10460292,0.33043215,0.31902942,0.5055081,0.86019534,0.32382149,0.400002,0.53421974,0.45552897,0.1794036,0.0050108507,0.23590359,0.42612943,0.39119682,0.05017338,0.668798,0.58045524,0.0011263335,0.16498375,0.56703776,0.73465973,0.5711294,0.37551087,0.10162707,0.06745686,0.68827534,0.20720226,0.17213579,0.7340142,0.30612573,0.5218336,0.89772063,0.06971865,0.14037482,0.505466,0.20833792,0.60481656,0.46288717,0.55981654,0.38186452,0.05166094,0.7457909,0.42501163,0.3787154,0.32257703,0.18908723,0.32426202,0.3575413,0.7106397,0.002735284,0.45417628,0.42087382,0.26521567,0.06395866,0.7452088,0.78908736,0.13298346,0.09097226,0.0004505433,0.3665739,0.2929323,0.04256327,0.10119044,0.26187345,0.21494804,0.001753399,0.35098043,0.2200585,0.27152285,0.3490816,0.2226185,0.42256463,0.27726886,0.22922711,0.20811442,0.031181097,0.424786,5.905385e-07,0.5540804,0.1577596,0.37209228,0.2393929,0.04493644,0.27440974,0.38852477,0.27163896,0.7705603,0.6036117,0.08354309,0.15111528,0.34484136,0.019059313,0.5073607,0.29024792,0.86656076,0.3159283,0.07429478,0.045181084,0.07258545,0.37540415,0.19760396,0.326083,0.39926496,0.08305778,0.21017346,0.1389356,0.7085067,0.119426094,0.43046665,0.5435376,0.63377666,0.37628692,0.3772952,0.21690671,0.15598221,0.40447223,0.20396441,0.4842,0.13125668,0.3698458,0.5593801,0.4667716,0.49139115,0.67820066,0.7137264,0.246892,0.5054449,0.2770699,0.16549224,0.21394385,0.72771555,0.9957292,0.53200936,0.321251,0.78432137,0.38224638,0.011876996,0.063596815,0.27303272,0.18244043,0.29885387,0.34808066,0.012582278,0.29933137,0.3490447,0.13081086,0.4132621,0.062492132,0.14421064,0.23352258,0.6089637
BC2026_Train_0020_S22_20211104_231500_30,0.045228545,1.7396344e-05,0.013355697,0.08896598,4.596662e-08,0.15985595,0.060362644,0.08571981,9.636818e-07,0.0105646,0.6501835,0.0662889,0.014681754,3.6613597e-09,2.941915e-07,0.0020750097,0.006846835,0.00040410232,0.008584134,0.03750368,0.3494345,1.3676398e-06,0.19157255,1.3696028e-05,0.00026191503,3.3282766e-05,1.4293213e-08,0.23939984,2.84348e-05,0.07584496,8.616744e-06,7.1196528e-06,5.4077077e-07,1.2101692e-06,1.7321985e-07,3.0872297e-08,6.900872e-08,4.3461338e-07,1.9425965e-05,6.087961e-08,1.459848e-06,8.308493e-06,6.6491793e-07,1.1772754e-05,2.553191e-06,2.553191e-06,2.4269932e-08,4.4625112e-06,3.7915205e-12,2.1809226e-06,2.9617405e-08,3.3091833e-08,3.3091833e-08,2.7403695e-08,4.7854826e-08,3.388522e-08,0.001978302,0.01960492,0.0001369498,0.12317355,0.013756792,0.0011988629,0.00020747345,0.42269123,0.00011311904,2.3357916e-06,7.084192e-07,0.009913721,0.0044737724,0.015905805,2.0301175e-05,0.0012337896,0.14279598,0.56254005,0.028714215,0.4453241,0.2533744,0.65598226,0.34847683,0.114859276,0.4431144,0.11520007,0.8155401,0.12597972,0.4097608,0.25390568,0.44000006,0.7448557,0.2949524,0.24587327,0.51136464,0.40555152,0.13370852,0.0050613964,0.40591848,0.45857692,0.23279086,0.07233764,0.6215152,0.5470698,0.0007876849,0.28949565,0.59445214,0.56535876,0.54664797,0.37471044,0.104915634,0.10641796,0.49033725,0.1660946,0.11053233,0.73069763,0.3215322,0.6250605,0.3740924,0.046148244,0.18531646,0.6935484,0.255736,0.60424256,0.48332545,0.5910559,0.34140843,0.057748433,0.84235233,0.41135797,0.45571375,0.34225038,0.17318727,0.62421745,0.3305109,0.71160007,0.0071782,0.3002371,0.3952033,0.26624623,0.07683594,0.6845839,0.7289589,0.14966945,0.12752086,0.0006295173,0.3223725,0.34936583,0.034319885,0.16612655,0.29097846,0.4045994,0.0019018864,0.42708367,0.20625876,0.32321855,0.306554,0.22085184,0.46903533,0.23644781,0.23476239,0.14593287,0.02085634,0.4159171,1.5026745e-06,0.5727946,0.14276825,0.29153365,0.22280948,0.04344468,0.49366158,0.32825646,0.22655676,0.7380417,0.6660649,0.091297984,0.15647845,0.3759668,0.018108472,0.55434775,0.31576356,0.8221876,0.29226756,0.09303082,0.057081457,0.14326087,0.31037292,0.18746555,0.28400967,0.26175922,0.06281152,0.2573141,0.15131176,0.9689365,0.07590372,0.57919496,0.8346352,0.74195343,0.37914422,0.3501446,0.195788,0.12190535,0.3233732,0.24987313,0.55829537,0.107612036,0.19412841,0.45745847,0.41816375,0.5678352,0.808438,0.6986751,0.25025526,0.5981435,0.26845643,0.14251202,0.19473058,0.5421187,0.9956721,0.8751051,0.60873246,0.8623834,0.4163227,0.010071632,0.0826219,0.3245394,0.14971456,0.57274985,0.48483592,0.009718492,0.26808012,0.35042077,0.11371549,0.40604708,0.05263174,0.15517938,0.21870604,0.5288484
BC2026_Train_0020_S22_20211104_231500_35,0.037339985,1.5701453e-05,0.013571632,0.08402899,3.0258256e-08,0.20061912,0.1373564,0.100323096,1.4830231e-06,0.0136674885,0.76152253,0.083026655,0.017666496,3.80802e-09,2.643004e-07,0.001768744,0.009349548,0.0003904113,0.008639589,0.050446182,0.32529113,1.192217e-06,0.22976704,6.9100815e-06,0.00036288647,3.785907e-05,1.5834965e-08,0.27102068,2.2919583e-05,0.076495714,6.2836134e-06,3.6901863e-06,3.526331e-07,9.542524e-07,1.7265883e-07,1.8245377e-08,4.3836774e-08,2.952539e-07,1.2568489e-05,3.97263e-08,7.7823205e-07,4.9573123e-06,3.499084e-07,5.5161736e-06,1.4598712e-06,1.4598712e-06,1.5858806e-08,3.113836e-06,3.1257484e-12,1.3159503e-06,1.841981e-08,2.1487876e-08,2.1487876e-08,1.6965906e-08,2.9154874e-08,2.9921242e-08,0.0019841362,0.015464847,0.000114037735,0.10567368,0.015474057,0.0014182198,5.746012e-05,0.5688575,0.00012345762,1.6006987e-07,8.21854e-07,0.0056333295,0.0027675275,0.018828807,2.0213174e-05,0.0012745701,0.123929456,0.37029108,0.016135447,0.2523446,0.24011405,0.6211056,0.3081428,0.1615007,0.5905982,0.100434124,0.7953249,0.113449536,0.44874027,0.2935971,0.53985626,0.790193,0.34864876,0.23032294,0.54537755,0.44248736,0.14379607,0.0036628335,0.36912164,0.5064059,0.23790471,0.0667775,0.63368905,0.45425165,0.0005750292,0.31886956,0.5675014,0.7438509,0.62198615,0.33034015,0.1051881,0.10565453,0.47288513,0.17179611,0.16134804,0.73714334,0.30144933,0.5874748,0.3596269,0.058895085,0.208787,0.76908845,0.19713657,0.59986913,0.50566137,0.5453412,0.33938378,0.06806818,0.79360807,0.4377864,0.3068456,0.28068447,0.16403364,0.561429,0.30815873,0.7138172,0.0055787503,0.26102835,0.3281166,0.24190989,0.069217764,0.61080605,0.5933464,0.08335311,0.12574257,0.00044449576,0.30931017,0.29420593,0.036335662,0.15934934,0.26493677,0.4528798,0.0013515037,0.3905828,0.28345525,0.32148808,0.34866992,0.20958099,0.38986605,0.21621394,0.15957029,0.17270868,0.023537958,0.45734122,1.10189e-06,0.5701547,0.16301067,0.28632033,0.24407257,0.027319932,0.43171695,0.33681753,0.28255868,0.7498364,0.7805369,0.080963895,0.1413391,0.2908968,0.01739689,0.56878567,0.21114825,0.7806503,0.23894744,0.08144277,0.03064408,0.113805965,0.29453695,0.18870232,0.20858696,0.24172987,0.063396096,0.28104904,0.18353443,0.99128824,0.11530293,0.70367056,0.8055675,0.6605848,0.35092163,0.38885677,0.24628428,0.13067596,0.4452019,0.2990963,0.47945198,0.1661469,0.2326874,0.40625983,0.44820017,0.5015056,0.7252195,0.6917211,0.24625076,0.5659247,0.27883807,0.09709202,0.21502352,0.4901549,0.79832184,0.5037778,0.58953357,0.70365167,0.33132905,0.011816565,0.067927994,0.27383712,0.21883889,0.7025878,0.30252263,0.010666778,0.17896539,0.32182404,0.13403678,0.48710558,0.044435833,0.17307557,0.24072975,0.62966293
BC2026_Train_0020_S22_20211104_231500_40,0.045972485,2.1746979e-05,0.014211767,0.116991974,3.832417e-08,0.15788093,0.114409395,0.1277586,1.9583422e-06,0.013835279,0.85460025,0.13431004,0.010364522,3.736551e-09,2.6585334e-07,0.0021676873,0.009110031,0.000394908,0.007898594,0.037094712,0.3957139,1.3530113e-06,0.10671072,1.0776253e-05,0.00048790357,3.004208e-05,2.0309185e-08,0.23412137,4.3165448e-05,0.077040255,9.761206e-06,5.1326915e-06,5.260929e-07,1.4408452e-06,1.778774e-07,2.129834e-08,4.835101e-08,4.1864612e-07,1.6558834e-05,4.6102805e-08,9.628011e-07,7.574061e-06,6.203077e-07,7.3004176e-06,2.5252193e-06,2.5252193e-06,1.8137413e-08,3.7198106e-06,4.0829384e-12,1.8099315e-06,2.0806866e-08,2.3854259e-08,2.3854259e-08,2.0427533e-08,3.2757313e-08,3.155525e-08,0.0019656455,0.0021623846,0.00012489686,0.106699035,0.01572491,0.0015837387,2.3155353e-05,0.9258478,0.0001004215,7.2205216e-07,6.247547e-07,0.0073144124,0.002586125,0.015557924,1.9960566e-05,0.00095454673,0.15183659,0.32943815,0.020741634,0.23968579,0.27769592,0.6383253,0.24711962,0.1160631,0.54595727,0.101213664,0.8756556,0.10291839,0.40525144,0.27751434,0.25964603,0.5812452,0.30216223,0.27736947,0.5046826,0.47761953,0.122398555,0.006594448,0.058179066,0.45408583,0.32726273,0.07862724,0.4525151,0.29595178,0.00090848963,0.31948265,0.6246701,0.80835253,0.6312147,0.38612175,0.09389964,0.10325344,0.6303985,0.17581533,0.14085272,0.75599027,0.26260036,0.6919077,0.76927507,0.041624427,0.21555313,0.7564368,0.22307731,0.61302334,0.44863033,0.61298335,0.2565846,0.053658996,0.7828759,0.47637504,0.3673429,0.34211713,0.15696315,0.5416879,0.3967522,0.70223796,0.009853837,0.3690499,0.46567208,0.29191962,0.058730382,0.6572855,0.7230535,0.11264312,0.16419414,0.00013383981,0.36473095,0.2763378,0.043225646,0.09847827,0.25786114,0.6335041,0.0013023686,0.35689119,0.33449033,0.21565256,0.3414625,0.14853095,0.4120285,0.21310107,0.18607527,0.22256565,0.024627803,0.34090197,2.0385264e-06,0.4688624,0.1538325,0.32005447,0.26571426,0.02243446,0.3287898,0.37503642,0.27593526,0.7885141,0.84925747,0.05572382,0.17940743,0.40412796,0.019435912,0.4986991,0.16656359,0.4736497,0.22441131,0.11506757,0.03198639,0.113141105,0.302639,0.20253986,0.30935675,0.30145583,0.04111445,0.25379226,0.14646098,0.99167484,0.10270703,0.6566095,0.49629834,0.7099593,0.3144011,0.40354002,0.20298503,0.13235742,0.47903976,0.22948149,0.57320565,0.16740991,0.3768751,0.45762962,0.43320823,0.5180754,0.44478992,0.7157676,0.26874104,0.37719312,0.20682125,0.06520815,0.21817829,0.5866327,0.98153675,0.41345686,0.57623065,0.7176927,0.33164334,0.011157493,0.07991304,0.3159347,0.23526387,0.69418037,0.2501054,0.013904457,0.3034147,0.32077074,0.19248034,0.41206414,0.04973834,0.13640171,0.271448,0.5513304
BC2026_Train_0020_S22_20211104_231500_45,0.06939248,1.8475715e-05,0.016730214,0.063565046,2.9738212e-08,0.17075911,0.12863424,0.17002368,3.2949818e-06,0.010142328,0.95915294,0.15739599,0.012565886,3.3936254e-09,2.6648414e-07,0.0013594696,0.010432979,0.00038956216,0.007951075,0.034399368,0.35429803,1.6466715e-06,0.109240256,1.0802892e-05,0.0005772931,2.9141853e-05,1.3930922e-08,0.20300199,2.2649485e-05,0.075222045,8.073698e-06,3.4968036e-06,4.5344677e-07,9.77041e-07,1.7659836e-07,1.7061954e-08,4.0708162e-08,6.217842e-07,1.1187404e-05,3.6036415e-08,8.783789e-07,4.828407e-06,5.254193e-07,4.613835e-06,2.0383352e-06,2.0383352e-06,1.5800595e-08,3.042494e-06,3.771819e-12,1.7940162e-06,1.8130562e-08,2.0307743e-08,2.0307743e-08,1.7110281e-08,2.6135982e-08,3.10485e-08,0.001966373,0.0017929232,0.0001302998,0.087832935,0.0155420825,0.0012631596,1.7873153e-05,0.96012354,0.00010051217,9.078534e-08,7.4103065e-07,0.0063384557,0.001711918,0.013947615,2.0102156e-05,0.0009412077,0.14476144,0.31957242,0.035682246,0.27598423,0.20466214,0.6768503,0.34541962,0.14809752,0.5941436,0.11167532,0.90961593,0.14568155,0.37871602,0.2971302,0.26205453,0.5645293,0.35783425,0.5487159,0.39024863,0.45163304,0.18709785,0.0065437797,0.060239222,0.5536346,0.43118784,0.09936459,0.673897,0.34010503,0.00092882855,0.3151425,0.5301544,0.9479802,0.48939198,0.46519783,0.1115506,0.06061012,0.73789996,0.23895648,0.19460988,0.72313726,0.23128577,0.75410306,0.9234515,0.065335386,0.25229478,0.8775132,0.2347956,0.6729139,0.5197022,0.60601974,0.5188459,0.062374204,0.75772685,0.61681724,0.42447433,0.2806143,0.1317043,0.5569727,0.4369796,0.7186518,0.006948977,0.4319112,0.5702298,0.23850246,0.072752826,0.6708827,0.66423887,0.18094629,0.1143222,0.00010888047,0.35878783,0.26027164,0.054742,0.105769046,0.30292913,0.7019496,0.001569262,0.35957837,0.33652782,0.19773057,0.31099388,0.14062858,0.46515188,0.2287977,0.16814193,0.16891605,0.03515507,0.41446322,1.9335178e-06,0.49784958,0.14075094,0.26755738,0.26267263,0.021725591,0.37862727,0.44110864,0.35925847,0.7013492,0.8660825,0.07775887,0.1397288,0.3821089,0.021871772,0.5591023,0.23705885,0.49263698,0.22228485,0.10489486,0.03924713,0.07563434,0.34538466,0.19279984,0.36729005,0.51324886,0.057594404,0.2940321,0.16405818,0.9920871,0.29465127,0.7248999,0.5567194,0.7935218,0.31759638,0.40810633,0.20423515,0.14920254,0.41955537,0.26158115,0.48484525,0.13161169,0.39576775,0.3982418,0.39343485,0.5052638,0.44012028,0.7062271,0.26351973,0.44277528,0.20244022,0.071607396,0.22102925,0.747334,0.74335474,0.29107672,0.5588563,0.75641245,0.2563563,0.014116585,0.0818588,0.2548678,0.328451,0.68777996,0.3832967,0.015447499,0.18758427,0.40252346,0.24057087,0.45190158,0.064269,0.16155869,0.24269578,0.7382359
BC2026_Train_0020_S22_20211104_231500_50,0.033083178,6.7623414e-06,0.012214086,0.0751282,2.8243957e-08,0.13995002,0.2847686,0.09991593,1.5756577e-06,0.009064905,0.9876294,0.07765806,0.015497275,3.7200492e-09,2.3580387e-07,0.0008598316,0.017247578,0.00034940636,0.0053982283,0.043481305,0.49199525,1.513504e-06,0.16346434,2.0576615e-05,0.0005546116,3.3469863e-05,1.1717098e-08,0.23390195,3.0818803e-05,0.07160156,9.46262e-06,5.1164147e-06,2.4445868e-07,8.913148e-07,1.8026263e-07,1.819195e-08,5.044925e-08,5.005575e-07,8.837346e-06,3.817096e-08,9.925292e-07,3.6249128e-06,8.096777e-07,6.8260492e-06,1.1940994e-06,1.1940994e-06,1.5711588e-08,2.1796948e-06,3.0878017e-12,1.7231317e-06,2.0729194e-08,2.2238417e-08,2.2238417e-08,2.0597351e-08,3.0536548e-08,2.871722e-08,0.0019701885,0.0026597928,7.85671e-05,0.07253597,0.011987017,0.0011807914,4.372674e-05,0.97223896,0.00012287128,3.0902916e-07,6.7849544e-07,0.0071619363,0.0025634535,0.016429024,1.9955442e-05,0.0010329253,0.12249323,0.3381339,0.09254029,0.26178357,0.22947904,0.69904923,0.30202797,0.13082434,0.43609416,0.13833368,0.9413937,0.115386724,0.34171322,0.32160428,0.42984655,0.67996097,0.43530336,0.5661415,0.47797275,0.3836742,0.19389865,0.008341184,0.10173215,0.5339508,0.44338217,0.044987705,0.63633037,0.42423284,0.0010718984,0.1571386,0.5684865,0.97262645,0.50310415,0.4904109,0.12047269,0.05471703,0.75945544,0.18175228,0.21939012,0.7768351,0.27314717,0.6620872,0.8289589,0.0766256,0.24743932,0.8549105,0.22883849,0.7930249,0.60391766,0.6497134,0.45268953,0.08296617,0.7609444,0.6059207,0.3762103,0.30825278,0.1814201,0.54003555,0.3732666,0.7605183,0.003951772,0.36372045,0.5318708,0.23606071,0.07269869,0.68709344,0.75779873,0.07818837,0.09352583,0.00038594153,0.37420753,0.30156597,0.047418386,0.148503,0.3160783,0.46558332,0.0019924834,0.40072578,0.33557287,0.22485092,0.43609256,0.14400132,0.43153578,0.20886832,0.1874424,0.17638989,0.023582619,0.4047313,8.358584e-07,0.5411573,0.1315043,0.36226016,0.3698874,0.022887174,0.48549792,0.24644856,0.3026315,0.8240334,0.62372965,0.076893814,0.12222024,0.51902074,0.01727676,0.8117078,0.46206048,0.49874666,0.27172884,0.122077145,0.1093918,0.075680114,0.4007885,0.17823292,0.31239203,0.43005687,0.08898673,0.2760834,0.17914967,0.8660401,0.46291083,0.7520358,0.40889367,0.7521524,0.3649397,0.40786788,0.20990732,0.16468534,0.31621325,0.28644323,0.32232958,0.103863314,0.254121,0.44643912,0.35060596,0.50531185,0.37220278,0.55315197,0.24100716,0.45086017,0.29824367,0.13325642,0.25012034,0.7011105,0.6080166,0.8938403,0.31707573,0.80987936,0.28447694,0.011117793,0.08163382,0.21010633,0.24131751,0.39479935,0.21376084,0.011101985,0.22400238,0.3267852,0.24747705,0.4156978,0.052471086,0.12166268,0.24848993,0.7817178
BC2026_Train_0020_S22_20211104_231500_55,0.056371056,9.749572e-06,0.017926393,0.06124595,3.4045257e-08,0.17768979,0.24503577,0.1478872,3.1806437e-06,0.00708161,0.9849218,0.075525105,0.018749414,3.917617e-09,2.2620583e-07,0.0018609517,0.014035271,0.0003943653,0.0118946945,0.045455698,0.473072,6.2793697e-07,0.186153,8.4718495e-06,0.0007520884,2.8334685e-05,2.8455181e-08,0.22434561,4.3381242e-05,0.08407241,7.78423e-06,5.2118367e-06,2.2781377e-07,9.879807e-07,1.7823629e-07,2.2022649e-08,5.89652e-08,4.4613552e-07,1.1075397e-05,4.4192326e-08,9.870909e-07,5.0399676e-06,6.960776e-07,7.435785e-06,9.887325e-07,9.887325e-07,1.9316644e-08,2.278867e-06,3.5586208e-12,1.7040667e-06,2.5367362e-08,2.8766737e-08,2.8766737e-08,2.3806171e-08,3.7697713e-08,3.2276017e-08,0.0019810149,0.014763683,9.097444e-05,0.1046361,0.021920538,0.0013796831,4.2853746e-05,0.99519515,0.00018734895,6.4201595e-07,1.102404e-06,0.007934416,0.004350661,0.019465335,2.0029349e-05,0.0011741449,0.12583369,0.39652076,0.095263705,0.2920377,0.22008176,0.6517688,0.29055122,0.16803434,0.47153267,0.1399738,0.9399421,0.09084666,0.38469362,0.32204115,0.43683314,0.8214111,0.34605,0.49500766,0.5252831,0.4484782,0.22873668,0.0108975675,0.17074668,0.45677304,0.5478312,0.04830493,0.6647891,0.3995233,0.0011372188,0.14922822,0.53346306,0.98021007,0.48436505,0.51481587,0.10273023,0.067822985,0.6929121,0.19506744,0.17828225,0.73630625,0.24157369,0.63268036,0.9524615,0.06200399,0.22883049,0.831883,0.21804,0.74270254,0.5277672,0.67094064,0.35949922,0.0593344,0.7056308,0.58445257,0.6309463,0.3638226,0.1917866,0.4988133,0.3334393,0.71634865,0.0021298765,0.3729945,0.4128404,0.26852882,0.08196139,0.69533664,0.70962375,0.19186051,0.10744719,0.0006278144,0.35570854,0.3312597,0.047249995,0.14585812,0.29420587,0.47492334,0.0019020421,0.39442372,0.24142303,0.27992058,0.35346842,0.18187013,0.49073136,0.25947145,0.18063779,0.14368725,0.016683262,0.5120982,1.5021526e-06,0.6935135,0.20006683,0.29137534,0.30632725,0.035422206,0.4734271,0.39312777,0.46217725,0.8254501,0.5883585,0.11190466,0.1666346,0.4614028,0.020397592,0.78952825,0.36665672,0.91606927,0.27650252,0.11167477,0.060351584,0.10210426,0.29997128,0.19040085,0.25498813,0.4946892,0.06835185,0.2544959,0.16882627,0.8697758,0.1829113,0.7470661,0.7063245,0.6970398,0.301756,0.37184185,0.14612228,0.15642902,0.33748853,0.24413265,0.39403483,0.11311224,0.28282484,0.46938744,0.3764715,0.47648937,0.63304037,0.6497895,0.41034505,0.5082126,0.29687908,0.07971923,0.22851813,0.69489616,0.9811021,0.47927225,0.38388908,0.8303304,0.40295434,0.011397292,0.065212175,0.27514097,0.1781185,0.31666562,0.32045355,0.013443677,0.23361817,0.4033908,0.14164762,0.41681623,0.055981513,0.11859242,0.23242593,0.6697838
BC2026_Train_0020_S22_20211104_231500_60,0.031321418,1.3679183e-05,0.01692657,0.06224865,3.4017752e-08,0.19552024,0.14261323,0.15940918,3.4701982e-06,0.007973307,0.98700947,0.093945175,0.013334946,4.308632e-09,2.426765e-07,0.0021542234,0.009991832,0.00047410137,0.011902759,0.0451046,0.4737895,9.3805494e-07,0.20756361,3.147928e-05,0.0005794233,3.922498e-05,2.1843393e-08,0.2557746,3.817867e-05,0.13783452,1.0190355e-05,6.5407503e-06,2.6832305e-07,1.0650622e-06,1.7661874e-07,2.0930523e-08,5.4579562e-08,4.4838345e-07,1.0422936e-05,4.705731e-08,9.1657387e-07,5.0811577e-06,5.9248254e-07,9.666291e-06,1.3002849e-06,1.3002849e-06,1.7667979e-08,2.4513483e-06,3.4833404e-12,1.5147544e-06,2.3388967e-08,2.5762548e-08,2.5762548e-08,2.2562885e-08,3.609416e-08,2.8359391e-08,0.001984712,0.0138936965,8.289092e-05,0.096145384,0.019477578,0.0015456956,6.097495e-05,0.9944846,0.0002984719,9.267694e-08,2.7880076e-06,0.0056781196,0.0025207796,0.029442972,2.0101705e-05,0.001241071,0.13732387,0.30625647,0.08968339,0.16913873,0.2590778,0.6262341,0.2219796,0.15329395,0.5801113,0.14864878,0.9379448,0.12556256,0.46703508,0.32366946,0.5396813,0.8310392,0.3873718,0.43889415,0.56590056,0.38805944,0.249861,0.0056154393,0.23440664,0.4623332,0.48462537,0.08641573,0.69067883,0.5486755,0.0014783327,0.24493623,0.5975909,0.97248894,0.5596676,0.39248112,0.12475503,0.06478898,0.7183592,0.20671807,0.1715628,0.67885655,0.2973823,0.61935186,0.9656282,0.07593189,0.18012792,0.7765636,0.2172642,0.79341364,0.5605907,0.7125197,0.40195683,0.04837112,0.7169677,0.54421175,0.3893704,0.2823372,0.15278266,0.3917657,0.38598922,0.7059395,0.00692842,0.31595895,0.49092633,0.26610675,0.076022275,0.65908235,0.5839731,0.19735703,0.10035702,0.0013948319,0.34129098,0.2851912,0.058189742,0.16259648,0.30917355,0.32005978,0.0016005972,0.31037349,0.34423473,0.27856925,0.41297746,0.194884,0.316753,0.19475771,0.15846685,0.15473586,0.016048666,0.5066447,1.331756e-06,0.65722066,0.1677738,0.38662386,0.34650463,0.04156303,0.45020118,0.36417142,0.52553016,0.84981,0.61860466,0.07426978,0.16478677,0.43818486,0.020262673,0.84111303,0.2751685,0.8792431,0.32910356,0.12586184,0.064709775,0.10146665,0.45796335,0.21589907,0.22701792,0.54974276,0.088211045,0.2714425,0.18337967,0.756461,0.23930742,0.7266015,0.46634087,0.623973,0.35588542,0.38359162,0.14517869,0.15272415,0.43058276,0.22746968,0.40333712,0.16310528,0.26177347,0.464466,0.3610637,0.5234762,0.6265645,0.71370465,0.2570224,0.5783026,0.37139758,0.12805453,0.31905124,0.7644848,0.86767495,0.4715411,0.34285766,0.86982197,0.3801593,0.016781345,0.07684553,0.24899326,0.21710575,0.29991397,0.18475255,0.016968144,0.24482839,0.34888583,0.17217985,0.44329476,0.049161952,0.16616786,0.2574256,0.7170828
